Avg Wait Express,Avg Wait Reguler,Avg Queue Length,Processed Express,Processed Reguler,Total Paket,Utilisasi,Scenario,Iteration
0.024269309125746902,0.0285793383648237,0.09619565217391304,540,1298,1838,0.4,Skenario 1 - Normal,1
0.021388297800092236,0.028201808720711503,0.08946830265848671,571,1385,1956,0.4,Skenario 1 - Normal,2
0.031155965566043674,0.046457472459180096,0.16890495867768596,563,1371,1934,0.4,Skenario 1 - Normal,3
0.03770508059510577,0.055762854706070966,0.18838383838383838,592,1388,1980,0.4,Skenario 1 - Normal,4
0.02560029799724746,0.045408776646185825,0.1649016641452345,576,1407,1983,0.4,Skenario 1 - Normal,5
0.025148861470096578,0.03837325798104845,0.13912579957356078,550,1324,1874,0.4,Skenario 1 - Normal,6
0.029536660885711722,0.04189127035969085,0.13849394418114797,532,1367,1899,0.4,Skenario 1 - Normal,7
0.01852445984810277,0.042230114610574646,0.14052953156822812,648,1316,1964,0.4,Skenario 1 - Normal,8
0.022110068354451683,0.03690771210989125,0.12832550860719874,576,1340,1916,0.4,Skenario 1 - Normal,9
0.02394440543464909,0.03258742451100897,0.09959141981613892,618,1340,1958,0.4,Skenario 1 - Normal,10
0.021963797294430723,0.03529219552501375,0.11208677685950413,569,1366,1935,0.4,Skenario 1 - Normal,11
0.03096747142147425,0.04041236359268853,0.13350383631713555,610,1345,1955,0.4,Skenario 1 - Normal,12
0.03000958994400835,0.055599826379853896,0.19238790406673617,555,1363,1918,0.4,Skenario 1 - Normal,13
0.02307055147122159,0.030931359452604792,0.09686147186147186,595,1253,1848,0.4,Skenario 1 - Normal,14
0.026808190698888176,0.03533971857753754,0.12533912099837222,566,1277,1843,0.4,Skenario 1 - Normal,15
0.028302768565650588,0.056181172483740466,0.19169329073482427,563,1315,1878,0.4,Skenario 1 - Normal,16
0.027549051791655427,0.045635417650981336,0.1633879781420765,540,1289,1829,0.4,Skenario 1 - Normal,17
0.018710728434517807,0.03670401990384889,0.1175531914893617,560,1320,1880,0.4,Skenario 1 - Normal,18
0.03031261910311057,0.04043266293723422,0.1419656786271451,584,1338,1922,0.4,Skenario 1 - Normal,19
0.029099724807188018,0.045178145691802354,0.18706118355065196,589,1404,1993,0.4,Skenario 1 - Normal,20
0.0248703812225194,0.04643836876623107,0.16928069226608977,570,1278,1848,0.4,Skenario 1 - Normal,21
0.016493456491276096,0.03726731418336673,0.13088463528194516,597,1336,1933,0.4,Skenario 1 - Normal,22
0.02285040886619262,0.053206843671638374,0.18610679108346292,604,1325,1929,0.4,Skenario 1 - Normal,23
0.024901259462764242,0.042835478974837984,0.16038236856080723,567,1314,1881,0.4,Skenario 1 - Normal,24
0.018259840198019954,0.034104347673361075,0.09238845144356955,535,1368,1903,0.4,Skenario 1 - Normal,25
0.022996147033852374,0.030445980263370358,0.09924487594390508,559,1293,1852,0.4,Skenario 1 - Normal,26
0.025687746201714205,0.044413300121969125,0.1497867803837953,589,1286,1875,0.4,Skenario 1 - Normal,27
0.02389089457489727,0.03415111463367397,0.10914127423822714,532,1273,1805,0.4,Skenario 1 - Normal,28
0.027972631186187043,0.044159918976581676,0.16910994764397905,567,1342,1909,0.4,Skenario 1 - Normal,29
0.03372265255474323,0.06254269746188373,0.2183206106870229,615,1349,1964,0.4,Skenario 1 - Normal,30
0.025125729214671044,0.04334244281287297,0.15498938428874734,571,1312,1883,0.4,Skenario 1 - Normal,31
0.030889851221778085,0.04915553937992047,0.17703349282296652,569,1311,1880,0.4,Skenario 1 - Normal,32
0.023171730251190164,0.04340794164884427,0.1443661971830986,603,1385,1988,0.4,Skenario 1 - Normal,33
0.0219196048975489,0.04036871214747249,0.13423517169614985,571,1351,1922,0.4,Skenario 1 - Normal,34
0.017815532785927568,0.038219858908481376,0.12154989384288747,568,1316,1884,0.4,Skenario 1 - Normal,35
0.025679544194111132,0.04351971245774665,0.1648,594,1280,1874,0.4,Skenario 1 - Normal,36
0.029216029671611334,0.04079484018875039,0.149873417721519,617,1356,1973,0.4,Skenario 1 - Normal,37
0.028344957504979514,0.05509279153591055,0.2155440414507772,585,1344,1929,0.4,Skenario 1 - Normal,38
0.03014069207988911,0.034370844381999416,0.12048832271762208,553,1331,1884,0.4,Skenario 1 - Normal,39
0.02548056527126639,0.04001880289141919,0.13815789473684212,567,1408,1975,0.4,Skenario 1 - Normal,40
0.02123894483081859,0.04811330070664821,0.16502335236118318,566,1361,1927,0.4,Skenario 1 - Normal,41
0.029573712118014402,0.03241967034660507,0.11412193850964043,577,1340,1917,0.4,Skenario 1 - Normal,42
0.019760631190974234,0.03632015707511342,0.11213517665130568,582,1370,1952,0.4,Skenario 1 - Normal,43
0.01827823849048483,0.0313552357251135,0.09489427539969056,564,1374,1938,0.4,Skenario 1 - Normal,44
0.015908383103613737,0.05426266896620014,0.21468926553672316,577,1368,1945,0.4,Skenario 1 - Normal,45
0.020683964612149414,0.041296514579252236,0.12187159956474429,545,1293,1838,0.4,Skenario 1 - Normal,46
0.024823687078493625,0.059755788192710095,0.2,600,1354,1954,0.4,Skenario 1 - Normal,47
0.025824776446846647,0.04441380405532084,0.15380521554018095,562,1315,1877,0.4,Skenario 1 - Normal,48
0.023208259633118605,0.03162667775240844,0.09090909090909091,517,1286,1803,0.4,Skenario 1 - Normal,49
0.018233552832335447,0.028289304301180426,0.08450704225352113,609,1237,1846,0.4,Skenario 1 - Normal,50
0.02336812235080855,0.04696983799285507,0.17042475091767173,575,1332,1907,0.4,Skenario 1 - Normal,51
0.03177804594191757,0.04922946157068933,0.1835,571,1428,1999,0.4,Skenario 1 - Normal,52
0.023809675222522392,0.039952033236355766,0.13149847094801223,609,1353,1962,0.4,Skenario 1 - Normal,53
0.02028239819862829,0.034544063269766355,0.12565997888067582,562,1331,1893,0.4,Skenario 1 - Normal,54
0.022066145014002773,0.04051054475681938,0.12709205020920503,563,1347,1910,0.4,Skenario 1 - Normal,55
0.020172345254501838,0.044817203169130716,0.158004158004158,563,1361,1924,0.4,Skenario 1 - Normal,56
0.01676860546405165,0.0497123781386307,0.16020671834625322,573,1361,1934,0.4,Skenario 1 - Normal,57
0.026921168133509133,0.042816213448750154,0.14881565396498456,561,1380,1941,0.4,Skenario 1 - Normal,58
0.02679876409927802,0.039206397367093956,0.12592202318229714,569,1329,1898,0.4,Skenario 1 - Normal,59
0.02666840554036936,0.04114225541543701,0.15716486902927582,581,1366,1947,0.4,Skenario 1 - Normal,60
0.02228618290181357,0.04109791987576752,0.15457914240338805,545,1344,1889,0.4,Skenario 1 - Normal,61
0.02427940297632064,0.043605216872858635,0.13916710595677384,590,1307,1897,0.4,Skenario 1 - Normal,62
0.025965659751241696,0.04603281597608245,0.15025906735751296,572,1358,1930,0.4,Skenario 1 - Normal,63
0.03608476467553362,0.05443043699650991,0.20430107526881722,603,1349,1952,0.4,Skenario 1 - Normal,64
0.018058377148130626,0.03287000816741283,0.1126461211477152,532,1350,1882,0.4,Skenario 1 - Normal,65
0.02947785325064929,0.05171103267098071,0.19133574007220217,564,1374,1938,0.4,Skenario 1 - Normal,66
0.0272089386219357,0.03438704774217857,0.12903225806451613,571,1381,1952,0.4,Skenario 1 - Normal,67
0.028410383640525946,0.05426309590257314,0.18191433104177684,569,1320,1889,0.4,Skenario 1 - Normal,68
0.02178132503738906,0.037951099422014016,0.11882229232386961,537,1365,1902,0.4,Skenario 1 - Normal,69
0.019748510478953905,0.03577372180946634,0.13447559709241952,545,1379,1924,0.4,Skenario 1 - Normal,70
0.027336285701559753,0.05253673096480291,0.1960167714884696,568,1340,1908,0.4,Skenario 1 - Normal,71
0.017957511236164597,0.02759939092814888,0.07361633530360022,556,1304,1860,0.4,Skenario 1 - Normal,72
0.024792409090463333,0.04163590968345593,0.13813025210084034,532,1371,1903,0.4,Skenario 1 - Normal,73
0.025448179600087186,0.03853731246575868,0.1353269133299544,598,1375,1973,0.4,Skenario 1 - Normal,74
0.02717754627085218,0.055697876952092176,0.17883211678832117,583,1334,1917,0.4,Skenario 1 - Normal,75
0.031112938396158352,0.0472092131486419,0.16658044490429386,582,1350,1932,0.4,Skenario 1 - Normal,76
0.0290560651264798,0.04239999122732601,0.15955284552845528,559,1409,1968,0.4,Skenario 1 - Normal,77
0.02438312452292305,0.04075144323110098,0.14198782961460446,611,1361,1972,0.4,Skenario 1 - Normal,78
0.024409768873930645,0.03458649311476748,0.11593406593406594,547,1273,1820,0.4,Skenario 1 - Normal,79
0.031327421407141905,0.04926141749468321,0.18346774193548387,585,1399,1984,0.4,Skenario 1 - Normal,80
0.017530382501863898,0.041123443910243425,0.12745098039215685,564,1272,1836,0.4,Skenario 1 - Normal,81
0.022325470468323127,0.04342435701198162,0.15613577023498695,557,1357,1914,0.4,Skenario 1 - Normal,82
0.021034068679358857,0.03744560082748576,0.12841091492776885,589,1279,1868,0.4,Skenario 1 - Normal,83
0.025835600993236105,0.03831800242197521,0.14396456256921372,555,1251,1806,0.4,Skenario 1 - Normal,84
0.022083861099451565,0.03927665016795471,0.12439418416801293,539,1318,1857,0.4,Skenario 1 - Normal,85
0.03405010662549475,0.05178316065475019,0.1891604675876727,592,1289,1881,0.4,Skenario 1 - Normal,86
0.022762159092318858,0.03860870702263002,0.11662269129287599,549,1346,1895,0.4,Skenario 1 - Normal,87
0.028654747084337528,0.04278731864338927,0.13978494623655913,569,1289,1858,0.4,Skenario 1 - Normal,88
0.024974751264256675,0.04224964861166245,0.1444672131147541,547,1404,1951,0.4,Skenario 1 - Normal,89
0.0184322118468689,0.04292106669460857,0.14629049111807732,574,1338,1912,0.4,Skenario 1 - Normal,90
0.01835066833301578,0.03600177504068429,0.11454940282301845,564,1278,1842,0.4,Skenario 1 - Normal,91
0.03170887988818275,0.041313420512350006,0.16471215351812366,538,1336,1874,0.4,Skenario 1 - Normal,92
0.026002266713588792,0.03974000384212875,0.1387047424783274,601,1360,1961,0.4,Skenario 1 - Normal,93
0.022467806028807977,0.04779370084136894,0.15989304812834224,562,1306,1868,0.4,Skenario 1 - Normal,94
0.02240655931195207,0.037672707642616814,0.10762331838565023,581,1426,2007,0.4,Skenario 1 - Normal,95
0.0224164907079123,0.048187517123713046,0.17162232655190401,617,1300,1917,0.4,Skenario 1 - Normal,96
0.025424292660729115,0.05490311415455233,0.21830985915492956,597,1390,1987,0.4,Skenario 1 - Normal,97
0.0259575262521238,0.042081235165869146,0.16590096988259315,598,1361,1959,0.4,Skenario 1 - Normal,98
0.027282484911081855,0.04225365737356059,0.1524422973698336,573,1289,1862,0.4,Skenario 1 - Normal,99
0.02415788810956354,0.03900479269341562,0.14027849406910778,600,1339,1939,0.4,Skenario 1 - Normal,100
0.030526902518392934,0.03745792066698261,0.13155136268343814,578,1329,1907,0.4,Skenario 1 - Normal,101
0.026446708245345094,0.0355644128208092,0.11528004350190321,558,1280,1838,0.4,Skenario 1 - Normal,102
0.028231514895673458,0.05205255286329044,0.19989775051124745,564,1390,1954,0.4,Skenario 1 - Normal,103
0.030650427218889807,0.04683036158122885,0.15687303252885623,574,1330,1904,0.4,Skenario 1 - Normal,104
0.022203438523247288,0.041480256581035733,0.14248434237995825,573,1342,1915,0.4,Skenario 1 - Normal,105
0.020674592815102914,0.03904079211520527,0.11608040201005025,595,1394,1989,0.4,Skenario 1 - Normal,106
0.02478789345237465,0.046119625907371155,0.1650943396226415,572,1334,1906,0.4,Skenario 1 - Normal,107
0.028374034849151197,0.044745948272119924,0.17773339990014977,595,1408,2003,0.4,Skenario 1 - Normal,108
0.026198863954042025,0.03676550931228331,0.11389036721660457,563,1315,1878,0.4,Skenario 1 - Normal,109
0.02631379527952174,0.032789434553587904,0.10724006532389765,572,1265,1837,0.4,Skenario 1 - Normal,110
0.027148514232852677,0.03239767401701728,0.1134185303514377,557,1321,1878,0.4,Skenario 1 - Normal,111
0.02287642918981446,0.04579085232905245,0.16701461377870563,558,1358,1916,0.4,Skenario 1 - Normal,112
0.024716397551782992,0.05318180022354036,0.18110647181628392,552,1362,1914,0.4,Skenario 1 - Normal,113
0.029122555906177808,0.04729912921653922,0.1725025746652935,579,1362,1941,0.4,Skenario 1 - Normal,114
0.029922170365267207,0.05416712713309765,0.19814241486068113,606,1332,1938,0.4,Skenario 1 - Normal,115
0.029641598564673678,0.0386480599518765,0.1254773595199127,558,1274,1832,0.4,Skenario 1 - Normal,116
0.02875656608085194,0.04625357797349606,0.17393483709273183,579,1416,1995,0.4,Skenario 1 - Normal,117
0.02841291238237857,0.03668426289706866,0.1360544217687075,579,1330,1909,0.4,Skenario 1 - Normal,118
0.023945285034066618,0.04027761887130647,0.14601103863522327,597,1395,1992,0.4,Skenario 1 - Normal,119
0.03122759249092524,0.04299017626909825,0.1347695390781563,598,1397,1995,0.4,Skenario 1 - Normal,120
0.028348499085977974,0.04639061777650404,0.18689690198070086,554,1413,1967,0.4,Skenario 1 - Normal,121
0.028225978822744167,0.04414811311719935,0.15751295336787566,607,1322,1929,0.4,Skenario 1 - Normal,122
0.024361683937667192,0.04552430316791834,0.1441207075962539,562,1360,1922,0.4,Skenario 1 - Normal,123
0.03003776330056225,0.052604147241947036,0.20475227502527807,557,1420,1977,0.4,Skenario 1 - Normal,124
0.033958047438537094,0.05968798024011151,0.20831195484864032,587,1362,1949,0.4,Skenario 1 - Normal,125
0.0285979949899879,0.038652548807473375,0.1301775147928994,599,1260,1859,0.4,Skenario 1 - Normal,126
0.021008110958843626,0.03201789683909728,0.09141414141414142,584,1396,1980,0.4,Skenario 1 - Normal,127
0.026862806114870068,0.04540686907377971,0.16675271037687145,599,1336,1935,0.4,Skenario 1 - Normal,128
0.019339231202981942,0.036596593764019685,0.12126068376068376,580,1292,1872,0.4,Skenario 1 - Normal,129
0.028751425012153903,0.04545811663320333,0.18926829268292683,613,1436,2049,0.4,Skenario 1 - Normal,130
0.025120650481616737,0.03526232747716231,0.11941083640189375,603,1296,1899,0.4,Skenario 1 - Normal,131
0.02370672503792988,0.03417861331625492,0.10913978494623656,566,1292,1858,0.4,Skenario 1 - Normal,132
0.02739690489533083,0.04291537585156819,0.13555787278415016,538,1380,1918,0.4,Skenario 1 - Normal,133
0.022856227058460132,0.039617050180707526,0.1213903743315508,552,1318,1870,0.4,Skenario 1 - Normal,134
0.03541829197975917,0.07644723356316861,0.28946015424164523,612,1332,1944,0.4,Skenario 1 - Normal,135
0.022202042900604273,0.034465285135118186,0.112565445026178,558,1350,1908,0.4,Skenario 1 - Normal,136
0.029265687155275565,0.046970470392845874,0.1540497617787189,610,1279,1889,0.4,Skenario 1 - Normal,137
0.026107451391916506,0.06686887102770095,0.24191919191919192,573,1406,1979,0.4,Skenario 1 - Normal,138
0.01566934448858227,0.027386183568532518,0.07845188284518828,594,1318,1912,0.4,Skenario 1 - Normal,139
0.025375109475613906,0.042008611017305755,0.15080603224128966,588,1335,1923,0.4,Skenario 1 - Normal,140
0.01966573780848682,0.03744683577956051,0.1151229722658294,557,1353,1910,0.4,Skenario 1 - Normal,141
0.022769983924642297,0.03586234681834812,0.11702127659574468,537,1342,1879,0.4,Skenario 1 - Normal,142
0.02647628670997636,0.035024387593937896,0.11661166116611661,583,1234,1817,0.4,Skenario 1 - Normal,143
0.025448285675285558,0.03767162714211604,0.12486187845303867,529,1279,1808,0.4,Skenario 1 - Normal,144
0.028033288823857794,0.041846513711028425,0.14828496042216358,588,1307,1895,0.4,Skenario 1 - Normal,145
0.03214814487476557,0.050148264498077987,0.20390344119157677,615,1332,1947,0.4,Skenario 1 - Normal,146
0.020744808824695406,0.044086102367945676,0.14856834143706105,533,1316,1849,0.4,Skenario 1 - Normal,147
0.02372131808217496,0.047402284734109915,0.1598317560462671,588,1313,1901,0.4,Skenario 1 - Normal,148
0.029737065968540036,0.04674083409418898,0.1857429718875502,607,1385,1992,0.4,Skenario 1 - Normal,149
0.02461697755828354,0.04335904685424418,0.1483204134366925,572,1363,1935,0.4,Skenario 1 - Normal,150
0.024903228798650392,0.037515303496487504,0.12386058981233244,561,1304,1865,0.4,Skenario 1 - Normal,151
0.023857367492400403,0.03995388461651402,0.1357254290171607,574,1348,1922,0.4,Skenario 1 - Normal,152
0.02027184909070559,0.04864325861059179,0.17237798546209762,577,1349,1926,0.4,Skenario 1 - Normal,153
0.02193744708814156,0.028522567464536963,0.09033613445378151,565,1337,1902,0.4,Skenario 1 - Normal,154
0.028578674635761452,0.051352706793618724,0.1961367013372957,597,1421,2018,0.4,Skenario 1 - Normal,155
0.026754391071089574,0.03579621627650814,0.11487559555320276,565,1324,1889,0.4,Skenario 1 - Normal,156
0.02839604117808167,0.03965118240144464,0.14180672268907563,607,1297,1904,0.4,Skenario 1 - Normal,157
0.02912162059086839,0.04462522951221323,0.164576802507837,548,1365,1913,0.4,Skenario 1 - Normal,158
0.02567263998757012,0.041818099904072044,0.13872832369942195,572,1331,1903,0.4,Skenario 1 - Normal,159
0.025686260273673683,0.03430724394949229,0.12022414671421294,581,1382,1963,0.4,Skenario 1 - Normal,160
0.03194084561241612,0.06743594510758467,0.2653980971457186,594,1401,1995,0.4,Skenario 1 - Normal,161
0.029457201109043214,0.04656094189359611,0.17556848228450556,553,1338,1891,0.4,Skenario 1 - Normal,162
0.028948490529783655,0.044484674149202603,0.16306068601583112,589,1305,1894,0.4,Skenario 1 - Normal,163
0.023361985881117535,0.03853593441052444,0.14701216287678476,575,1315,1890,0.4,Skenario 1 - Normal,164
0.02951426625744846,0.05478466787294153,0.19730709476954947,590,1341,1931,0.4,Skenario 1 - Normal,165
0.023800603037378458,0.04153973009220009,0.14838709677419354,560,1299,1859,0.4,Skenario 1 - Normal,166
0.02200988989181648,0.045851779243065105,0.13282525857376157,524,1312,1836,0.4,Skenario 1 - Normal,167
0.030390767211738452,0.031502478606983964,0.10648392198207696,574,1323,1897,0.4,Skenario 1 - Normal,168
0.01928355947710328,0.04484233522150083,0.1420274551214361,568,1326,1894,0.4,Skenario 1 - Normal,169
0.020779656862419595,0.04100709499700375,0.13966480446927373,568,1399,1967,0.4,Skenario 1 - Normal,170
0.028215881539526724,0.0439477460325113,0.18497109826589594,563,1339,1902,0.4,Skenario 1 - Normal,171
0.02870154654506466,0.05194453693136637,0.18882978723404256,573,1305,1878,0.4,Skenario 1 - Normal,172
0.024004830308910926,0.05925618412845267,0.21148684916800858,557,1305,1862,0.4,Skenario 1 - Normal,173
0.02304032045983356,0.04230094665863238,0.14971006852925672,561,1335,1896,0.4,Skenario 1 - Normal,174
0.03053869481447414,0.04216791799933363,0.1644398766700925,521,1423,1944,0.4,Skenario 1 - Normal,175
0.02174362243765476,0.03832972293050888,0.13343717549325027,545,1381,1926,0.4,Skenario 1 - Normal,176
0.03203305171433104,0.0470684649784967,0.17739483020780536,561,1411,1972,0.4,Skenario 1 - Normal,177
0.027777977664739127,0.05124669620779608,0.1693845344555497,569,1332,1901,0.4,Skenario 1 - Normal,178
0.019794333141033748,0.04342878098684052,0.14621676891615543,556,1400,1956,0.4,Skenario 1 - Normal,179
0.02118976665341364,0.04586798411957653,0.1646153846153846,569,1379,1948,0.4,Skenario 1 - Normal,180
0.020526920723564306,0.03321343225395161,0.1026998411858126,550,1338,1888,0.4,Skenario 1 - Normal,181
0.03112095989217138,0.03854457138292347,0.1651948051948052,594,1329,1923,0.4,Skenario 1 - Normal,182
0.02341439081839652,0.04009169683096823,0.12706611570247933,602,1334,1936,0.4,Skenario 1 - Normal,183
0.026184748661165668,0.04500596514372668,0.16550348953140578,612,1392,2004,0.4,Skenario 1 - Normal,184
0.029106860899955095,0.04614938978857143,0.17342799188640973,584,1388,1972,0.4,Skenario 1 - Normal,185
0.022950387882956298,0.03324387173007234,0.09961894393032118,575,1262,1837,0.4,Skenario 1 - Normal,186
0.03952415457894567,0.05355934263872593,0.22556788166930797,554,1338,1892,0.4,Skenario 1 - Normal,187
0.017427820479026572,0.02962113280012114,0.10108108108108108,522,1328,1850,0.4,Skenario 1 - Normal,188
0.029277710311026703,0.04542459422272192,0.14360587002096437,567,1339,1906,0.4,Skenario 1 - Normal,189
0.022622926750831364,0.034339736515878766,0.10624033006704486,582,1356,1938,0.4,Skenario 1 - Normal,190
0.02474290588625206,0.050553714919166104,0.18109054527263632,618,1381,1999,0.4,Skenario 1 - Normal,191
0.030147212242576937,0.04710767230699548,0.17716535433070865,589,1442,2031,0.4,Skenario 1 - Normal,192
0.033486301361543215,0.04795041821448322,0.19308208569953536,556,1380,1936,0.4,Skenario 1 - Normal,193
0.023081977910138787,0.03814447275182977,0.11822125813449023,559,1285,1844,0.4,Skenario 1 - Normal,194
0.019666827203785903,0.038115194025947284,0.13298153034300791,597,1298,1895,0.4,Skenario 1 - Normal,195
0.01904319951523065,0.039369322922860425,0.12589194699286443,583,1379,1962,0.4,Skenario 1 - Normal,196
0.025373128615023683,0.045702083597141153,0.17866666666666667,561,1313,1874,0.4,Skenario 1 - Normal,197
0.02416013584227488,0.044766861952133745,0.1503099173553719,553,1383,1936,0.4,Skenario 1 - Normal,198
0.025512161662912758,0.03354383929609168,0.11713554987212277,610,1344,1954,0.4,Skenario 1 - Normal,199
0.026742107675843632,0.04085617363639019,0.15502645502645504,544,1345,1889,0.4,Skenario 1 - Normal,200
0.026663390444806593,0.04493457167340199,0.15930999492643327,582,1387,1969,0.4,Skenario 1 - Normal,201
0.028467319321443092,0.043413409099020916,0.15805785123966942,574,1360,1934,0.4,Skenario 1 - Normal,202
0.02039434599925517,0.039420374065438336,0.119281045751634,565,1270,1835,0.4,Skenario 1 - Normal,203
0.02065977277919243,0.04368024073785253,0.16313887454827053,609,1328,1937,0.4,Skenario 1 - Normal,204
0.023275975959308946,0.030499674976122774,0.11215932914046121,608,1300,1908,0.4,Skenario 1 - Normal,205
0.02407370813227941,0.03292850120312448,0.09715512614063339,564,1298,1862,0.4,Skenario 1 - Normal,206
0.03172185201915197,0.0515212446422807,0.21773347324239245,566,1340,1906,0.4,Skenario 1 - Normal,207
0.029139622609343087,0.04550694417736693,0.14952333166081286,591,1401,1992,0.4,Skenario 1 - Normal,208
0.029293617947988973,0.04785995709528377,0.15200416449765747,549,1371,1920,0.4,Skenario 1 - Normal,209
0.02040149753301825,0.038083797760013235,0.11790393013100436,583,1247,1830,0.4,Skenario 1 - Normal,210
0.03915025894193295,0.04380666948478634,0.16906666666666667,558,1317,1875,0.4,Skenario 1 - Normal,211
0.029319382861493087,0.038543814745574,0.1393655746229849,590,1331,1921,0.4,Skenario 1 - Normal,212
0.02406756049100798,0.03834356040203337,0.13492475350285418,557,1369,1926,0.4,Skenario 1 - Normal,213
0.0261960807462189,0.05158563139901571,0.20159680638722555,578,1426,2004,0.4,Skenario 1 - Normal,214
0.027965096101329447,0.046099406793404435,0.17751171264966165,559,1362,1921,0.4,Skenario 1 - Normal,215
0.022850094619779954,0.04539689572147903,0.15451745379876797,592,1356,1948,0.4,Skenario 1 - Normal,216
0.03052386263885644,0.04409806267041391,0.14754098360655737,573,1318,1891,0.4,Skenario 1 - Normal,217
0.02087944042505175,0.032379526291119724,0.12011019283746556,513,1300,1813,0.4,Skenario 1 - Normal,218
0.022404854732896835,0.029067878189805066,0.09196006305832895,603,1299,1902,0.4,Skenario 1 - Normal,219
0.03463955725523296,0.04341184957485542,0.15733333333333333,598,1275,1873,0.4,Skenario 1 - Normal,220
0.01957594046983227,0.03164886342342332,0.10399590163934426,609,1342,1951,0.4,Skenario 1 - Normal,221
0.02603292246756276,0.04881243450371654,0.17393617021276594,546,1332,1878,0.4,Skenario 1 - Normal,222
0.027966451591120146,0.04228858441406573,0.14406358668653751,623,1390,2013,0.4,Skenario 1 - Normal,223
0.01786162227537015,0.0368184523132699,0.10372771474878444,566,1285,1851,0.4,Skenario 1 - Normal,224
0.0215252381945425,0.03610795737578465,0.1294481691593605,572,1366,1938,0.4,Skenario 1 - Normal,225
0.024882403489725133,0.047400113419803803,0.15598182735991922,570,1411,1981,0.4,Skenario 1 - Normal,226
0.029214005855492525,0.04884830304740604,0.18076720966894377,575,1327,1902,0.4,Skenario 1 - Normal,227
0.019238558051425027,0.03912346198538674,0.11842804036112586,570,1313,1883,0.4,Skenario 1 - Normal,228
0.02394899033321544,0.04168698793605833,0.15275670207384925,568,1407,1975,0.4,Skenario 1 - Normal,229
0.025656910017353454,0.04152692960942402,0.16072378924960085,614,1263,1877,0.4,Skenario 1 - Normal,230
0.022968440129432558,0.04422520049661571,0.1475583864118896,547,1336,1883,0.4,Skenario 1 - Normal,231
0.02824974007315646,0.05028619094299455,0.18913377754997437,594,1357,1951,0.4,Skenario 1 - Normal,232
0.02216872892755807,0.044494009996196036,0.17597022860180755,551,1328,1879,0.4,Skenario 1 - Normal,233
0.02219388045335693,0.04805070417847814,0.17314487632508835,589,1391,1980,0.4,Skenario 1 - Normal,234
0.02277085502571172,0.029076512506129918,0.08888888888888889,592,1343,1935,0.4,Skenario 1 - Normal,235
0.027639422656412494,0.03870910543699581,0.1430062630480167,564,1351,1915,0.4,Skenario 1 - Normal,236
0.023342140901516564,0.04634658969968967,0.1594279661016949,568,1320,1888,0.4,Skenario 1 - Normal,237
0.01892840988748396,0.03742466357762989,0.11168831168831168,615,1309,1924,0.4,Skenario 1 - Normal,238
0.02537389098432932,0.052407465370356524,0.20871327254305977,580,1394,1974,0.4,Skenario 1 - Normal,239
0.033535041532318094,0.049775451774523694,0.1672652642380708,576,1371,1947,0.4,Skenario 1 - Normal,240
0.024404245026723993,0.044278508423662453,0.14078674948240166,585,1347,1932,0.4,Skenario 1 - Normal,241
0.018871900901264477,0.03395439906445156,0.09783183500793231,615,1276,1891,0.4,Skenario 1 - Normal,242
0.032702089389962705,0.0486047385224022,0.17239583333333333,596,1323,1919,0.4,Skenario 1 - Normal,243
0.021306538591073003,0.03851789349895922,0.12545739675901724,591,1321,1912,0.4,Skenario 1 - Normal,244
0.027370833255113178,0.044233658563263355,0.15322171486555047,600,1370,1970,0.4,Skenario 1 - Normal,245
0.03401311278756801,0.053281148206327476,0.19379068602904356,592,1405,1997,0.4,Skenario 1 - Normal,246
0.019599419124313892,0.0511277695440781,0.1853582554517134,553,1373,1926,0.4,Skenario 1 - Normal,247
0.03381279826248502,0.051621979005305865,0.17379679144385027,557,1313,1870,0.4,Skenario 1 - Normal,248
0.025358495339037817,0.04126674100103694,0.14339826839826839,563,1285,1848,0.4,Skenario 1 - Normal,249
0.019832176633580206,0.04041910634172224,0.13771839671120248,551,1394,1945,0.4,Skenario 1 - Normal,250
0.030194678347795316,0.043930727009982726,0.14852008456659618,587,1303,1890,0.4,Skenario 1 - Normal,251
0.025819807222124614,0.031951061261767964,0.10852302805717311,559,1330,1889,0.4,Skenario 1 - Normal,252
0.021756134309366185,0.036369259062075,0.10964681075382182,563,1334,1897,0.4,Skenario 1 - Normal,253
0.023249820353038273,0.04787883142741197,0.1939655172413793,551,1305,1856,0.4,Skenario 1 - Normal,254
0.027465485172813768,0.049447600480358844,0.17860746720484358,623,1359,1982,0.4,Skenario 1 - Normal,255
0.025403081162043623,0.041419885050640357,0.13079729025534131,601,1318,1919,0.4,Skenario 1 - Normal,256
0.025576167749097153,0.050492359631201814,0.19731610337972166,598,1413,2011,0.4,Skenario 1 - Normal,257
0.03049468679444062,0.037126766597875345,0.130546955624355,585,1353,1938,0.4,Skenario 1 - Normal,258
0.02603393037208683,0.03798391371100832,0.13969795037756202,546,1307,1853,0.4,Skenario 1 - Normal,259
0.027382422716236112,0.05059184123909699,0.19920909540286702,595,1428,2023,0.4,Skenario 1 - Normal,260
0.027259135584986403,0.05287811669642693,0.1973474801061008,537,1347,1884,0.4,Skenario 1 - Normal,261
0.028576349738720502,0.04463553856204322,0.15872184389732844,602,1307,1909,0.4,Skenario 1 - Normal,262
0.025241037953114522,0.038364517838107966,0.13728470111448834,599,1374,1973,0.4,Skenario 1 - Normal,263
0.02678149702942307,0.04624822948427259,0.16433941997851773,573,1288,1861,0.4,Skenario 1 - Normal,264
0.022754154479591757,0.036029615751241854,0.12533765532144786,567,1284,1851,0.4,Skenario 1 - Normal,265
0.028908282764145917,0.05043965001136443,0.18663239074550128,598,1346,1944,0.4,Skenario 1 - Normal,266
0.022070707619695738,0.042624383364769716,0.13204592901878914,563,1353,1916,0.4,Skenario 1 - Normal,267
0.02404713047099165,0.046614055217553164,0.16199376947040497,583,1343,1926,0.4,Skenario 1 - Normal,268
0.020424130573445436,0.036646195984282065,0.1236501079913607,562,1288,1850,0.4,Skenario 1 - Normal,269
0.026613359549383812,0.03763411196214399,0.1288471570161711,573,1343,1916,0.4,Skenario 1 - Normal,270
0.024347653406854134,0.03901295559751877,0.1325545962417471,566,1402,1968,0.4,Skenario 1 - Normal,271
0.02724474891151888,0.04252897980821977,0.15578635014836795,610,1410,2020,0.4,Skenario 1 - Normal,272
0.03262230706323785,0.03947158910859469,0.1461139896373057,596,1333,1929,0.4,Skenario 1 - Normal,273
0.022757317438279058,0.03113172057045847,0.10638297872340426,582,1298,1880,0.4,Skenario 1 - Normal,274
0.022037535584437003,0.04989088713051564,0.17163412127440905,577,1369,1946,0.4,Skenario 1 - Normal,275
0.023040797851963377,0.034268156799201116,0.10984095427435388,594,1418,2012,0.4,Skenario 1 - Normal,276
0.02783678753630643,0.052381160339816026,0.1970074812967581,624,1381,2005,0.4,Skenario 1 - Normal,277
0.02928657711793594,0.05793763736506958,0.21395106715252474,553,1367,1920,0.4,Skenario 1 - Normal,278
0.024154027965535695,0.04430542530364578,0.15129151291512916,545,1351,1896,0.4,Skenario 1 - Normal,279
0.01911641738237469,0.03816856327527935,0.11902231668437832,572,1308,1880,0.4,Skenario 1 - Normal,280
0.025313180682565748,0.033254965068107024,0.12695924764890282,557,1356,1913,0.4,Skenario 1 - Normal,281
0.023345016442349036,0.03084518786633298,0.09457190822607722,554,1233,1787,0.4,Skenario 1 - Normal,282
0.025358689285549407,0.030897457807391025,0.1107087428867046,601,1332,1933,0.4,Skenario 1 - Normal,283
0.023036325041925022,0.0405387297114218,0.12931937172774868,592,1318,1910,0.4,Skenario 1 - Normal,284
0.034355724149495934,0.053577651411236285,0.23492723492723494,549,1375,1924,0.4,Skenario 1 - Normal,285
0.022780089829499788,0.043351084718230716,0.15010245901639344,582,1369,1951,0.4,Skenario 1 - Normal,286
0.02294456176441378,0.03262725278941735,0.11129207383279044,564,1277,1841,0.4,Skenario 1 - Normal,287
0.01725020032558307,0.040516719914851555,0.1509926854754441,601,1312,1913,0.4,Skenario 1 - Normal,288
0.029929640832658602,0.04494575118328505,0.15273477812177502,570,1366,1936,0.4,Skenario 1 - Normal,289
0.028019251124511892,0.041795827663381094,0.1492079713847726,613,1342,1955,0.4,Skenario 1 - Normal,290
0.031167968568744053,0.06044654175778119,0.23402061855670103,578,1362,1940,0.4,Skenario 1 - Normal,291
0.020211407808684717,0.04507880930962261,0.1422271223814774,571,1243,1814,0.4,Skenario 1 - Normal,292
0.022234366328642407,0.038622673953329204,0.13976276431150078,573,1364,1937,0.4,Skenario 1 - Normal,293
0.02530296030465108,0.04519025331061732,0.15257841573631048,569,1312,1881,0.4,Skenario 1 - Normal,294
0.025098572378486863,0.04537037654735654,0.15875446656457376,588,1370,1958,0.4,Skenario 1 - Normal,295
0.02500016234635747,0.04103354768157585,0.15129151291512916,569,1327,1896,0.4,Skenario 1 - Normal,296
0.02397954005366441,0.031080304097479607,0.09815950920245399,570,1386,1956,0.4,Skenario 1 - Normal,297
0.023100091374113438,0.035691172041456505,0.1048767697954903,545,1362,1907,0.4,Skenario 1 - Normal,298
0.03108734216394333,0.06061957232509356,0.22420837589376916,605,1352,1957,0.4,Skenario 1 - Normal,299
0.02336458471899254,0.037963376377612754,0.1310272536687631,552,1354,1906,0.4,Skenario 1 - Normal,300
0.023241838348440583,0.04156606564742477,0.1579481970543423,586,1381,1967,0.4,Skenario 1 - Normal,301
0.03024570580296841,0.04736466294870634,0.15696465696465697,602,1321,1923,0.4,Skenario 1 - Normal,302
0.031222167157539813,0.04723430107405394,0.17344862665310273,583,1383,1966,0.4,Skenario 1 - Normal,303
0.026525530993875657,0.05188394420917278,0.1841136244082062,601,1299,1900,0.4,Skenario 1 - Normal,304
0.02044302554980492,0.03630707675602111,0.10683102208525937,594,1351,1945,0.4,Skenario 1 - Normal,305
0.02439514059120648,0.04039866490860119,0.15770609318996415,608,1343,1951,0.4,Skenario 1 - Normal,306
0.03222265507761651,0.06118757270393451,0.2426470588235294,516,1387,1903,0.4,Skenario 1 - Normal,307
0.025811429498922765,0.04772415499201563,0.16390041493775934,563,1365,1928,0.4,Skenario 1 - Normal,308
0.02400900855327263,0.052952028975731855,0.16666666666666666,587,1338,1925,0.4,Skenario 1 - Normal,309
0.02364230645186472,0.040582968835146276,0.14797261716692997,560,1339,1899,0.4,Skenario 1 - Normal,310
0.02274915603964705,0.030950990675634935,0.10955207771181867,584,1269,1853,0.4,Skenario 1 - Normal,311
0.030301236932509124,0.058803830437666335,0.21071248105103588,613,1365,1978,0.4,Skenario 1 - Normal,312
0.025890147700855085,0.04169636828420687,0.15893694632621158,555,1364,1919,0.4,Skenario 1 - Normal,313
0.024532724714031562,0.04681426377270382,0.1754294638209266,549,1371,1920,0.4,Skenario 1 - Normal,314
0.02385573104429402,0.03879447453880351,0.1303688731682668,576,1402,1978,0.4,Skenario 1 - Normal,315
0.03319027107873491,0.0660382492858297,0.2598343685300207,567,1364,1931,0.4,Skenario 1 - Normal,316
0.028962812830467366,0.045894402291518116,0.16666666666666666,547,1359,1906,0.4,Skenario 1 - Normal,317
0.021168367397062703,0.03446590813110772,0.10559330893883952,582,1329,1911,0.4,Skenario 1 - Normal,318
0.026517936642017903,0.04152310172785633,0.13400961025093433,563,1308,1871,0.4,Skenario 1 - Normal,319
0.025633521233217476,0.0556280309363787,0.21331316187594554,603,1380,1983,0.4,Skenario 1 - Normal,320
0.020724017048622066,0.03735048924854054,0.1296982530439386,576,1312,1888,0.4,Skenario 1 - Normal,321
0.02433081545237233,0.04227734905057233,0.149895178197065,558,1348,1906,0.4,Skenario 1 - Normal,322
0.018928013934133927,0.03302443239944996,0.10551181102362205,604,1300,1904,0.4,Skenario 1 - Normal,323
0.02433217249264076,0.04098336569874235,0.1306941431670282,567,1277,1844,0.4,Skenario 1 - Normal,324
0.02263583748526615,0.04695168944031237,0.15434430652995143,545,1306,1851,0.4,Skenario 1 - Normal,325
0.021858933683620668,0.03886437584780461,0.11620947630922693,590,1415,2005,0.4,Skenario 1 - Normal,326
0.018802809076720012,0.0384726069706453,0.13551151580074985,507,1360,1867,0.4,Skenario 1 - Normal,327
0.028242708667569883,0.04066260291104918,0.1360369609856263,612,1334,1946,0.4,Skenario 1 - Normal,328
0.019399974215335108,0.030998197867413733,0.09551148225469729,586,1328,1914,0.4,Skenario 1 - Normal,329
0.024779015095385302,0.040296027156055285,0.13598759048603928,562,1372,1934,0.4,Skenario 1 - Normal,330
0.021598632014658663,0.03447172152842828,0.10813704496788008,550,1317,1867,0.4,Skenario 1 - Normal,331
0.028889690637816202,0.03873608868651724,0.12759493670886077,632,1343,1975,0.4,Skenario 1 - Normal,332
0.02587001900085585,0.03581071050107921,0.11470281543274244,566,1351,1917,0.4,Skenario 1 - Normal,333
0.0284617772058579,0.038517054113996564,0.13549415515409138,579,1303,1882,0.4,Skenario 1 - Normal,334
0.02481197936332125,0.03581490502221295,0.12386058981233244,561,1304,1865,0.4,Skenario 1 - Normal,335
0.027079047712370467,0.04559697064020352,0.1608649789029536,553,1342,1895,0.4,Skenario 1 - Normal,336
0.022134681615968474,0.036424361739682526,0.10934182590233546,582,1300,1882,0.4,Skenario 1 - Normal,337
0.03037927541900466,0.05271820796329444,0.19047619047619047,581,1350,1931,0.4,Skenario 1 - Normal,338
0.025027747095312695,0.03807396038107607,0.13382899628252787,566,1316,1882,0.4,Skenario 1 - Normal,339
0.024541787857369865,0.050282570074594295,0.20564102564102565,582,1366,1948,0.4,Skenario 1 - Normal,340
0.019578022511661526,0.03207390668745434,0.10897768552153607,578,1348,1926,0.4,Skenario 1 - Normal,341
0.021562471774870865,0.042726167648648894,0.11960132890365449,546,1260,1806,0.4,Skenario 1 - Normal,342
0.024892587289602374,0.044038600005728436,0.14541622760800843,561,1336,1897,0.4,Skenario 1 - Normal,343
0.025192428291028673,0.035337546026684034,0.13228941684665227,535,1317,1852,0.4,Skenario 1 - Normal,344
0.02577136089589655,0.04214557030846804,0.1612234318299637,642,1285,1927,0.4,Skenario 1 - Normal,345
0.025264212756132498,0.054300176836563685,0.20227038183694532,582,1354,1936,0.4,Skenario 1 - Normal,346
0.022049309975299903,0.051559788634525976,0.20322245322245322,590,1334,1924,0.4,Skenario 1 - Normal,347
0.02240792683634709,0.03967039652903261,0.12875536480686695,575,1288,1863,0.4,Skenario 1 - Normal,348
0.030608610618728296,0.05280783707289682,0.20874035989717224,585,1358,1943,0.4,Skenario 1 - Normal,349
0.024921933708577954,0.044964541791836614,0.1435068216270844,591,1387,1978,0.4,Skenario 1 - Normal,350
0.02639244210795966,0.045655293916071565,0.1539250897896357,594,1354,1948,0.4,Skenario 1 - Normal,351
0.019399671438603328,0.04387973871580286,0.13842239185750635,617,1347,1964,0.4,Skenario 1 - Normal,352
0.02686653459516681,0.035719666257342894,0.11220580186097427,543,1284,1827,0.4,Skenario 1 - Normal,353
0.03186606519679402,0.04521622811892384,0.14784394250513347,584,1363,1947,0.4,Skenario 1 - Normal,354
0.03053098974847355,0.055353999235368524,0.21342078708375378,598,1382,1980,0.4,Skenario 1 - Normal,355
0.023218115988593083,0.04704484457120083,0.14494264859228362,565,1352,1917,0.4,Skenario 1 - Normal,356
0.0237885444521556,0.0418174052059922,0.13236060448150078,565,1354,1919,0.4,Skenario 1 - Normal,357
0.027754629547441036,0.04105413573635655,0.15339702760084925,581,1303,1884,0.4,Skenario 1 - Normal,358
0.024173903947152874,0.04111185010649944,0.15559071729957805,549,1347,1896,0.4,Skenario 1 - Normal,359
0.018343423038344644,0.040053611947843945,0.14549288350026357,555,1342,1897,0.4,Skenario 1 - Normal,360
0.018809507482792396,0.03361640903303619,0.11320754716981132,558,1350,1908,0.4,Skenario 1 - Normal,361
0.02574910136217815,0.03714729354565958,0.14216738197424894,573,1289,1862,0.4,Skenario 1 - Normal,362
0.026531509421860725,0.05576927543041645,0.1932949188056574,594,1313,1907,0.4,Skenario 1 - Normal,363
0.030819999716923896,0.039807311981224995,0.16145307769929365,564,1416,1980,0.4,Skenario 1 - Normal,364
0.025243423455737338,0.04012442819431077,0.13722312263641276,523,1326,1849,0.4,Skenario 1 - Normal,365
0.02580163704311076,0.039120344269143945,0.14883474576271186,576,1310,1886,0.4,Skenario 1 - Normal,366
0.02734394552292154,0.04702382922442859,0.16181061394380852,583,1337,1920,0.4,Skenario 1 - Normal,367
0.02130203232180589,0.043568727010106084,0.14919979349509552,563,1373,1936,0.4,Skenario 1 - Normal,368
0.01814453138548263,0.03300585104050303,0.1268041237113402,582,1356,1938,0.4,Skenario 1 - Normal,369
0.02415449585317718,0.03547647967614472,0.13041210224308816,575,1341,1916,0.4,Skenario 1 - Normal,370
0.027521781693768847,0.03298585668061549,0.11864406779661017,515,1373,1888,0.4,Skenario 1 - Normal,371
0.027755493737182897,0.03665558012723758,0.12212104981253348,571,1295,1866,0.4,Skenario 1 - Normal,372
0.021475460777605333,0.034195139940539535,0.11122661122661123,567,1356,1923,0.4,Skenario 1 - Normal,373
0.025216688042779035,0.04683207133423566,0.1654373024236038,593,1305,1898,0.4,Skenario 1 - Normal,374
0.0243907200959848,0.05239148916671675,0.18697916666666667,585,1335,1920,0.4,Skenario 1 - Normal,375
0.023574403418218495,0.04896478644812325,0.18676844783715013,582,1383,1965,0.4,Skenario 1 - Normal,376
0.026816533771722134,0.04810319240235422,0.1579492490937338,552,1379,1931,0.4,Skenario 1 - Normal,377
0.02181232465147501,0.0440583963516707,0.1595028482651476,601,1328,1929,0.4,Skenario 1 - Normal,378
0.03656473433394432,0.05152934538643792,0.234375,547,1371,1918,0.4,Skenario 1 - Normal,379
0.02437090763166211,0.052174588470695914,0.1861198738170347,557,1344,1901,0.4,Skenario 1 - Normal,380
0.026312866409777754,0.032407050302668015,0.09448416751787539,608,1350,1958,0.4,Skenario 1 - Normal,381
0.026097711209996814,0.047673558169689614,0.17395727365208546,624,1342,1966,0.4,Skenario 1 - Normal,382
0.021547360899842667,0.032429605116858835,0.10784313725490197,557,1380,1937,0.4,Skenario 1 - Normal,383
0.0213963451632583,0.036323530979245566,0.11672095548317046,581,1259,1840,0.4,Skenario 1 - Normal,384
0.024004612483843925,0.05198789226727698,0.20639834881320948,583,1353,1936,0.4,Skenario 1 - Normal,385
0.02571087349874782,0.06414542979230135,0.2579827673593512,543,1430,1973,0.4,Skenario 1 - Normal,386
0.023771676336392412,0.03899583806450397,0.13920163766632548,613,1341,1954,0.4,Skenario 1 - Normal,387
0.028775590365312215,0.042732785791154596,0.1433804290947148,586,1325,1911,0.4,Skenario 1 - Normal,388
0.02946490104895798,0.04462792444273432,0.1566512583461736,564,1382,1946,0.4,Skenario 1 - Normal,389
0.022759853518753734,0.03934255139840981,0.13959522573949143,594,1333,1927,0.4,Skenario 1 - Normal,390
0.02401357154850228,0.0448843431457151,0.15239551478083588,616,1344,1960,0.4,Skenario 1 - Normal,391
0.025876890441132967,0.04234581844989649,0.1461211477151966,580,1300,1880,0.4,Skenario 1 - Normal,392
0.025329773401403695,0.04730683793424429,0.1495983935742972,593,1397,1990,0.4,Skenario 1 - Normal,393
0.027096029607805442,0.04953919005361997,0.17404737384140062,599,1341,1940,0.4,Skenario 1 - Normal,394
0.025365050001097587,0.041535345508220745,0.1625668449197861,554,1316,1870,0.4,Skenario 1 - Normal,395
0.019492685181159843,0.046709265145952784,0.14814814814814814,585,1305,1890,0.4,Skenario 1 - Normal,396
0.02429362207794708,0.04193192277240269,0.15227388860500765,578,1379,1957,0.4,Skenario 1 - Normal,397
0.02423502473789874,0.039266801184066495,0.14210802307288936,560,1346,1906,0.4,Skenario 1 - Normal,398
0.02572738911669657,0.033434244981930566,0.10693792383933229,549,1367,1916,0.4,Skenario 1 - Normal,399
0.025737638511839224,0.0477634982503558,0.1568922305764411,602,1391,1993,0.4,Skenario 1 - Normal,400
0.018813673481815552,0.03772005082634455,0.11764705882352941,558,1312,1870,0.4,Skenario 1 - Normal,401
0.022558873774362137,0.03920213410496886,0.12153518123667377,554,1321,1875,0.4,Skenario 1 - Normal,402
0.01966053031061712,0.030274776412876393,0.08817204301075268,564,1295,1859,0.4,Skenario 1 - Normal,403
0.02316092046643146,0.040365956120051054,0.1332296526697771,609,1319,1928,0.4,Skenario 1 - Normal,404
0.020544581510008895,0.04171507343254849,0.14609571788413098,582,1402,1984,0.4,Skenario 1 - Normal,405
0.024557218110807952,0.04554006752026067,0.17842535787321062,577,1378,1955,0.4,Skenario 1 - Normal,406
0.029138083050178804,0.05251633180181191,0.20172764227642276,576,1390,1966,0.4,Skenario 1 - Normal,407
0.025382190170368628,0.039094246427337824,0.13102019678922838,605,1325,1930,0.4,Skenario 1 - Normal,408
0.022219318065717343,0.05056680549134712,0.18373493975903615,615,1376,1991,0.4,Skenario 1 - Normal,409
0.024702474809074598,0.04040834002093252,0.11380798274002157,540,1312,1852,0.4,Skenario 1 - Normal,410
0.021648079607547145,0.03750508826760499,0.1208617971623752,570,1333,1903,0.4,Skenario 1 - Normal,411
0.02724988266581705,0.055528543674752504,0.1917200591424347,640,1387,2027,0.4,Skenario 1 - Normal,412
0.025865141207545007,0.04547759527865803,0.14022140221402213,581,1316,1897,0.4,Skenario 1 - Normal,413
0.0200260479711222,0.04080113900352051,0.12037037037037036,583,1359,1942,0.4,Skenario 1 - Normal,414
0.02566392257944146,0.04347226100595128,0.14537902388369678,580,1344,1924,0.4,Skenario 1 - Normal,415
0.026217094533829623,0.030601561585530037,0.10425311203319503,590,1338,1928,0.4,Skenario 1 - Normal,416
0.034690569570761186,0.05456398629807624,0.18206086492258408,540,1332,1872,0.4,Skenario 1 - Normal,417
0.025550982039845706,0.04390345638947872,0.14447300771208227,573,1372,1945,0.4,Skenario 1 - Normal,418
0.027833021881311915,0.03993836217500255,0.14508580343213728,607,1314,1921,0.4,Skenario 1 - Normal,419
0.022346237667118865,0.04657099529707911,0.16420274551214362,568,1324,1892,0.4,Skenario 1 - Normal,420
0.025092696912038227,0.04210327843698359,0.13197704747000522,598,1318,1916,0.4,Skenario 1 - Normal,421
0.025278910549693258,0.04032155810010035,0.14587737843551796,577,1313,1890,0.4,Skenario 1 - Normal,422
0.019415142897105803,0.03841474556387742,0.1225567881669308,561,1331,1892,0.4,Skenario 1 - Normal,423
0.02484465809540905,0.039756345322850176,0.13290802764486975,572,1308,1880,0.4,Skenario 1 - Normal,424
0.025694481730029105,0.04565775034604279,0.17490494296577946,585,1256,1841,0.4,Skenario 1 - Normal,425
0.04321070360612991,0.0649972080808825,0.26347607052896727,602,1382,1984,0.4,Skenario 1 - Normal,426
0.021918909495197623,0.04552291631529742,0.14369034994697774,598,1286,1884,0.4,Skenario 1 - Normal,427
0.023934070185123252,0.03501459402069312,0.11439114391143912,588,1307,1895,0.4,Skenario 1 - Normal,428
0.020127736951643157,0.033785756075738256,0.09533787323205867,558,1350,1908,0.4,Skenario 1 - Normal,429
0.020265203844485893,0.030453437404979675,0.10869565217391304,571,1406,1977,0.4,Skenario 1 - Normal,430
0.02299054553890304,0.039992719120317356,0.13295975547631178,619,1343,1962,0.4,Skenario 1 - Normal,431
0.02477550048056274,0.034799119071315214,0.12364760432766615,582,1359,1941,0.4,Skenario 1 - Normal,432
0.03000798730475224,0.058945199869692946,0.21068702290076335,622,1341,1963,0.4,Skenario 1 - Normal,433
0.018510344959909237,0.027923652385334882,0.09071840587309911,554,1353,1907,0.4,Skenario 1 - Normal,434
0.030363229185081452,0.06089198367027822,0.20967741935483872,590,1332,1922,0.4,Skenario 1 - Normal,435
0.025198379621563665,0.04505317225512338,0.1542525092445853,549,1343,1892,0.4,Skenario 1 - Normal,436
0.025142893589910904,0.056008680838058746,0.2096024780588539,570,1366,1936,0.4,Skenario 1 - Normal,437
0.024348918792833067,0.04255946917675432,0.1486344537815126,561,1341,1902,0.4,Skenario 1 - Normal,438
0.025972717240578733,0.044164794379193045,0.16573745565129244,578,1395,1973,0.4,Skenario 1 - Normal,439
0.026135134656864588,0.04476217723412508,0.1533400809716599,648,1327,1975,0.4,Skenario 1 - Normal,440
0.02393686097765443,0.029443940519848125,0.10859251449657353,541,1354,1895,0.4,Skenario 1 - Normal,441
0.021095080381053146,0.043007853573155674,0.145769622833843,584,1376,1960,0.4,Skenario 1 - Normal,442
0.027015563171526504,0.030955780738717905,0.110057925223802,549,1350,1899,0.4,Skenario 1 - Normal,443
0.022649890433279238,0.04291862707464727,0.1525,576,1422,1998,0.4,Skenario 1 - Normal,444
0.03408149396329741,0.05948806784523565,0.22608257804632426,598,1387,1985,0.4,Skenario 1 - Normal,445
0.026884939752996665,0.04206638797444341,0.12461851475076297,586,1378,1964,0.4,Skenario 1 - Normal,446
0.020040623187652686,0.037983767262595974,0.134185303514377,570,1307,1877,0.4,Skenario 1 - Normal,447
0.01895409951757769,0.040027214735743076,0.1339332980412917,566,1321,1887,0.4,Skenario 1 - Normal,448
0.02795896030487401,0.04492798920603289,0.14427600627286985,592,1320,1912,0.4,Skenario 1 - Normal,449
0.017929607564366578,0.042683989348236424,0.1562829989440338,607,1286,1893,0.4,Skenario 1 - Normal,450
0.022509797103099475,0.029580089047314906,0.09100310237849017,563,1370,1933,0.4,Skenario 1 - Normal,451
0.0235187923712009,0.047017394992034514,0.17172774869109947,598,1310,1908,0.4,Skenario 1 - Normal,452
0.027458647012916115,0.04633243232176355,0.15965092402464065,605,1342,1947,0.4,Skenario 1 - Normal,453
0.027065262637110826,0.04149446602529448,0.15709014232999474,567,1329,1896,0.4,Skenario 1 - Normal,454
0.026064763030213538,0.03453823218697757,0.12365866121614716,579,1377,1956,0.4,Skenario 1 - Normal,455
0.03461466257351019,0.05177170124538298,0.1852620653866113,566,1359,1925,0.4,Skenario 1 - Normal,456
0.02591822617116402,0.03793062177692892,0.14058355437665782,547,1337,1884,0.4,Skenario 1 - Normal,457
0.02743967620383677,0.04265247710134239,0.15934065934065933,647,1355,2002,0.4,Skenario 1 - Normal,458
0.02999963736753139,0.061208717099634505,0.22759315206445116,639,1345,1984,0.4,Skenario 1 - Normal,459
0.02630246524906024,0.058269841065180995,0.21223209618400418,575,1338,1913,0.4,Skenario 1 - Normal,460
0.02661001163329245,0.04376444417338174,0.16046758767268862,574,1307,1881,0.4,Skenario 1 - Normal,461
0.02560011062790734,0.026568698214710862,0.09295774647887324,547,1227,1774,0.4,Skenario 1 - Normal,462
0.026095367544205033,0.04073004161080997,0.13817809621289662,567,1387,1954,0.4,Skenario 1 - Normal,463
0.02743175212695782,0.050732898668549645,0.19958634953464321,574,1360,1934,0.4,Skenario 1 - Normal,464
0.020427290626136727,0.040690725195733586,0.1292163985469642,597,1330,1927,0.4,Skenario 1 - Normal,465
0.019413450530603043,0.03909129741237921,0.13174273858921162,577,1350,1927,0.4,Skenario 1 - Normal,466
0.02979405791499942,0.05563018470904898,0.21725571725571727,541,1382,1923,0.4,Skenario 1 - Normal,467
0.021862617451305865,0.033068236388456636,0.09472049689440994,576,1355,1931,0.4,Skenario 1 - Normal,468
0.025379110584441672,0.039710860676709696,0.1479979726305119,590,1383,1973,0.4,Skenario 1 - Normal,469
0.0290380110280045,0.04190032905697636,0.15469613259668508,564,1427,1991,0.4,Skenario 1 - Normal,470
0.03488710038320911,0.03537901376081008,0.12652439024390244,605,1362,1967,0.4,Skenario 1 - Normal,471
0.019833869986842795,0.04487661085540594,0.14492006188757092,580,1359,1939,0.4,Skenario 1 - Normal,472
0.034151472576595586,0.0631075700346513,0.24114225277630882,582,1307,1889,0.4,Skenario 1 - Normal,473
0.023338032187608698,0.029191235173668905,0.10891089108910891,579,1340,1919,0.4,Skenario 1 - Normal,474
0.03025373181579372,0.05201772578006918,0.19592242665340626,596,1415,2011,0.4,Skenario 1 - Normal,475
0.023978385809826083,0.03448197318442211,0.11441144114411442,529,1289,1818,0.4,Skenario 1 - Normal,476
0.032559111427801546,0.05156451322425998,0.17133956386292834,582,1344,1926,0.4,Skenario 1 - Normal,477
0.027486228301975297,0.04612705578517663,0.16285119667013528,597,1324,1921,0.4,Skenario 1 - Normal,478
0.029766140155317946,0.039627571404707,0.13802363050483352,547,1315,1862,0.4,Skenario 1 - Normal,479
0.029952056690775244,0.04184600221992878,0.16606498194945848,580,1358,1938,0.4,Skenario 1 - Normal,480
0.021216877814794373,0.03897676357056658,0.1166077738515901,624,1356,1980,0.4,Skenario 1 - Normal,481
0.027138122793164222,0.04491173585302742,0.15644490644490644,564,1358,1922,0.4,Skenario 1 - Normal,482
0.026034872540050276,0.050260168894437254,0.1586888657648283,592,1330,1922,0.4,Skenario 1 - Normal,483
0.022555868806283994,0.03592313040549576,0.13258785942492013,544,1332,1876,0.4,Skenario 1 - Normal,484
0.02224106220214658,0.0396394730818419,0.1442656979761287,579,1346,1925,0.4,Skenario 1 - Normal,485
0.02296141582507918,0.03531806097237937,0.11629072681704261,611,1382,1993,0.4,Skenario 1 - Normal,486
0.02198007551123214,0.04393030494039152,0.13694267515923567,575,1308,1883,0.4,Skenario 1 - Normal,487
0.020427510046167652,0.04101164992904766,0.12943632567849686,572,1342,1914,0.4,Skenario 1 - Normal,488
0.02949966594493835,0.04269696012590389,0.14082278481012658,565,1329,1894,0.4,Skenario 1 - Normal,489
0.022499818017100978,0.04562700473249649,0.1703212646608873,584,1377,1961,0.4,Skenario 1 - Normal,490
0.03105123012751763,0.038160870968234915,0.13614775725593667,563,1332,1895,0.4,Skenario 1 - Normal,491
0.02705537731658569,0.04311388515722068,0.14577729962345348,508,1349,1857,0.4,Skenario 1 - Normal,492
0.028116759223531906,0.05068898005081142,0.18654434250764526,598,1362,1960,0.4,Skenario 1 - Normal,493
0.03025317500076499,0.04767910189627124,0.18213925327951563,606,1375,1981,0.4,Skenario 1 - Normal,494
0.0329058937635681,0.0447641338683427,0.18215417106652587,579,1314,1893,0.4,Skenario 1 - Normal,495
0.024023992751317166,0.04456977959367651,0.1468682505399568,581,1271,1852,0.4,Skenario 1 - Normal,496
0.01593211861363822,0.03810527625738913,0.11725888324873096,600,1368,1968,0.4,Skenario 1 - Normal,497
0.024836574141607854,0.036153234682141,0.13429010763710916,550,1399,1949,0.4,Skenario 1 - Normal,498
0.023445960520807003,0.04498160553084929,0.15695538057742783,571,1334,1905,0.4,Skenario 1 - Normal,499
0.02567559686546937,0.039746460840199865,0.12973245835436648,589,1390,1979,0.4,Skenario 1 - Normal,500
0.024466321256686126,0.042371343445520245,0.14315900686740624,565,1328,1893,0.4,Skenario 1 - Normal,501
0.023132136275005495,0.03634240350302761,0.13252375923970433,552,1342,1894,0.4,Skenario 1 - Normal,502
0.027179308789012344,0.04606566305284442,0.16087653661143772,529,1342,1871,0.4,Skenario 1 - Normal,503
0.029596685352493622,0.05018196885259221,0.18121827411167513,601,1368,1969,0.4,Skenario 1 - Normal,504
0.022284929173945502,0.041473414673062405,0.1448170731707317,622,1346,1968,0.4,Skenario 1 - Normal,505
0.028615533289789677,0.04613832628605265,0.18276892430278885,586,1422,2008,0.4,Skenario 1 - Normal,506
0.026689656811526404,0.04436740956541241,0.15423901940755874,604,1353,1957,0.4,Skenario 1 - Normal,507
0.021237635010288254,0.03965113195105379,0.1299342105263158,561,1263,1824,0.4,Skenario 1 - Normal,508
0.03241103338883577,0.04640184625570482,0.17600422832980972,588,1303,1891,0.4,Skenario 1 - Normal,509
0.02188136248187895,0.03780287142923836,0.12310902451747523,578,1339,1917,0.4,Skenario 1 - Normal,510
0.023516915496796013,0.0449090899303522,0.160741885625966,588,1352,1940,0.4,Skenario 1 - Normal,511
0.019684300168666617,0.0341961584447505,0.11725550435227855,577,1376,1953,0.4,Skenario 1 - Normal,512
0.025002788933234293,0.044160995416525274,0.1753381893860562,583,1337,1920,0.4,Skenario 1 - Normal,513
0.02939084742188485,0.04727166969755574,0.1619289340101523,610,1358,1968,0.4,Skenario 1 - Normal,514
0.03030319053306969,0.04149429259179733,0.1398825413774693,573,1298,1871,0.4,Skenario 1 - Normal,515
0.024351937096563296,0.04522494779116596,0.13899010931806352,566,1354,1920,0.4,Skenario 1 - Normal,516
0.02543692621624819,0.039865961604144406,0.1416490486257928,567,1325,1892,0.4,Skenario 1 - Normal,517
0.02759353014478742,0.041963074659587124,0.15129151291512916,561,1335,1896,0.4,Skenario 1 - Normal,518
0.03186046100974109,0.05254967595145516,0.19367991845056065,608,1354,1962,0.4,Skenario 1 - Normal,519
0.021994971599165514,0.04781978401692603,0.17735263702171664,583,1351,1934,0.4,Skenario 1 - Normal,520
0.025177301416912965,0.04589541769894831,0.16358024691358025,585,1358,1943,0.4,Skenario 1 - Normal,521
0.02871971112486243,0.04295738047094414,0.1540073336825563,590,1318,1908,0.4,Skenario 1 - Normal,522
0.024673832147248116,0.04101576833726233,0.12399193548387097,628,1354,1982,0.4,Skenario 1 - Normal,523
0.03309625452311559,0.044612191195298474,0.16649323621227888,560,1360,1920,0.4,Skenario 1 - Normal,524
0.02293844022049404,0.04462580963107066,0.1337119256582344,599,1337,1936,0.4,Skenario 1 - Normal,525
0.025770829444993752,0.04210496219069315,0.1463907117617365,569,1411,1980,0.4,Skenario 1 - Normal,526
0.025555801948217206,0.04998364149999304,0.1766497461928934,573,1396,1969,0.4,Skenario 1 - Normal,527
0.03582250751528791,0.04610800999128407,0.17371134020618556,578,1362,1940,0.4,Skenario 1 - Normal,528
0.03059135131477549,0.04271065699832624,0.1617881852048962,522,1357,1879,0.4,Skenario 1 - Normal,529
0.023173809505269826,0.0443960924786372,0.16041666666666668,543,1376,1919,0.4,Skenario 1 - Normal,530
0.02467183971873623,0.040335604879227084,0.14903129657228018,610,1403,2013,0.4,Skenario 1 - Normal,531
0.02742700875927413,0.05041793987616733,0.1740684022460439,569,1388,1957,0.4,Skenario 1 - Normal,532
0.03051862323373961,0.045267952190248616,0.17550371155885472,573,1311,1884,0.4,Skenario 1 - Normal,533
0.022042828423808447,0.031183339645404526,0.10719834282755049,590,1341,1931,0.4,Skenario 1 - Normal,534
0.020869917843930264,0.04638335635352521,0.18693009118541035,600,1374,1974,0.4,Skenario 1 - Normal,535
0.02919865910050078,0.05243245942371416,0.2066458982346833,565,1359,1924,0.4,Skenario 1 - Normal,536
0.023955213436940747,0.05407632526283612,0.18241206030150753,619,1369,1988,0.4,Skenario 1 - Normal,537
0.029851472091676986,0.05106813315255737,0.16732090284592738,639,1398,2037,0.4,Skenario 1 - Normal,538
0.031178833050252524,0.053950936695526114,0.19574468085106383,562,1316,1878,0.4,Skenario 1 - Normal,539
0.03193079863950504,0.0439815390925872,0.1413265306122449,560,1398,1958,0.4,Skenario 1 - Normal,540
0.020276551595715134,0.02714988810534567,0.09471480900052329,570,1340,1910,0.4,Skenario 1 - Normal,541
0.02688043156039511,0.04874092625051371,0.18497109826589594,577,1326,1903,0.4,Skenario 1 - Normal,542
0.027984241645539174,0.03914214765868179,0.15025641025641026,593,1357,1950,0.4,Skenario 1 - Normal,543
0.02480004100962483,0.039330828109238665,0.13923395445134576,562,1368,1930,0.4,Skenario 1 - Normal,544
0.023733528326084705,0.04109398678106214,0.13870967741935483,546,1314,1860,0.4,Skenario 1 - Normal,545
0.024978615060921264,0.03819430657499263,0.119281045751634,544,1292,1836,0.4,Skenario 1 - Normal,546
0.024322024982428532,0.04729346327618836,0.16041666666666668,596,1324,1920,0.4,Skenario 1 - Normal,547
0.020995342261835123,0.04044652674849,0.1357370095440085,580,1306,1886,0.4,Skenario 1 - Normal,548
0.024858063591673887,0.04028550998918166,0.14147582697201017,590,1375,1965,0.4,Skenario 1 - Normal,549
0.024805768088570844,0.034687364155439424,0.1130524152106886,552,1392,1944,0.4,Skenario 1 - Normal,550
0.036952544334351085,0.060940789195616483,0.20040383644623927,637,1344,1981,0.4,Skenario 1 - Normal,551
0.031119070550800244,0.06389254401207407,0.2549222797927461,553,1377,1930,0.4,Skenario 1 - Normal,552
0.026779679363771916,0.03953806616059471,0.12687813021702837,523,1272,1795,0.4,Skenario 1 - Normal,553
0.015517263291085336,0.03438710230891992,0.09582441113490364,570,1296,1866,0.4,Skenario 1 - Normal,554
0.022079312577173018,0.027152204736361568,0.10741138560687433,560,1301,1861,0.4,Skenario 1 - Normal,555
0.02758403108487795,0.041694735324201954,0.1482059282371295,571,1352,1923,0.4,Skenario 1 - Normal,556
0.01932113315442391,0.03566331536275099,0.12348922753547031,579,1324,1903,0.4,Skenario 1 - Normal,557
0.019983696466910814,0.043102423505732776,0.13510693792383932,581,1336,1917,0.4,Skenario 1 - Normal,558
0.025268549547734144,0.05889752401449035,0.2110236220472441,606,1299,1905,0.4,Skenario 1 - Normal,559
0.026939656248857528,0.037148718112756704,0.13571048430015967,562,1315,1877,0.4,Skenario 1 - Normal,560
0.027972123990621524,0.04432624267442649,0.16550241805480925,583,1276,1859,0.4,Skenario 1 - Normal,561
0.02910115735917219,0.05523221158727834,0.20611082340756084,587,1343,1930,0.4,Skenario 1 - Normal,562
0.02574446639505367,0.03924915405297406,0.15099135739705136,565,1400,1965,0.4,Skenario 1 - Normal,563
0.023923726101857633,0.03985793836464438,0.13544369486248053,537,1390,1927,0.4,Skenario 1 - Normal,564
0.031089676803028928,0.06065071867289056,0.21338063862138876,601,1372,1973,0.4,Skenario 1 - Normal,565
0.022899541797031003,0.0495302488106094,0.18777943368107303,574,1438,2012,0.4,Skenario 1 - Normal,566
0.03100732497287742,0.034728376827826084,0.13395638629283488,547,1378,1925,0.4,Skenario 1 - Normal,567
0.0327162080599133,0.044250099011953946,0.1692466460268318,589,1349,1938,0.4,Skenario 1 - Normal,568
0.024379555140330408,0.04190553085104709,0.15621840242669363,566,1412,1978,0.4,Skenario 1 - Normal,569
0.022371195864936175,0.03877970016582104,0.13157894736842105,576,1400,1976,0.4,Skenario 1 - Normal,570
0.022800466435154338,0.04504062429674633,0.1589958158995816,559,1351,1910,0.4,Skenario 1 - Normal,571
0.02754050251143447,0.03680598000322411,0.13136729222520108,583,1280,1863,0.4,Skenario 1 - Normal,572
0.0191690809253075,0.042924866076159904,0.15689381933438987,579,1314,1893,0.4,Skenario 1 - Normal,573
0.02610671751379177,0.037884094679132174,0.12723449001051526,565,1337,1902,0.4,Skenario 1 - Normal,574
0.031583757864961294,0.04959733741661881,0.1705668226729069,544,1379,1923,0.4,Skenario 1 - Normal,575
0.028097181761247154,0.05477014042334099,0.20363820111167255,550,1428,1978,0.4,Skenario 1 - Normal,576
0.030855349251182863,0.043844658994979274,0.16588906168999482,588,1341,1929,0.4,Skenario 1 - Normal,577
0.0266247222556266,0.05140834003298478,0.20297766749379653,599,1414,2013,0.4,Skenario 1 - Normal,578
0.03074795002989001,0.044481088478289854,0.14278403275332652,595,1357,1952,0.4,Skenario 1 - Normal,579
0.020686108379599184,0.03385590776331138,0.11648351648351649,546,1273,1819,0.4,Skenario 1 - Normal,580
0.035616729925279075,0.056352217570051544,0.23353909465020575,577,1367,1944,0.4,Skenario 1 - Normal,581
0.02426712741784234,0.04718576111513154,0.14824654622741765,591,1290,1881,0.4,Skenario 1 - Normal,582
0.0200150542515292,0.05123682823299265,0.17156105100463678,588,1352,1940,0.4,Skenario 1 - Normal,583
0.0246125497304546,0.0422809171580208,0.14098532494758909,558,1349,1907,0.4,Skenario 1 - Normal,584
0.01998006043613578,0.03997147854575887,0.1277056277056277,544,1304,1848,0.4,Skenario 1 - Normal,585
0.023407276561267856,0.03164129042049046,0.10490247759620454,544,1353,1897,0.4,Skenario 1 - Normal,586
0.023866302985304327,0.033639092953612705,0.10105263157894737,570,1328,1898,0.4,Skenario 1 - Normal,587
0.0323038793855776,0.05539649155933498,0.1800310398344542,595,1336,1931,0.4,Skenario 1 - Normal,588
0.0216411162669348,0.03380264745632456,0.11396468699839486,561,1307,1868,0.4,Skenario 1 - Normal,589
0.026720528355110545,0.03887507980309319,0.12240663900414937,610,1316,1926,0.4,Skenario 1 - Normal,590
0.02331036600964299,0.039177638529630514,0.13144058885383805,569,1331,1900,0.4,Skenario 1 - Normal,591
0.020420685535175457,0.038364838034513,0.12552301255230125,582,1329,1911,0.4,Skenario 1 - Normal,592
0.020244545227250655,0.0351898425042764,0.12054507337526206,584,1324,1908,0.4,Skenario 1 - Normal,593
0.019228788953956206,0.030818299246223816,0.11573333333333333,596,1278,1874,0.4,Skenario 1 - Normal,594
0.026776010038986255,0.047639657392781073,0.1696522655426765,573,1325,1898,0.4,Skenario 1 - Normal,595
0.02417566641888288,0.03742668670408426,0.11436031331592689,596,1319,1915,0.4,Skenario 1 - Normal,596
0.020857500474584303,0.04857928373272849,0.1705263157894737,571,1329,1900,0.4,Skenario 1 - Normal,597
0.03029792198376019,0.06001122787529338,0.2332155477031802,581,1400,1981,0.4,Skenario 1 - Normal,598
0.0257328843528519,0.036560514241077154,0.10750399148483236,578,1301,1879,0.4,Skenario 1 - Normal,599
0.02905599998380395,0.04541733260072165,0.16572018585441403,579,1356,1935,0.4,Skenario 1 - Normal,600
0.03257729930389751,0.04952310346811327,0.19989561586638832,603,1312,1915,0.4,Skenario 1 - Normal,601
0.02384847429812544,0.04245064780311742,0.14044079958995387,567,1382,1949,0.4,Skenario 1 - Normal,602
0.025539372069347446,0.04579566538296869,0.1529535864978903,585,1311,1896,0.4,Skenario 1 - Normal,603
0.02143516784501402,0.036161751717330326,0.12038014783526928,552,1340,1892,0.4,Skenario 1 - Normal,604
0.02425440366357704,0.04982896546365126,0.1691468253968254,579,1436,2015,0.4,Skenario 1 - Normal,605
0.025771973260220314,0.04444965073819648,0.1463157894736842,567,1331,1898,0.4,Skenario 1 - Normal,606
0.023375393453318603,0.039338426588948504,0.1386861313868613,551,1366,1917,0.4,Skenario 1 - Normal,607
0.036429004743743124,0.04696425634080504,0.18027040560841262,599,1398,1997,0.4,Skenario 1 - Normal,608
0.03334169955263023,0.03981104343674881,0.1581173982020095,519,1371,1890,0.4,Skenario 1 - Normal,609
0.027573369118811735,0.0433105393441789,0.14616193480546794,577,1324,1901,0.4,Skenario 1 - Normal,610
0.02537203457373077,0.0375149975750245,0.1367305751765893,610,1372,1982,0.4,Skenario 1 - Normal,611
0.020138736618320312,0.030262384499265813,0.10289555325749741,574,1358,1932,0.4,Skenario 1 - Normal,612
0.021357264336687033,0.04275442502101459,0.13966770508826584,565,1361,1926,0.4,Skenario 1 - Normal,613
0.024276912739253892,0.03834293831162356,0.12254160363086233,584,1399,1983,0.4,Skenario 1 - Normal,614
0.023929115800419794,0.04012384975381806,0.11116856256463288,618,1315,1933,0.4,Skenario 1 - Normal,615
0.02023995001412366,0.037892203353472056,0.12774122807017543,532,1291,1823,0.4,Skenario 1 - Normal,616
0.029419945844537772,0.048225652103150225,0.15071390798519302,559,1332,1891,0.4,Skenario 1 - Normal,617
0.03386359624824911,0.04551721491257481,0.1496021220159151,607,1276,1883,0.4,Skenario 1 - Normal,618
0.024902797590844666,0.04438506129992368,0.1872362869198312,585,1311,1896,0.4,Skenario 1 - Normal,619
0.02687538171546341,0.04762990105051147,0.18627941912869303,600,1396,1996,0.4,Skenario 1 - Normal,620
0.029801490127127035,0.047659191300584915,0.17391304347826086,601,1375,1976,0.4,Skenario 1 - Normal,621
0.022181546736604305,0.03433703429127934,0.10386079390973355,543,1296,1839,0.4,Skenario 1 - Normal,622
0.024794160566478464,0.049504428514024146,0.16428571428571428,619,1339,1958,0.4,Skenario 1 - Normal,623
0.03412384026732737,0.0581434629822793,0.21583850931677018,590,1341,1931,0.4,Skenario 1 - Normal,624
0.02926046131038732,0.032575354838255105,0.12787586944890317,536,1332,1868,0.4,Skenario 1 - Normal,625
0.022840094764700964,0.039925382710218504,0.1359173126614987,589,1344,1933,0.4,Skenario 1 - Normal,626
0.02687503096582477,0.04093170972785529,0.1393655746229849,574,1348,1922,0.4,Skenario 1 - Normal,627
0.022629178747188596,0.03920508562882276,0.12618296529968454,578,1323,1901,0.4,Skenario 1 - Normal,628
0.025771320436210794,0.050151605312099154,0.18982695332983743,594,1312,1906,0.4,Skenario 1 - Normal,629
0.0180798519068863,0.027451737689480466,0.09567567567567567,592,1258,1850,0.4,Skenario 1 - Normal,630
0.027926403536112646,0.03557929468421694,0.12866449511400652,540,1301,1841,0.4,Skenario 1 - Normal,631
0.02462717688635985,0.05499533484889682,0.17318727177882107,585,1330,1915,0.4,Skenario 1 - Normal,632
0.02516817646534281,0.04372210611941484,0.13473684210526315,569,1331,1900,0.4,Skenario 1 - Normal,633
0.02141321311051947,0.03951269648918505,0.14096449390567037,557,1330,1887,0.4,Skenario 1 - Normal,634
0.030886830769095815,0.04340279162894947,0.16082474226804125,566,1374,1940,0.4,Skenario 1 - Normal,635
0.04164059035507661,0.051427151879939945,0.22498703991705546,578,1350,1928,0.4,Skenario 1 - Normal,636
0.02627017171512512,0.04797693113071871,0.1599386816555953,608,1349,1957,0.4,Skenario 1 - Normal,637
0.023267263442308058,0.043062674284654774,0.14818652849740932,602,1327,1929,0.4,Skenario 1 - Normal,638
0.023141047876230433,0.0408378023125919,0.151130722559294,505,1308,1813,0.4,Skenario 1 - Normal,639
0.021125058224184663,0.04281162763779711,0.13665254237288135,565,1321,1886,0.4,Skenario 1 - Normal,640
0.021146550756853014,0.036387079227803376,0.13732767762460232,551,1334,1885,0.4,Skenario 1 - Normal,641
0.028854001610157328,0.043194377264074116,0.1521402784940691,631,1307,1938,0.4,Skenario 1 - Normal,642
0.02700501817601799,0.04387150083859424,0.15985130111524162,555,1328,1883,0.4,Skenario 1 - Normal,643
0.024956996822538612,0.04626487705160167,0.18397932816537468,590,1344,1934,0.4,Skenario 1 - Normal,644
0.029831411950064703,0.05630947607442366,0.1996989463120923,608,1384,1992,0.4,Skenario 1 - Normal,645
0.02123263317761301,0.03907662873685227,0.12609819121447027,609,1325,1934,0.4,Skenario 1 - Normal,646
0.023193625111379037,0.03552421931753414,0.12479914301017675,572,1294,1866,0.4,Skenario 1 - Normal,647
0.03714214425995264,0.04781115996926991,0.1707441386340469,605,1357,1962,0.4,Skenario 1 - Normal,648
0.027368265958079948,0.04034184697770602,0.15318066157760815,552,1413,1965,0.4,Skenario 1 - Normal,649
0.023183300237547003,0.044660763208867124,0.16657768286171917,572,1300,1872,0.4,Skenario 1 - Normal,650
0.016990423097921644,0.03365719815317719,0.09645232815964523,553,1251,1804,0.4,Skenario 1 - Normal,651
0.022622802736835833,0.03733159011302193,0.125,561,1357,1918,0.4,Skenario 1 - Normal,652
0.019255650659920548,0.02846311536175548,0.08260869565217391,517,1322,1839,0.4,Skenario 1 - Normal,653
0.02205768550148203,0.04031029327678549,0.13579630554168748,587,1415,2002,0.4,Skenario 1 - Normal,654
0.022048547051647664,0.03379345355604675,0.1113434396236278,563,1348,1911,0.4,Skenario 1 - Normal,655
0.02533020279390681,0.03891192526831228,0.15580286168521462,562,1325,1887,0.4,Skenario 1 - Normal,656
0.02375248020532151,0.039963333935036656,0.11914893617021277,599,1281,1880,0.4,Skenario 1 - Normal,657
0.018311667665318658,0.04487655361603514,0.14965986394557823,597,1313,1910,0.4,Skenario 1 - Normal,658
0.021548997456283244,0.03825196945035141,0.12911657083115524,606,1306,1912,0.4,Skenario 1 - Normal,659
0.025822893491334004,0.057310855009354164,0.18859198355601234,583,1363,1946,0.4,Skenario 1 - Normal,660
0.029966052670344898,0.048521876712763784,0.17427385892116182,559,1369,1928,0.4,Skenario 1 - Normal,661
0.02498745559491631,0.04430988521502932,0.15133232780291603,598,1390,1988,0.4,Skenario 1 - Normal,662
0.02424730777455905,0.03733180066419052,0.11451942740286299,586,1368,1954,0.4,Skenario 1 - Normal,663
0.031742152386896996,0.05025767988420129,0.18214841722885314,587,1340,1927,0.4,Skenario 1 - Normal,664
0.02831443554952749,0.039838625818867476,0.14915966386554622,571,1332,1903,0.4,Skenario 1 - Normal,665
0.026907443521128584,0.039603785102668355,0.12185297079556898,577,1408,1985,0.4,Skenario 1 - Normal,666
0.03426652766641232,0.04819364877767071,0.17130846032580135,581,1322,1903,0.4,Skenario 1 - Normal,667
0.021428163491512896,0.0376014149228646,0.1358148893360161,605,1382,1987,0.4,Skenario 1 - Normal,668
0.026912928952574973,0.03808771839122498,0.13234486545853927,572,1248,1820,0.4,Skenario 1 - Normal,669
0.0341672818557821,0.0599868405556637,0.2378716744913928,579,1336,1915,0.4,Skenario 1 - Normal,670
0.030588684806335545,0.04973075195309799,0.1715736040609137,607,1362,1969,0.4,Skenario 1 - Normal,671
0.028230101781347362,0.03497262021567913,0.1282736504543025,565,1305,1870,0.4,Skenario 1 - Normal,672
0.022087723511201553,0.035819118810951484,0.11696522655426765,578,1319,1897,0.4,Skenario 1 - Normal,673
0.02816101827885368,0.04898047408379203,0.1826972010178117,566,1399,1965,0.4,Skenario 1 - Normal,674
0.027392976908497766,0.04625447391847094,0.16797078768909754,575,1342,1917,0.4,Skenario 1 - Normal,675
0.01788459143488597,0.04400881959702497,0.1425531914893617,563,1316,1879,0.4,Skenario 1 - Normal,676
0.025232930094500474,0.03640470599984941,0.12302006335797254,606,1286,1892,0.4,Skenario 1 - Normal,677
0.026152422544218866,0.05594775793078868,0.2076923076923077,586,1362,1948,0.4,Skenario 1 - Normal,678
0.0284633440448707,0.05255949486532035,0.1899497487437186,577,1412,1989,0.4,Skenario 1 - Normal,679
0.024328604297892683,0.03755895225384552,0.13559322033898305,575,1371,1946,0.4,Skenario 1 - Normal,680
0.023741441567137454,0.04102880676027457,0.1315652626105044,564,1358,1922,0.4,Skenario 1 - Normal,681
0.023949640066314507,0.039267486104270284,0.1508097165991903,598,1377,1975,0.4,Skenario 1 - Normal,682
0.025911851758421613,0.03300971204759438,0.12,558,1292,1850,0.4,Skenario 1 - Normal,683
0.02783652070507802,0.04193232798317833,0.16675165731769506,589,1371,1960,0.4,Skenario 1 - Normal,684
0.022759867702783973,0.04373834048267262,0.1592356687898089,544,1340,1884,0.4,Skenario 1 - Normal,685
0.02610171349737967,0.051200533390970394,0.18533604887983707,613,1351,1964,0.4,Skenario 1 - Normal,686
0.02109956160981919,0.032497696493014004,0.11035564853556486,578,1332,1910,0.4,Skenario 1 - Normal,687
0.026845408065585386,0.0304884324496261,0.09974025974025974,572,1353,1925,0.4,Skenario 1 - Normal,688
0.019886169652541596,0.03227539456814251,0.09336099585062241,545,1381,1926,0.4,Skenario 1 - Normal,689
0.027490837075710386,0.05717524111588105,0.19990004997501248,576,1423,1999,0.4,Skenario 1 - Normal,690
0.021579548829965246,0.040886314454613534,0.12977498691784406,570,1339,1909,0.4,Skenario 1 - Normal,691
0.02352968841738775,0.04238016008434679,0.12525667351129363,561,1387,1948,0.4,Skenario 1 - Normal,692
0.022597823404837295,0.03394001339637467,0.1142263759086189,573,1351,1924,0.4,Skenario 1 - Normal,693
0.028369019030805576,0.037077706186856206,0.1372863247863248,560,1311,1871,0.4,Skenario 1 - Normal,694
0.027976281369748463,0.045778949952989534,0.160557563242127,600,1337,1937,0.4,Skenario 1 - Normal,695
0.02721961987786855,0.05014547037129047,0.16502335236118318,591,1334,1925,0.4,Skenario 1 - Normal,696
0.021711011691946634,0.04219186144487291,0.12852664576802508,583,1331,1914,0.4,Skenario 1 - Normal,697
0.022697217507256357,0.046291222148350415,0.15376729882111737,592,1357,1949,0.4,Skenario 1 - Normal,698
0.018786636356481257,0.04232002391745114,0.1392336751214247,535,1317,1852,0.4,Skenario 1 - Normal,699
0.03481953899385058,0.0493238522574937,0.20021186440677965,601,1287,1888,0.4,Skenario 1 - Normal,700
0.02418950241293467,0.039359656948205216,0.12282497441146366,594,1359,1953,0.4,Skenario 1 - Normal,701
0.02779876217934335,0.037933829368780446,0.1486697965571205,570,1346,1916,0.4,Skenario 1 - Normal,702
0.02504887028565923,0.05714074578339427,0.2001023541453429,564,1390,1954,0.4,Skenario 1 - Normal,703
0.018061295045908116,0.03514836783639157,0.11175847457627118,552,1336,1888,0.4,Skenario 1 - Normal,704
0.023964477528829513,0.045837734709598045,0.16296296296296298,567,1321,1888,0.4,Skenario 1 - Normal,705
0.025944782188165826,0.04114537816463818,0.14942528735632185,576,1423,1999,0.4,Skenario 1 - Normal,706
0.028907331063734863,0.04064163529618432,0.12705761316872427,578,1366,1944,0.4,Skenario 1 - Normal,707
0.028275577627398463,0.025882817081708153,0.09253417455310199,578,1323,1901,0.4,Skenario 1 - Normal,708
0.028388348814531984,0.04097242581196305,0.12627811860940696,594,1362,1956,0.4,Skenario 1 - Normal,709
0.027301753811782105,0.05590130071631209,0.1683673469387755,550,1409,1959,0.4,Skenario 1 - Normal,710
0.02851622277329387,0.04660127176392079,0.1637029288702929,580,1332,1912,0.4,Skenario 1 - Normal,711
0.03166976645501241,0.055694133251050326,0.21727748691099477,577,1333,1910,0.4,Skenario 1 - Normal,712
0.025578333234241458,0.05799580356337482,0.20430107526881722,617,1334,1951,0.4,Skenario 1 - Normal,713
0.02698129660315379,0.03607646732784961,0.125,599,1335,1934,0.4,Skenario 1 - Normal,714
0.02638416286064386,0.03623313789841171,0.10716180371352785,587,1296,1883,0.4,Skenario 1 - Normal,715
0.021646809894792653,0.0390778742952452,0.15880503144654087,569,1337,1906,0.4,Skenario 1 - Normal,716
0.027003509473886658,0.05318648163978433,0.202133062468258,603,1364,1967,0.4,Skenario 1 - Normal,717
0.018743513171264322,0.0365840077363145,0.11770779556014456,581,1355,1936,0.4,Skenario 1 - Normal,718
0.02686584105514123,0.03998818818390679,0.12263157894736842,554,1346,1900,0.4,Skenario 1 - Normal,719
0.03260353052854258,0.047848941250831806,0.16734902763561924,580,1374,1954,0.4,Skenario 1 - Normal,720
0.02721325820164045,0.035966484834653804,0.1289825282631038,570,1376,1946,0.4,Skenario 1 - Normal,721
0.024562875677739706,0.04163896912723837,0.13131313131313133,621,1357,1978,0.4,Skenario 1 - Normal,722
0.028029398697317895,0.0458886620777829,0.19178794178794178,574,1350,1924,0.4,Skenario 1 - Normal,723
0.02741188393579816,0.03869718830678692,0.13530326594090203,609,1319,1928,0.4,Skenario 1 - Normal,724
0.017554154126347664,0.030704165749762598,0.10760475944128298,565,1367,1932,0.4,Skenario 1 - Normal,725
0.0259692981986821,0.037454250666401186,0.12618796198521648,558,1335,1893,0.4,Skenario 1 - Normal,726
0.021816567191650267,0.035630723720945064,0.12643678160919541,603,1311,1914,0.4,Skenario 1 - Normal,727
0.030126338036234847,0.04474433832002756,0.16853932584269662,585,1284,1869,0.4,Skenario 1 - Normal,728
0.018107604331504268,0.03394461711924435,0.11805555555555555,565,1307,1872,0.4,Skenario 1 - Normal,729
0.020567457417451144,0.0401682003290652,0.13246753246753246,595,1330,1925,0.4,Skenario 1 - Normal,730
0.024325576736105154,0.03929295115260565,0.12487046632124352,578,1352,1930,0.4,Skenario 1 - Normal,731
0.0213187220027545,0.03883263665976952,0.11867905056759546,573,1365,1938,0.4,Skenario 1 - Normal,732
0.03165692531731356,0.03315911219247615,0.1187433439829606,539,1337,1876,0.4,Skenario 1 - Normal,733
0.029089027708317332,0.03913558134162525,0.1579778830963665,584,1313,1897,0.4,Skenario 1 - Normal,734
0.027089748112860912,0.03324834850443171,0.12767066180302242,591,1326,1917,0.4,Skenario 1 - Normal,735
0.02334593768673438,0.05563648368150897,0.1957936905358037,610,1385,1995,0.4,Skenario 1 - Normal,736
0.03212773146658622,0.04558264104582002,0.16771819137749738,564,1338,1902,0.4,Skenario 1 - Normal,737
0.027133757116084834,0.039147769133051534,0.15748440748440748,553,1370,1923,0.4,Skenario 1 - Normal,738
0.02654226881578569,0.048295484779686135,0.1705702647657841,600,1363,1963,0.4,Skenario 1 - Normal,739
0.01979435783403309,0.044799455176385866,0.1415646620542842,568,1311,1879,0.4,Skenario 1 - Normal,740
0.026024482361225527,0.04613259557912131,0.16718106995884774,598,1344,1942,0.4,Skenario 1 - Normal,741
0.028959064719895507,0.04433232067244942,0.1448744769874477,526,1385,1911,0.4,Skenario 1 - Normal,742
0.01909383523539414,0.032157612592065274,0.09905660377358491,550,1358,1908,0.4,Skenario 1 - Normal,743
0.023679934336180174,0.03465103151605108,0.13780737704918034,580,1372,1952,0.4,Skenario 1 - Normal,744
0.03558996987611242,0.05424590100763497,0.22194135490394337,598,1380,1978,0.4,Skenario 1 - Normal,745
0.022212984589069378,0.03967111642519695,0.12201453790238836,573,1353,1926,0.4,Skenario 1 - Normal,746
0.02112032871732892,0.03892171174299525,0.12191276931161324,562,1341,1903,0.4,Skenario 1 - Normal,747
0.024143066361693777,0.04846116929363712,0.1504424778761062,574,1347,1921,0.4,Skenario 1 - Normal,748
0.026687581185995384,0.03670905857542164,0.12336644014636697,626,1287,1913,0.4,Skenario 1 - Normal,749
0.02264300873972927,0.02653341894320461,0.09574468085106383,579,1394,1973,0.4,Skenario 1 - Normal,750
0.01969559725134677,0.03976190530892148,0.133,590,1410,2000,0.4,Skenario 1 - Normal,751
0.0249473611371455,0.04350878489908712,0.12740899357601712,579,1287,1866,0.4,Skenario 1 - Normal,752
0.026961158437863,0.03399963993358991,0.12157268494568028,577,1354,1931,0.4,Skenario 1 - Normal,753
0.018548364268477703,0.028050631748379424,0.0983695652173913,545,1294,1839,0.4,Skenario 1 - Normal,754
0.0293063775753306,0.033835362073840504,0.10862944162436548,602,1368,1970,0.4,Skenario 1 - Normal,755
0.023283488557446674,0.039247585622791244,0.12790697674418605,550,1340,1890,0.4,Skenario 1 - Normal,756
0.02120193505478516,0.03369200903317768,0.11211477151965994,587,1295,1882,0.4,Skenario 1 - Normal,757
0.01912211239434859,0.03507452130056192,0.13257575757575757,562,1285,1847,0.4,Skenario 1 - Normal,758
0.022213114354864692,0.0568596252179508,0.21099015033696217,554,1373,1927,0.4,Skenario 1 - Normal,759
0.029779490839347382,0.03830025699507004,0.12083333333333333,554,1366,1920,0.4,Skenario 1 - Normal,760
0.030173843355518325,0.043842776372678915,0.15544608648056923,549,1278,1827,0.4,Skenario 1 - Normal,761
0.02595162943323808,0.04190828941909484,0.14085965820818228,583,1346,1929,0.4,Skenario 1 - Normal,762
0.0267646282641343,0.0475132198158831,0.1675152749490835,571,1393,1964,0.4,Skenario 1 - Normal,763
0.019846995229693454,0.032363244378938956,0.10679108346293416,549,1378,1927,0.4,Skenario 1 - Normal,764
0.024234580525510467,0.042285193176565775,0.1566579634464752,580,1334,1914,0.4,Skenario 1 - Normal,765
0.024012292357364164,0.034648232914283,0.11279826464208242,569,1275,1844,0.4,Skenario 1 - Normal,766
0.028231072414332068,0.05029951437527404,0.18860103626943006,576,1352,1928,0.4,Skenario 1 - Normal,767
0.017850526835209095,0.03241383888157911,0.08748035620743845,571,1338,1909,0.4,Skenario 1 - Normal,768
0.019717214300009823,0.04129838160629353,0.1397733405288721,547,1306,1853,0.4,Skenario 1 - Normal,769
0.024969793308503945,0.03702568862466382,0.11979434447300771,591,1352,1943,0.4,Skenario 1 - Normal,770
0.024286448132185733,0.02727077464158936,0.09038360483447189,582,1320,1902,0.4,Skenario 1 - Normal,771
0.02363890929357074,0.03648745037809932,0.12512873326467558,595,1347,1942,0.4,Skenario 1 - Normal,772
0.025283393753899125,0.04217607541736593,0.14379746835443039,608,1365,1973,0.4,Skenario 1 - Normal,773
0.026431914115023436,0.05212789722703232,0.19837645865043124,567,1402,1969,0.4,Skenario 1 - Normal,774
0.025266467117614426,0.04090117676453589,0.13173333333333334,576,1298,1874,0.4,Skenario 1 - Normal,775
0.028384520149143437,0.042404004299333276,0.15069195284469503,584,1367,1951,0.4,Skenario 1 - Normal,776
0.02459467246210364,0.03796461770713343,0.1271097046413502,544,1352,1896,0.4,Skenario 1 - Normal,777
0.027006541729897453,0.04141610574783528,0.15562735595045774,579,1278,1857,0.4,Skenario 1 - Normal,778
0.028640570854977985,0.04060156341596977,0.13845376452753916,600,1378,1978,0.4,Skenario 1 - Normal,779
0.03493221656210525,0.0525666125495115,0.19874804381846636,558,1359,1917,0.4,Skenario 1 - Normal,780
0.024596670799862382,0.04370769754717656,0.15650741350906094,517,1302,1819,0.4,Skenario 1 - Normal,781
0.021013451030749242,0.03291351858417006,0.1105318039624609,583,1334,1917,0.4,Skenario 1 - Normal,782
0.01614755443849092,0.03767351243784604,0.13333333333333333,537,1367,1904,0.4,Skenario 1 - Normal,783
0.02727447260145136,0.042140162954250375,0.15463389656938045,555,1398,1953,0.4,Skenario 1 - Normal,784
0.021480116557357636,0.042880813602942734,0.14954763171899946,531,1347,1878,0.4,Skenario 1 - Normal,785
0.025019541924184884,0.03758464877143785,0.12603305785123967,590,1344,1934,0.4,Skenario 1 - Normal,786
0.02873520140722054,0.04078499880122071,0.13283740701381508,601,1281,1882,0.4,Skenario 1 - Normal,787
0.02880804187180774,0.04662917308338845,0.17932489451476794,580,1315,1895,0.4,Skenario 1 - Normal,788
0.020473619819278883,0.025950019718184825,0.08011363636363636,519,1239,1758,0.4,Skenario 1 - Normal,789
0.029078170307398454,0.03852054705379537,0.14045801526717558,599,1366,1965,0.4,Skenario 1 - Normal,790
0.018338163315585982,0.031895790045669614,0.10641627543035993,563,1354,1917,0.4,Skenario 1 - Normal,791
0.02026657288570267,0.038290028784812455,0.12989690721649486,561,1379,1940,0.4,Skenario 1 - Normal,792
0.025617329331824035,0.050697423616015445,0.19599578503688092,553,1345,1898,0.4,Skenario 1 - Normal,793
0.026181615995470902,0.03621749166952684,0.14039806347498654,570,1289,1859,0.4,Skenario 1 - Normal,794
0.027328462746371483,0.045377206865660435,0.16235413495687467,599,1371,1970,0.4,Skenario 1 - Normal,795
0.02518090294227047,0.04064365297098684,0.14599285349668198,583,1375,1958,0.4,Skenario 1 - Normal,796
0.026313754419626634,0.05802893082691545,0.20291310899045706,586,1403,1989,0.4,Skenario 1 - Normal,797
0.03255952192507598,0.0497871185212252,0.17971163748712668,576,1366,1942,0.4,Skenario 1 - Normal,798
0.020747485394281655,0.058510043313952625,0.23940786115364981,589,1370,1959,0.4,Skenario 1 - Normal,799
0.024582011436892648,0.04320410194168327,0.14593175853018373,577,1327,1904,0.4,Skenario 1 - Normal,800
0.018927901199995024,0.03769945172431497,0.11088295687885011,601,1346,1947,0.4,Skenario 1 - Normal,801
0.025202935628378734,0.05212296170613091,0.18571428571428572,585,1304,1889,0.4,Skenario 1 - Normal,802
0.029244305237501707,0.044366071602236344,0.152276295133438,587,1323,1910,0.4,Skenario 1 - Normal,803
0.020255808805887433,0.0404510693717712,0.13668341708542714,592,1397,1989,0.4,Skenario 1 - Normal,804
0.023089514581732567,0.03936859893990859,0.1522086216072379,579,1299,1878,0.4,Skenario 1 - Normal,805
0.025462912006898555,0.03559998344440951,0.1115702479338843,590,1344,1934,0.4,Skenario 1 - Normal,806
0.022237010998964364,0.044690369544765414,0.16310975609756098,543,1424,1967,0.4,Skenario 1 - Normal,807
0.018724359161785675,0.04006670588716913,0.1217437533227007,531,1350,1881,0.4,Skenario 1 - Normal,808
0.023415712920782265,0.0327457223410332,0.13164687661331956,593,1344,1937,0.4,Skenario 1 - Normal,809
0.026524857916764028,0.037046421391447655,0.12407211028632026,575,1309,1884,0.4,Skenario 1 - Normal,810
0.023510479637685242,0.03862237504506147,0.12075471698113208,556,1299,1855,0.4,Skenario 1 - Normal,811
0.025410933108802915,0.036176316610125964,0.13578947368421052,568,1332,1900,0.4,Skenario 1 - Normal,812
0.022567635084425806,0.04156253476013789,0.15608740894901144,614,1308,1922,0.4,Skenario 1 - Normal,813
0.023402863133491162,0.030446185769201974,0.10542635658914729,562,1373,1935,0.4,Skenario 1 - Normal,814
0.027563804484711765,0.040780133819539356,0.13729615991583377,538,1361,1899,0.4,Skenario 1 - Normal,815
0.024943142368107206,0.03704416063572671,0.13222280062467465,605,1315,1920,0.4,Skenario 1 - Normal,816
0.024535955463178816,0.03358047409844041,0.10335641981885989,561,1315,1876,0.4,Skenario 1 - Normal,817
0.0305107302148707,0.05689229831663512,0.20268179473955647,590,1349,1939,0.4,Skenario 1 - Normal,818
0.031034780601358957,0.036831104976808283,0.14397089397089397,603,1321,1924,0.4,Skenario 1 - Normal,819
0.025260217083931988,0.050186444307813716,0.18549580661075482,596,1429,2025,0.4,Skenario 1 - Normal,820
0.023724199687797258,0.04086177082154047,0.14119433198380565,595,1379,1974,0.4,Skenario 1 - Normal,821
0.030251005690426946,0.05516599772358063,0.1959079283887468,599,1356,1955,0.4,Skenario 1 - Normal,822
0.02446646339223885,0.04365570907150205,0.15276329509906153,559,1358,1917,0.4,Skenario 1 - Normal,823
0.030265287249281802,0.05120080791006283,0.18052014278429374,592,1368,1960,0.4,Skenario 1 - Normal,824
0.024019156422131666,0.05578970593442455,0.2102827763496144,618,1327,1945,0.4,Skenario 1 - Normal,825
0.023987013825662255,0.03872526234076561,0.13544241225902126,588,1434,2022,0.4,Skenario 1 - Normal,826
0.023168836064858794,0.03624602017327014,0.11899791231732777,574,1341,1915,0.4,Skenario 1 - Normal,827
0.03264315499170648,0.043601858999680956,0.17587430309173846,622,1351,1973,0.4,Skenario 1 - Normal,828
0.02061576836724751,0.04047287015380749,0.14195914091147196,593,1316,1909,0.4,Skenario 1 - Normal,829
0.022400004441944,0.03539620705175301,0.1134020618556701,561,1281,1842,0.4,Skenario 1 - Normal,830
0.026375272232826024,0.037237617121465255,0.1514705882352941,630,1410,2040,0.4,Skenario 1 - Normal,831
0.031234264273830217,0.043935088965991465,0.1574884199691199,576,1366,1942,0.4,Skenario 1 - Normal,832
0.017643697303752707,0.035831277001718925,0.12868217054263567,555,1380,1935,0.4,Skenario 1 - Normal,833
0.0266950468531152,0.04202100556058907,0.1366869918699187,626,1340,1966,0.4,Skenario 1 - Normal,834
0.022254753140844043,0.04020367198263752,0.12665929203539822,513,1294,1807,0.4,Skenario 1 - Normal,835
0.023783425106022604,0.0354862698235078,0.11146328578975172,549,1342,1891,0.4,Skenario 1 - Normal,836
0.032829296309006835,0.04148017427237912,0.1626226122870418,593,1342,1935,0.4,Skenario 1 - Normal,837
0.019446561655347222,0.04723063057003474,0.17917304747320062,593,1366,1959,0.4,Skenario 1 - Normal,838
0.02724121112457438,0.0348620666419768,0.12216956292785677,581,1317,1898,0.4,Skenario 1 - Normal,839
0.03265100371979951,0.06597307862722285,0.2375249500998004,617,1387,2004,0.4,Skenario 1 - Normal,840
0.024597298290982283,0.03726993685499689,0.12356020942408377,600,1310,1910,0.4,Skenario 1 - Normal,841
0.02525802085250111,0.04075104461808113,0.12506433350488935,583,1360,1943,0.4,Skenario 1 - Normal,842
0.027433364665534928,0.03938753456146913,0.15442655935613683,601,1386,1987,0.4,Skenario 1 - Normal,843
0.021678867706605667,0.04093473736567409,0.13770325203252032,628,1339,1967,0.4,Skenario 1 - Normal,844
0.02098950697408043,0.03851274133910503,0.1339001062699256,553,1328,1881,0.4,Skenario 1 - Normal,845
0.0342721371622008,0.0577150861826141,0.21439509954058192,574,1385,1959,0.4,Skenario 1 - Normal,846
0.028304424398821203,0.0501470303569626,0.19381443298969073,565,1373,1938,0.4,Skenario 1 - Normal,847
0.023007965919222783,0.04632762327999193,0.17807539682539683,588,1428,2016,0.4,Skenario 1 - Normal,848
0.025536282896219453,0.049136700119456755,0.18229166666666666,598,1322,1920,0.4,Skenario 1 - Normal,849
0.02633044614348403,0.04660149585243285,0.15560165975103735,563,1365,1928,0.4,Skenario 1 - Normal,850
0.01804675061460494,0.04334149601201663,0.1502860114404576,559,1364,1923,0.4,Skenario 1 - Normal,851
0.03328547479956916,0.04630952133551924,0.18024172359432475,557,1345,1902,0.4,Skenario 1 - Normal,852
0.023659002622858936,0.04726041328336093,0.17132867132867133,597,1404,2001,0.4,Skenario 1 - Normal,853
0.027783833871939105,0.04030780899182942,0.14743921365752716,546,1385,1931,0.4,Skenario 1 - Normal,854
0.028879570428426274,0.04513710663802463,0.17650103519668736,603,1329,1932,0.4,Skenario 1 - Normal,855
0.021213065216319788,0.040562758772762116,0.13278008298755187,600,1328,1928,0.4,Skenario 1 - Normal,856
0.03198228151610657,0.05067416516150722,0.2,595,1415,2010,0.4,Skenario 1 - Normal,857
0.029240633080242946,0.03875718137222523,0.1400214592274678,589,1275,1864,0.4,Skenario 1 - Normal,858
0.024304331304421337,0.03500999766252439,0.11896288764616167,574,1393,1967,0.4,Skenario 1 - Normal,859
0.02801917702869649,0.05305525585815219,0.1973347001537673,612,1339,1951,0.4,Skenario 1 - Normal,860
0.02397375582686651,0.030392896263443256,0.10764430577223089,569,1353,1922,0.4,Skenario 1 - Normal,861
0.02524810966358111,0.0453973344819646,0.1510791366906475,608,1338,1946,0.4,Skenario 1 - Normal,862
0.028545095475717014,0.060363423248561136,0.21867321867321868,589,1445,2034,0.4,Skenario 1 - Normal,863
0.023440218594184808,0.03930352580613523,0.1348314606741573,557,1312,1869,0.4,Skenario 1 - Normal,864
0.018313504542736895,0.04025753362692573,0.12493465760585468,585,1327,1912,0.4,Skenario 1 - Normal,865
0.02480228371118878,0.0336408634374709,0.10463300364393545,560,1359,1919,0.4,Skenario 1 - Normal,866
0.021775829424611565,0.043676859945215224,0.14764397905759163,543,1366,1909,0.4,Skenario 1 - Normal,867
0.028890731482454583,0.05026019018666095,0.18259023354564755,571,1313,1884,0.4,Skenario 1 - Normal,868
0.030833751368666708,0.04769830606028248,0.15388655462184875,583,1321,1904,0.4,Skenario 1 - Normal,869
0.030982789729483155,0.04849822701201396,0.18061224489795918,579,1381,1960,0.4,Skenario 1 - Normal,870
0.023316135978236913,0.047512753250346144,0.1526207605344296,563,1382,1945,0.4,Skenario 1 - Normal,871
0.03133454127328162,0.0410456049946123,0.14716781365802012,577,1312,1889,0.4,Skenario 1 - Normal,872
0.02203186871424567,0.04117759236020657,0.1307732226258433,585,1341,1926,0.4,Skenario 1 - Normal,873
0.025124886963066518,0.0448400327651824,0.17877984084880635,525,1360,1885,0.4,Skenario 1 - Normal,874
0.02684470715198136,0.04003011578027671,0.1500789889415482,586,1313,1899,0.4,Skenario 1 - Normal,875
0.02317997698903161,0.038357039323491944,0.1178925404277517,580,1336,1916,0.4,Skenario 1 - Normal,876
0.024564934878575525,0.0385937071198973,0.12796697626418987,565,1371,1936,0.4,Skenario 1 - Normal,877
0.027463415171285862,0.039165473633550635,0.12784679089026915,590,1341,1931,0.4,Skenario 1 - Normal,878
0.021439281934893764,0.04196481778268383,0.13326168726491133,554,1305,1859,0.4,Skenario 1 - Normal,879
0.026959502079668084,0.035189976802338256,0.11987213638785296,573,1304,1877,0.4,Skenario 1 - Normal,880
0.026187285479308587,0.04926009850468396,0.16876574307304787,592,1391,1983,0.4,Skenario 1 - Normal,881
0.030239109626168652,0.045338425816020225,0.16337885685381892,585,1390,1975,0.4,Skenario 1 - Normal,882
0.038060396277832136,0.051596801495489016,0.20351239669421486,580,1356,1936,0.4,Skenario 1 - Normal,883
0.023912761787983274,0.041287833924762395,0.15190525231719876,548,1392,1940,0.4,Skenario 1 - Normal,884
0.030415570366377487,0.04034386979730561,0.15731515469323545,533,1373,1906,0.4,Skenario 1 - Normal,885
0.022634402410190463,0.033969181951805906,0.11803781297904957,588,1367,1955,0.4,Skenario 1 - Normal,886
0.020807732968358385,0.03635800380669198,0.1239294710327456,594,1389,1983,0.4,Skenario 1 - Normal,887
0.02838279859317824,0.044297365474421105,0.17806788511749347,567,1347,1914,0.4,Skenario 1 - Normal,888
0.026507911937115308,0.041551387029682,0.14889232354456466,579,1362,1941,0.4,Skenario 1 - Normal,889
0.023496509593762014,0.0373656150185056,0.12258737610850287,581,1335,1916,0.4,Skenario 1 - Normal,890
0.029358467735149864,0.05097984001532773,0.19030792529025745,607,1372,1979,0.4,Skenario 1 - Normal,891
0.02734180177909158,0.0509860830042961,0.18479958355023426,605,1315,1920,0.4,Skenario 1 - Normal,892
0.025465305814587887,0.03294077856869884,0.11464646464646465,553,1427,1980,0.4,Skenario 1 - Normal,893
0.02411454352621814,0.048819193014299,0.15704154002026344,580,1393,1973,0.4,Skenario 1 - Normal,894
0.01998200374364464,0.03491747976879537,0.10836401893740137,587,1313,1900,0.4,Skenario 1 - Normal,895
0.028956936838730626,0.04466705379243357,0.1571136131013306,607,1345,1952,0.4,Skenario 1 - Normal,896
0.025478762283103754,0.044180152731956114,0.1639957264957265,593,1279,1872,0.4,Skenario 1 - Normal,897
0.025289789528832603,0.048108289953968784,0.1934826883910387,576,1388,1964,0.4,Skenario 1 - Normal,898
0.02633073081710485,0.04334257771614716,0.1562982005141388,602,1343,1945,0.4,Skenario 1 - Normal,899
0.02502609157791809,0.03970530061514675,0.14534883720930233,541,1351,1892,0.4,Skenario 1 - Normal,900
0.02382089082654694,0.040010550186362,0.138003136434919,589,1324,1913,0.4,Skenario 1 - Normal,901
0.0294862127508639,0.03907294150253789,0.15649050795279631,575,1374,1949,0.4,Skenario 1 - Normal,902
0.023189879400221984,0.053403793905240464,0.19751809720785937,562,1372,1934,0.4,Skenario 1 - Normal,903
0.033223439777764714,0.05514096986215145,0.193794506612411,615,1351,1966,0.4,Skenario 1 - Normal,904
0.031822467578557875,0.0400050413866431,0.1425462459194777,555,1282,1837,0.4,Skenario 1 - Normal,905
0.018021741272715514,0.029129253992363133,0.10426540284360189,568,1330,1898,0.4,Skenario 1 - Normal,906
0.02371886641766361,0.03353626088707538,0.12585933368588048,559,1332,1891,0.4,Skenario 1 - Normal,907
0.030124929005136962,0.0457839725371273,0.17479674796747968,589,1378,1967,0.4,Skenario 1 - Normal,908
0.02437801740672512,0.03583590814281392,0.12420382165605096,588,1295,1883,0.4,Skenario 1 - Normal,909
0.03325578240275072,0.041662697761875825,0.1536,565,1310,1875,0.4,Skenario 1 - Normal,910
0.028512817719718635,0.049974342483923885,0.1665788086452293,582,1315,1897,0.4,Skenario 1 - Normal,911
0.026934901067335832,0.059159890238097874,0.22690355329949238,576,1394,1970,0.4,Skenario 1 - Normal,912
0.020800855674619576,0.033195556126487134,0.10701298701298702,563,1360,1923,0.4,Skenario 1 - Normal,913
0.024994580120670472,0.04234877942054279,0.14111405835543767,569,1315,1884,0.4,Skenario 1 - Normal,914
0.027030130451530656,0.04504509347567969,0.16856846473029047,567,1360,1927,0.4,Skenario 1 - Normal,915
0.024963768517572062,0.0540395449615154,0.21105263157894738,563,1336,1899,0.4,Skenario 1 - Normal,916
0.023544199112300653,0.045167275729101466,0.1478396668401874,577,1343,1920,0.4,Skenario 1 - Normal,917
0.02292777890786429,0.04103579393836701,0.1535965386695511,538,1310,1848,0.4,Skenario 1 - Normal,918
0.028472462195811614,0.046379970699242476,0.16533466533466534,635,1365,2000,0.4,Skenario 1 - Normal,919
0.021255154876214585,0.03646088575013683,0.11025781678551838,543,1279,1822,0.4,Skenario 1 - Normal,920
0.02388817811823872,0.03603090423842716,0.12111637704054766,571,1326,1897,0.4,Skenario 1 - Normal,921
0.02388692665416763,0.04699667758197826,0.17281348788198103,553,1343,1896,0.4,Skenario 1 - Normal,922
0.030635031973962078,0.059956732181074925,0.22840790842872008,574,1346,1920,0.4,Skenario 1 - Normal,923
0.03115718931575805,0.049854311639708854,0.16768916155419222,606,1348,1954,0.4,Skenario 1 - Normal,924
0.027521254957135123,0.03405738696719498,0.10431654676258993,559,1387,1946,0.4,Skenario 1 - Normal,925
0.026402751716341592,0.0377998224220942,0.13346814964610718,607,1370,1977,0.4,Skenario 1 - Normal,926
0.028152286040531126,0.03741031264906528,0.12148070907194995,529,1388,1917,0.4,Skenario 1 - Normal,927
0.026178948817282527,0.04311879478105515,0.14389989572471323,600,1318,1918,0.4,Skenario 1 - Normal,928
0.022752538664096676,0.04079730852917061,0.14608512874408827,572,1330,1902,0.4,Skenario 1 - Normal,929
0.024734107211314003,0.04200306078006807,0.13076923076923078,580,1369,1949,0.4,Skenario 1 - Normal,930
0.023437194450132065,0.03647768875023547,0.12010443864229765,608,1305,1913,0.4,Skenario 1 - Normal,931
0.025813062561057504,0.038443272844226155,0.13308189655172414,558,1298,1856,0.4,Skenario 1 - Normal,932
0.025868546778521243,0.035165144641942654,0.12100926879505665,584,1356,1940,0.4,Skenario 1 - Normal,933
0.0243261957215614,0.050242842490825584,0.1825726141078838,562,1366,1928,0.4,Skenario 1 - Normal,934
0.029594390645002654,0.04980678077178817,0.20282542885973764,592,1390,1982,0.4,Skenario 1 - Normal,935
0.02388655952591763,0.05229484719307521,0.1716101694915254,542,1345,1887,0.4,Skenario 1 - Normal,936
0.02618664234082339,0.03671759459890869,0.13439752832131824,578,1364,1942,0.4,Skenario 1 - Normal,937
0.019499763918819475,0.040696840060174565,0.15279241306638566,529,1369,1898,0.4,Skenario 1 - Normal,938
0.020995563137104517,0.028430650748906043,0.09603340292275574,606,1308,1914,0.4,Skenario 1 - Normal,939
0.02018211445320578,0.04064743267759237,0.13203577064702787,599,1300,1899,0.4,Skenario 1 - Normal,940
0.022189979441375213,0.04771090161730772,0.16109913793103448,604,1252,1856,0.4,Skenario 1 - Normal,941
0.02539656123265958,0.03605182767895083,0.13547706905640486,546,1350,1896,0.4,Skenario 1 - Normal,942
0.026449272293626327,0.045805884565290694,0.1524640657084189,599,1348,1947,0.4,Skenario 1 - Normal,943
0.02906942164322923,0.04991244840997853,0.18143459915611815,600,1296,1896,0.4,Skenario 1 - Normal,944
0.021035329541308302,0.03956163115985295,0.1368421052631579,567,1333,1900,0.4,Skenario 1 - Normal,945
0.028830202763238225,0.0444370662395486,0.17221644120707597,588,1332,1920,0.4,Skenario 1 - Normal,946
0.02602533896961731,0.04042323202034635,0.1450538185545874,581,1369,1950,0.4,Skenario 1 - Normal,947
0.0234522109200751,0.039969930533775205,0.12493546721734641,574,1361,1935,0.4,Skenario 1 - Normal,948
0.021262201476290498,0.04154855841781656,0.14293304994686504,555,1327,1882,0.4,Skenario 1 - Normal,949
0.027211545371375066,0.030247491349139795,0.10432033719704953,549,1349,1898,0.4,Skenario 1 - Normal,950
0.026354968964305496,0.03643023638960535,0.10320284697508897,549,1416,1965,0.4,Skenario 1 - Normal,951
0.028031018370679128,0.0543181443480729,0.20723014256619143,575,1388,1963,0.4,Skenario 1 - Normal,952
0.02730676114116866,0.03398034162852902,0.11829652996845426,551,1351,1902,0.4,Skenario 1 - Normal,953
0.027024922492228244,0.048807787456325843,0.19084763390535622,581,1340,1921,0.4,Skenario 1 - Normal,954
0.02188894957137366,0.028344756266642082,0.10352075669994745,558,1344,1902,0.4,Skenario 1 - Normal,955
0.026356016180254342,0.04617532799963654,0.15332286760858188,583,1327,1910,0.4,Skenario 1 - Normal,956
0.02355936352787728,0.03931885639203935,0.13614775725593667,591,1303,1894,0.4,Skenario 1 - Normal,957
0.033363026203915215,0.047514636051596754,0.17382307294361096,565,1367,1932,0.4,Skenario 1 - Normal,958
0.02066537951896423,0.04287505159871533,0.15272727272727274,564,1361,1925,0.4,Skenario 1 - Normal,959
0.020176526112307237,0.03580598813071685,0.1181959564541213,562,1367,1929,0.4,Skenario 1 - Normal,960
0.016781472446330683,0.04289237371371005,0.13425925925925927,588,1355,1943,0.4,Skenario 1 - Normal,961
0.023641684838348966,0.034519558264377685,0.10284810126582279,559,1337,1896,0.4,Skenario 1 - Normal,962
0.02749597092838045,0.054076165227802085,0.21797520661157024,577,1357,1934,0.4,Skenario 1 - Normal,963
0.026150152646189154,0.04690739707477378,0.16334033613445378,568,1335,1903,0.4,Skenario 1 - Normal,964
0.021308220328537457,0.042724243127219216,0.13897435897435897,553,1397,1950,0.4,Skenario 1 - Normal,965
0.02275464953222871,0.03664718987589505,0.1092479674796748,588,1380,1968,0.4,Skenario 1 - Normal,966
0.022563996954113874,0.030938062313060316,0.0995260663507109,598,1299,1897,0.4,Skenario 1 - Normal,967
0.02901848885650457,0.0396047465675959,0.12682137075013492,562,1291,1853,0.4,Skenario 1 - Normal,968
0.020740902841589318,0.03804185708371469,0.10191780821917808,520,1304,1824,0.4,Skenario 1 - Normal,969
0.027940601336981084,0.06623474516796571,0.25065002600104,577,1344,1921,0.4,Skenario 1 - Normal,970
0.024752005233205986,0.04333550497275102,0.16094310609943618,549,1402,1951,0.4,Skenario 1 - Normal,971
0.025563749402986453,0.03888355983978486,0.12629399585921325,575,1356,1931,0.4,Skenario 1 - Normal,972
0.03220454764071531,0.04816364810423688,0.1905503634475597,572,1352,1924,0.4,Skenario 1 - Normal,973
0.028526905898707575,0.041510414938352294,0.1462655601659751,577,1351,1928,0.4,Skenario 1 - Normal,974
0.02741744629334879,0.040811456516497806,0.16818914562063406,559,1301,1860,0.4,Skenario 1 - Normal,975
0.032367858061406046,0.0464969119091086,0.18148535564853557,558,1354,1912,0.4,Skenario 1 - Normal,976
0.018463751716668635,0.034630445288069994,0.11906005221932114,556,1358,1914,0.4,Skenario 1 - Normal,977
0.022909244369543544,0.029808810430590308,0.10496083550913839,553,1361,1914,0.4,Skenario 1 - Normal,978
0.02593231611488168,0.0502557730082635,0.17942219969589457,569,1404,1973,0.4,Skenario 1 - Normal,979
0.02562599509600571,0.04108386979032774,0.13660618996798293,591,1283,1874,0.4,Skenario 1 - Normal,980
0.021999736060859185,0.033419763559425546,0.1035366478728857,594,1356,1950,0.4,Skenario 1 - Normal,981
0.02698952706582005,0.03909986325813094,0.14330056906363167,604,1328,1932,0.4,Skenario 1 - Normal,982
0.02727266362105522,0.042671391449681274,0.15413533834586465,512,1349,1861,0.4,Skenario 1 - Normal,983
0.03132061430892788,0.03929870101797699,0.1511627906976744,610,1368,1978,0.4,Skenario 1 - Normal,984
0.02290831896291975,0.05268806844032469,0.17481402763018067,566,1316,1882,0.4,Skenario 1 - Normal,985
0.022695967952455584,0.03913413540772388,0.12868217054263567,577,1358,1935,0.4,Skenario 1 - Normal,986
0.021332619761514963,0.04156312174324886,0.15,591,1367,1958,0.4,Skenario 1 - Normal,987
0.03573123209334949,0.037113751795612306,0.13097155126140633,579,1284,1863,0.4,Skenario 1 - Normal,988
0.029663834953894738,0.039369372437038495,0.1456058242329693,582,1341,1923,0.4,Skenario 1 - Normal,989
0.025447519275303615,0.036653691179658464,0.12114413909141895,531,1252,1783,0.4,Skenario 1 - Normal,990
0.024209999870507044,0.03613046031590721,0.1,560,1309,1869,0.4,Skenario 1 - Normal,991
0.030151854495120027,0.040869409687321445,0.1652542372881356,558,1328,1886,0.4,Skenario 1 - Normal,992
0.02499051259328982,0.03847258581038108,0.12545931758530185,583,1320,1903,0.4,Skenario 1 - Normal,993
0.022356277527456815,0.0284292991074304,0.08931419457735247,574,1307,1881,0.4,Skenario 1 - Normal,994
0.040399887805707704,0.05338683161765782,0.22807017543859648,585,1353,1938,0.4,Skenario 1 - Normal,995
0.02598181572541998,0.04139242453178056,0.13695765812859384,590,1322,1912,0.4,Skenario 1 - Normal,996
0.026147058071678594,0.04067188907948172,0.14702970297029702,626,1392,2018,0.4,Skenario 1 - Normal,997
0.023336010719700397,0.05635586157086018,0.19445843828715365,592,1392,1984,0.4,Skenario 1 - Normal,998
0.022772508878669825,0.03520902789379434,0.12352941176470589,523,1347,1870,0.4,Skenario 1 - Normal,999
0.022533125048582018,0.03897929325227941,0.12916246215943492,599,1383,1982,0.4,Skenario 1 - Normal,1000
0.10170772637338021,0.4319792878802948,2.690220174091142,1164,2740,3904,0.8,Skenario 2 - Lonjakan,1
0.09369281537242843,0.3632510854996583,2.1805627931214175,1132,2704,3836,0.8,Skenario 2 - Lonjakan,2
0.09629945897107835,0.44572230131430457,2.7238169123351437,1148,2719,3867,0.8,Skenario 2 - Lonjakan,3
0.09669742573649116,0.5738329586110151,3.525912215758858,1120,2660,3780,0.8,Skenario 2 - Lonjakan,4
0.1054926857816134,0.5587052137782149,3.4001516683518704,1196,2760,3956,0.8,Skenario 2 - Lonjakan,5
0.09658030640653006,0.3806271704863068,2.2609743040685224,1133,2601,3734,0.8,Skenario 2 - Lonjakan,6
0.09384186876554068,0.3994638156050563,2.4426358624310844,1119,2690,3809,0.8,Skenario 2 - Lonjakan,7
0.09327412910790739,0.43948956976263415,2.551365409622887,1215,2628,3843,0.8,Skenario 2 - Lonjakan,8
0.09529568872257264,0.4613862869241761,2.800977114939573,1197,2690,3887,0.8,Skenario 2 - Lonjakan,9
0.08344382300194625,0.38630125721059155,2.3391797781790045,1163,2713,3876,0.8,Skenario 2 - Lonjakan,10
0.08750409099609369,0.6847000396465902,4.329438658877318,1162,2773,3935,0.8,Skenario 2 - Lonjakan,11
0.09687486881335389,0.41528488063659574,2.508600158772162,1149,2628,3777,0.8,Skenario 2 - Lonjakan,12
0.08407510474213364,0.3040289397337799,1.7973008732468907,1110,2667,3777,0.8,Skenario 2 - Lonjakan,13
0.0921179372979539,0.49937984176281824,2.958178930651138,1194,2583,3777,0.8,Skenario 2 - Lonjakan,14
0.09142053968959492,0.41115043328329676,2.4203318409270476,1138,2658,3796,0.8,Skenario 2 - Lonjakan,15
0.10114910145375618,0.6967447946179373,4.338064516129032,1164,2711,3875,0.8,Skenario 2 - Lonjakan,16
0.08994776464308683,0.37843200286058637,2.216052776250687,1138,2498,3636,0.8,Skenario 2 - Lonjakan,17
0.10481084353442346,0.5494539747959816,3.3441191576784797,1169,2723,3892,0.8,Skenario 2 - Lonjakan,18
0.09747226205838344,0.45702706181684655,2.7880574064582264,1197,2703,3900,0.8,Skenario 2 - Lonjakan,19
0.09752351484298148,0.45688094158404546,2.8856416772554003,1177,2756,3933,0.8,Skenario 2 - Lonjakan,20
0.0973698129099481,0.44254360530414094,2.6170378042465043,1232,2629,3861,0.8,Skenario 2 - Lonjakan,21
0.08359184627669544,0.4271455586681638,2.5843230403800477,1137,2651,3788,0.8,Skenario 2 - Lonjakan,22
0.08665399969431742,0.49069093954827736,2.95640756302521,1141,2665,3806,0.8,Skenario 2 - Lonjakan,23
0.08514249584591686,0.48550854790543624,2.964801681113738,1158,2647,3805,0.8,Skenario 2 - Lonjakan,24
0.093918932909592,0.4887670826386975,3.1206196038598275,1190,2748,3938,0.8,Skenario 2 - Lonjakan,25
0.09537331220819993,0.5776350271478441,3.3852007347152977,1174,2637,3811,0.8,Skenario 2 - Lonjakan,26
0.09362118849914935,0.5035017367273751,3.105567226890756,1134,2672,3806,0.8,Skenario 2 - Lonjakan,27
0.09124865642088613,0.46161313798985193,2.837509891849116,1081,2708,3789,0.8,Skenario 2 - Lonjakan,28
0.08746226653245774,0.40568443171583574,2.4233272585264256,1127,2713,3840,0.8,Skenario 2 - Lonjakan,29
0.10451462694784242,0.4401334776379036,2.6774278215223095,1168,2641,3809,0.8,Skenario 2 - Lonjakan,30
0.08665549215361934,0.4185127721578428,2.512444328006288,1171,2644,3815,0.8,Skenario 2 - Lonjakan,31
0.09914910498484776,0.48206039969716663,2.8707194053623573,1133,2632,3765,0.8,Skenario 2 - Lonjakan,32
0.09383259484683812,0.4548455941924891,2.8329928498467822,1175,2739,3914,0.8,Skenario 2 - Lonjakan,33
0.08567039645501504,0.3998758666727823,2.4024485543110186,1191,2646,3837,0.8,Skenario 2 - Lonjakan,34
0.0920770039047096,0.647165836788618,3.9880798134231665,1120,2737,3857,0.8,Skenario 2 - Lonjakan,35
0.10393108894776813,0.5259332608739897,3.225864276568502,1197,2706,3903,0.8,Skenario 2 - Lonjakan,36
0.09753164615362897,0.4101485038298011,2.5528124204632223,1171,2756,3927,0.8,Skenario 2 - Lonjakan,37
0.08724843050101916,0.3930325813904996,2.390325918261769,1133,2732,3865,0.8,Skenario 2 - Lonjakan,38
0.10027703869211096,0.5124383542266406,3.0978966502207217,1165,2684,3849,0.8,Skenario 2 - Lonjakan,39
0.08820076623884422,0.43289394199558445,2.6598069105691056,1181,2753,3934,0.8,Skenario 2 - Lonjakan,40
0.10206421916723014,0.4807217787610595,2.9772785294868522,1201,2714,3915,0.8,Skenario 2 - Lonjakan,41
0.08756738688054928,0.37431387532261434,2.22411498536066,1104,2651,3755,0.8,Skenario 2 - Lonjakan,42
0.08534272078558162,0.4912194812079251,2.9419371865927686,1126,2661,3787,0.8,Skenario 2 - Lonjakan,43
0.09669096239227735,0.5874724773326723,3.7366161616161615,1117,2841,3958,0.8,Skenario 2 - Lonjakan,44
0.09998493420090067,0.47054782934174183,2.8408322496749023,1118,2725,3843,0.8,Skenario 2 - Lonjakan,45
0.0937433096394291,0.688330935043262,4.258324661810614,1104,2738,3842,0.8,Skenario 2 - Lonjakan,46
0.09113202979866016,0.4114912090986062,2.4841581565854938,1132,2685,3817,0.8,Skenario 2 - Lonjakan,47
0.09432404959224659,0.37263735389447666,2.267042404723564,1081,2643,3724,0.8,Skenario 2 - Lonjakan,48
0.08755443274181791,0.40896545032979303,2.3629469122426867,1105,2585,3690,0.8,Skenario 2 - Lonjakan,49
0.0930757386057069,0.48378551906582384,3.0281653066596474,1136,2661,3797,0.8,Skenario 2 - Lonjakan,50
0.08365713170537338,0.33426850090114957,1.9839543105792765,1127,2549,3676,0.8,Skenario 2 - Lonjakan,51
0.09350751127400672,0.5172656465795145,3.202319587628866,1094,2784,3878,0.8,Skenario 2 - Lonjakan,52
0.07914048583977479,0.2566311089914616,1.5505529225908372,1136,2660,3796,0.8,Skenario 2 - Lonjakan,53
0.09160439731298387,0.38910617318118523,2.376773515501839,1134,2670,3804,0.8,Skenario 2 - Lonjakan,54
0.08453034722650045,0.3521343094432646,2.1075240128068304,1113,2633,3746,0.8,Skenario 2 - Lonjakan,55
0.09304485379037003,0.3549563117292618,2.201839684625493,1140,2663,3803,0.8,Skenario 2 - Lonjakan,56
0.10025134207500468,0.4761929890216072,2.853179795864957,1175,2646,3821,0.8,Skenario 2 - Lonjakan,57
0.08480563246651115,0.42547710125830657,2.508420208500401,1105,2635,3740,0.8,Skenario 2 - Lonjakan,58
0.0860364922269057,0.4465527732605013,2.6350698174006446,1116,2606,3722,0.8,Skenario 2 - Lonjakan,59
0.07214128562157107,0.31293136165639357,1.8859696641386783,1099,2591,3690,0.8,Skenario 2 - Lonjakan,60
0.08849815485508632,0.4111087049316064,2.5055379746835444,1153,2637,3790,0.8,Skenario 2 - Lonjakan,61
0.10861388554797259,0.5910096505172321,3.5984536082474228,1153,2726,3879,0.8,Skenario 2 - Lonjakan,62
0.09643383929512647,0.5101973133556986,3.0204670690107585,1097,2712,3809,0.8,Skenario 2 - Lonjakan,63
0.09514436157298527,0.33312997392845684,2.0355531971345187,1134,2633,3767,0.8,Skenario 2 - Lonjakan,64
0.08955544370484167,0.46327084987520406,2.858244680851064,1130,2628,3758,0.8,Skenario 2 - Lonjakan,65
0.07636426070243883,0.271988279359559,1.6172806785051683,1097,2674,3771,0.8,Skenario 2 - Lonjakan,66
0.08447382181312241,0.4458757731943196,2.774839537869063,1150,2743,3893,0.8,Skenario 2 - Lonjakan,67
0.09203979605856386,0.5598892439714227,3.4077242094349405,1157,2699,3856,0.8,Skenario 2 - Lonjakan,68
0.07704866563580699,0.3521827017160872,2.0460296096904442,1072,2643,3715,0.8,Skenario 2 - Lonjakan,69
0.09922307996145203,0.3907357518640209,2.411164924802447,1145,2776,3921,0.8,Skenario 2 - Lonjakan,70
0.0874528382249171,0.38715374385532,2.3867899603698812,1112,2671,3783,0.8,Skenario 2 - Lonjakan,71
0.09583018104046875,0.4825942119229407,2.8718954248366013,1157,2666,3823,0.8,Skenario 2 - Lonjakan,72
0.09463051570602933,0.39103289371195216,2.362811203319502,1118,2737,3855,0.8,Skenario 2 - Lonjakan,73
0.08724925968694759,0.3586800886639433,2.096068732101015,1174,2665,3839,0.8,Skenario 2 - Lonjakan,74
0.09062979895453409,0.5632536747777668,3.408803373748023,1137,2655,3792,0.8,Skenario 2 - Lonjakan,75
0.1006357266014511,0.49363653549789555,3.0613543788187374,1203,2724,3927,0.8,Skenario 2 - Lonjakan,76
0.08831671254112378,0.4727019532293385,2.872574724698479,1096,2718,3814,0.8,Skenario 2 - Lonjakan,77
0.09228827762112461,0.5098467251972342,3.075330054361895,1187,2675,3862,0.8,Skenario 2 - Lonjakan,78
0.09925743025036764,0.505800859445474,3.042956243329776,1114,2632,3746,0.8,Skenario 2 - Lonjakan,79
0.09230754485923502,0.4511936311675809,2.798979591836735,1151,2768,3919,0.8,Skenario 2 - Lonjakan,80
0.0952087237586745,0.4589113878834152,2.626359055953328,1196,2574,3770,0.8,Skenario 2 - Lonjakan,81
0.10684385266928746,0.5622740050180115,3.4477611940298507,1126,2759,3885,0.8,Skenario 2 - Lonjakan,82
0.08517935323123908,0.41735085008445916,2.4830058417419014,1166,2598,3764,0.8,Skenario 2 - Lonjakan,83
0.08719759296466856,0.41971326538166404,2.567172264355363,1104,2586,3690,0.8,Skenario 2 - Lonjakan,84
0.10703536616340362,0.6597049769488957,4.075051759834369,1133,2730,3863,0.8,Skenario 2 - Lonjakan,85
0.10428666409035216,0.43976985565671295,2.7079463364293086,1136,2740,3876,0.8,Skenario 2 - Lonjakan,86
0.08492928879836358,0.3265783698777396,1.9349615078311653,1154,2611,3765,0.8,Skenario 2 - Lonjakan,87
0.089157486620052,0.3257086115624138,1.9686830835117772,1154,2580,3734,0.8,Skenario 2 - Lonjakan,88
0.10229342278962876,0.5499209929525233,3.3496143958868894,1167,2721,3888,0.8,Skenario 2 - Lonjakan,89
0.08665893028995458,0.5253974147266879,3.0674717773693883,1157,2652,3809,0.8,Skenario 2 - Lonjakan,90
0.09678417721825569,0.49904038451348587,3.126885075403016,1088,2757,3845,0.8,Skenario 2 - Lonjakan,91
0.09970216798501007,0.3758294782236905,2.343676045227452,1090,2713,3803,0.8,Skenario 2 - Lonjakan,92
0.08904334085154442,0.44433025323374564,2.756413578647318,1172,2686,3858,0.8,Skenario 2 - Lonjakan,93
0.08554874611062459,0.3787777764659846,2.2154547893748324,1139,2586,3725,0.8,Skenario 2 - Lonjakan,94
0.0912390473865018,0.33739247150996343,2.067231203489864,1171,2725,3896,0.8,Skenario 2 - Lonjakan,95
0.0930874785827499,0.5334127104236924,3.2352171637885925,1127,2693,3820,0.8,Skenario 2 - Lonjakan,96
0.08830823683551828,0.36675319065548706,2.2058747745426435,1139,2741,3880,0.8,Skenario 2 - Lonjakan,97
0.10350359617856779,0.5209962986117417,3.138896087069189,1134,2725,3859,0.8,Skenario 2 - Lonjakan,98
0.08801956350476885,0.6003475508834908,3.692709694277502,1154,2672,3826,0.8,Skenario 2 - Lonjakan,99
0.09593781533258203,0.46257467178948214,2.7754785307811694,1180,2684,3864,0.8,Skenario 2 - Lonjakan,100
0.09633581349613686,0.41127605618831925,2.5197197716658017,1155,2697,3852,0.8,Skenario 2 - Lonjakan,101
0.09153642015924991,0.5728899924556173,3.5661993769470404,1115,2735,3850,0.8,Skenario 2 - Lonjakan,102
0.09415295329319491,0.4720061376071134,2.792986129285527,1177,2642,3819,0.8,Skenario 2 - Lonjakan,103
0.09251991895161313,0.5909531820252492,3.6172808132147396,1155,2778,3933,0.8,Skenario 2 - Lonjakan,104
0.09122593338868723,0.40676917591416484,2.473546359350445,1134,2682,3816,0.8,Skenario 2 - Lonjakan,105
0.08623298959321574,0.3521025924398381,2.1169334021683013,1130,2744,3874,0.8,Skenario 2 - Lonjakan,106
0.07937109408245953,0.4411760515203955,2.550106044538706,1143,2627,3770,0.8,Skenario 2 - Lonjakan,107
0.10266349312135924,0.5683736293317848,3.6291257243638197,1184,2784,3968,0.8,Skenario 2 - Lonjakan,108
0.1097991531608737,0.6252802859840078,3.814997405293202,1173,2680,3853,0.8,Skenario 2 - Lonjakan,109
0.09991163437032909,0.5050849248746051,3.119134515119917,1168,2666,3834,0.8,Skenario 2 - Lonjakan,110
0.09847968991832948,0.37842474937853426,2.2656084656084654,1167,2611,3778,0.8,Skenario 2 - Lonjakan,111
0.09055866028752428,0.4951723391960285,3.127809722948249,1118,2706,3824,0.8,Skenario 2 - Lonjakan,112
0.08975530093711197,0.4853042318016699,2.8463737977644916,1168,2677,3845,0.8,Skenario 2 - Lonjakan,113
0.10263331481226746,0.5458139069915274,3.438037430450177,1172,2780,3952,0.8,Skenario 2 - Lonjakan,114
0.09565926861501133,0.6729554083460713,4.053942974569741,1155,2736,3891,0.8,Skenario 2 - Lonjakan,115
0.0917914550134559,0.49484602997812427,2.901764550961285,1190,2606,3796,0.8,Skenario 2 - Lonjakan,116
0.0908273620218774,0.39974972757057353,2.384494909945184,1183,2646,3829,0.8,Skenario 2 - Lonjakan,117
0.10083488085542146,0.4982550003278593,3.051826898160145,1172,2685,3857,0.8,Skenario 2 - Lonjakan,118
0.09513992031214616,0.4346757086396344,2.6773950213728943,1197,2778,3975,0.8,Skenario 2 - Lonjakan,119
0.1026091074671536,0.590414220810739,3.5867308179285895,1209,2738,3947,0.8,Skenario 2 - Lonjakan,120
0.09713054624452401,0.6344665141823644,3.960061053167133,1131,2799,3930,0.8,Skenario 2 - Lonjakan,121
0.10343320649335766,0.487132533885532,3.022319138019497,1206,2690,3896,0.8,Skenario 2 - Lonjakan,122
0.09594037126732355,0.4784555913812567,2.937144335230212,1124,2740,3864,0.8,Skenario 2 - Lonjakan,123
0.09957706710855865,0.4988098116649816,3.0507152145643692,1112,2731,3843,0.8,Skenario 2 - Lonjakan,124
0.08641554506981136,0.3699166878360148,2.1910352187833513,1101,2645,3746,0.8,Skenario 2 - Lonjakan,125
0.08304154945932257,0.3309889357402712,2.0,1165,2533,3698,0.8,Skenario 2 - Lonjakan,126
0.08999344426622645,0.5412228136995813,3.387525562372188,1183,2727,3910,0.8,Skenario 2 - Lonjakan,127
0.09610968184599052,0.4229925281968618,2.5464538079036902,1174,2645,3819,0.8,Skenario 2 - Lonjakan,128
0.10143980437377258,0.36681897647500916,2.2113624124932687,1108,2604,3712,0.8,Skenario 2 - Lonjakan,129
0.08334204469183902,0.3702450264909288,2.2384496919917862,1196,2698,3894,0.8,Skenario 2 - Lonjakan,130
0.0756253096586678,0.33256292479734545,1.9650608787718369,1184,2592,3776,0.8,Skenario 2 - Lonjakan,131
0.0969306033113306,0.5704865987196234,3.411302982731554,1167,2655,3822,0.8,Skenario 2 - Lonjakan,132
0.08809527496436256,0.4394790279038313,2.6640604639040917,1137,2698,3835,0.8,Skenario 2 - Lonjakan,133
0.08429166792253304,0.36030955273082055,2.210092961487384,1103,2662,3765,0.8,Skenario 2 - Lonjakan,134
0.09051934011187035,0.4191661639913724,2.484659386375455,1251,2593,3844,0.8,Skenario 2 - Lonjakan,135
0.09547667594959265,0.4723562038455499,2.9267798327843932,1155,2790,3945,0.8,Skenario 2 - Lonjakan,136
0.10141803822306662,0.6638587953583286,4.072406529752501,1128,2668,3796,0.8,Skenario 2 - Lonjakan,137
0.08587985298379,0.3537926079518663,2.1094966268811626,1130,2722,3852,0.8,Skenario 2 - Lonjakan,138
0.10329922137599944,0.5860843559690403,3.5910118001506404,1184,2797,3981,0.8,Skenario 2 - Lonjakan,139
0.08014000818132873,0.29045280587441064,1.7682704811443433,1152,2691,3843,0.8,Skenario 2 - Lonjakan,140
0.08982378788075217,0.4108111758769949,2.452537470418091,1087,2715,3802,0.8,Skenario 2 - Lonjakan,141
0.09138861105769233,0.45065802957230416,2.726824201506102,1163,2686,3849,0.8,Skenario 2 - Lonjakan,142
0.08940422516759625,0.3227404153460043,1.8456908344733243,1083,2571,3654,0.8,Skenario 2 - Lonjakan,143
0.08776600713143176,0.42662657313994495,2.590072057646117,1107,2639,3746,0.8,Skenario 2 - Lonjakan,144
0.09730792847861085,0.6009012127473417,3.69320237787542,1155,2712,3867,0.8,Skenario 2 - Lonjakan,145
0.09649111532022768,0.5445084424284881,3.236503856041131,1223,2665,3888,0.8,Skenario 2 - Lonjakan,146
0.08712181794102794,0.4862167096963653,2.908256880733945,1101,2713,3814,0.8,Skenario 2 - Lonjakan,147
0.09797377640896784,0.592006515368061,3.5642746515229735,1206,2666,3872,0.8,Skenario 2 - Lonjakan,148
0.10290140782176536,0.46945950981944395,2.838634600465477,1162,2705,3867,0.8,Skenario 2 - Lonjakan,149
0.09124451549921261,0.5053781251082539,3.096277278562259,1149,2745,3894,0.8,Skenario 2 - Lonjakan,150
0.08342636291523965,0.3526038572247218,2.0940514469453375,1154,2576,3730,0.8,Skenario 2 - Lonjakan,151
0.08009168491420716,0.2958290083435075,1.7457180500658762,1117,2678,3795,0.8,Skenario 2 - Lonjakan,152
0.08537132119185133,0.4070246191660088,2.3609639830508473,1156,2618,3774,0.8,Skenario 2 - Lonjakan,153
0.09637253998181924,0.36527401237179064,2.2175864800633747,1115,2670,3785,0.8,Skenario 2 - Lonjakan,154
0.09817997934962137,0.5423630524419187,3.3096330275229358,1202,2721,3923,0.8,Skenario 2 - Lonjakan,155
0.08977930202914107,0.4182989388714783,2.5670650730411686,1114,2650,3764,0.8,Skenario 2 - Lonjakan,156
0.09581529791226408,0.46182191143000956,2.825167612171222,1162,2714,3876,0.8,Skenario 2 - Lonjakan,157
0.09106182585057156,0.49743303000683586,2.8430744595676543,1167,2578,3745,0.8,Skenario 2 - Lonjakan,158
0.10356346961224089,0.5166296745591887,3.0364308342133053,1152,2635,3787,0.8,Skenario 2 - Lonjakan,159
0.08934873783427105,0.4814876742568734,2.951244286439817,1150,2786,3936,0.8,Skenario 2 - Lonjakan,160
0.0884069354700321,0.42254156321522424,2.5168770935325946,1161,2719,3880,0.8,Skenario 2 - Lonjakan,161
0.09312608415163488,0.44944165445998774,2.689936775553214,1129,2665,3794,0.8,Skenario 2 - Lonjakan,162
0.11300697836880656,0.5190782500650881,3.1304458598726113,1199,2724,3923,0.8,Skenario 2 - Lonjakan,163
0.09391311555909035,0.41255591118006246,2.3646526483896726,1179,2576,3755,0.8,Skenario 2 - Lonjakan,164
0.08636530076369524,0.3632053474889251,2.202826485213295,1114,2705,3819,0.8,Skenario 2 - Lonjakan,165
0.09980165548601079,0.4191268337455343,2.455440414507772,1179,2681,3860,0.8,Skenario 2 - Lonjakan,166
0.08923870512293501,0.4053124586341588,2.523206751054852,1081,2711,3792,0.8,Skenario 2 - Lonjakan,167
0.10009741227121936,0.6428683203250636,4.0406797116374875,1158,2726,3884,0.8,Skenario 2 - Lonjakan,168
0.08006874562814419,0.3693311076287946,2.208904109589041,1116,2678,3794,0.8,Skenario 2 - Lonjakan,169
0.09045992125060112,0.43430681860858206,2.711709423418847,1177,2758,3935,0.8,Skenario 2 - Lonjakan,170
0.09423285211837719,0.4797145893429725,2.967178952852305,1137,2701,3838,0.8,Skenario 2 - Lonjakan,171
0.09009273675596215,0.42704669565307174,2.630151278038602,1084,2749,3833,0.8,Skenario 2 - Lonjakan,172
0.09916473912586311,0.7307036734193304,4.654184468459412,1194,2784,3978,0.8,Skenario 2 - Lonjakan,173
0.08817861909930244,0.4281874157088678,2.5017430946634485,1123,2604,3727,0.8,Skenario 2 - Lonjakan,174
0.10425000750383362,0.6704184837612313,3.9958180867746993,1157,2667,3824,0.8,Skenario 2 - Lonjakan,175
0.09850068087810727,0.4896174419012231,3.020183955033214,1153,2759,3912,0.8,Skenario 2 - Lonjakan,176
0.08701558913539997,0.4679287225103811,2.8769586437194965,1100,2791,3891,0.8,Skenario 2 - Lonjakan,177
0.09209621195093771,0.38862202685743774,2.323428871943203,1159,2642,3801,0.8,Skenario 2 - Lonjakan,178
0.09182073838794949,0.4070210643564476,2.448464341488808,1137,2703,3840,0.8,Skenario 2 - Lonjakan,179
0.08688842994339173,0.5677363149518893,3.529441496082891,1205,2750,3955,0.8,Skenario 2 - Lonjakan,180
0.08858209045310185,0.34140793148132237,2.05368950013224,1094,2685,3779,0.8,Skenario 2 - Lonjakan,181
0.10010216186483073,0.4653500902577432,2.9943269726663226,1138,2738,3876,0.8,Skenario 2 - Lonjakan,182
0.08099952511499472,0.37877005705658423,2.4232073011734028,1124,2711,3835,0.8,Skenario 2 - Lonjakan,183
0.09124782346572108,0.47248381089339253,3.022336328626444,1181,2712,3893,0.8,Skenario 2 - Lonjakan,184
0.09389266490738236,0.4111474023633795,2.520865936358894,1144,2688,3832,0.8,Skenario 2 - Lonjakan,185
0.08696376435756904,0.31799037403632036,1.8630649906392083,1174,2564,3738,0.8,Skenario 2 - Lonjakan,186
0.10205939406416563,0.6014609370003499,3.7023402576912963,1156,2645,3801,0.8,Skenario 2 - Lonjakan,187
0.09020235811206836,0.4263103083133917,2.540987983978638,1093,2651,3744,0.8,Skenario 2 - Lonjakan,188
0.085022228833849,0.34836368827213643,2.128076210637735,1130,2647,3777,0.8,Skenario 2 - Lonjakan,189
0.09767700106773052,0.5407591368339875,3.1742424242424243,1172,2655,3827,0.8,Skenario 2 - Lonjakan,190
0.08509888549413559,0.3322354366611302,2.0342105263157895,1148,2652,3800,0.8,Skenario 2 - Lonjakan,191
0.0956807123968521,0.42229560133823035,2.600563668972585,1144,2757,3901,0.8,Skenario 2 - Lonjakan,192
0.10063648180983487,0.5895877041923547,3.6359907715970263,1112,2787,3899,0.8,Skenario 2 - Lonjakan,193
0.08363816593458744,0.4417455100160958,2.7191192266380235,1122,2600,3722,0.8,Skenario 2 - Lonjakan,194
0.10730806172382112,0.549609699393341,3.3159390338413846,1199,2670,3869,0.8,Skenario 2 - Lonjakan,195
0.09242117013776054,0.6458712100823158,4.055098479182249,1207,2802,4009,0.8,Skenario 2 - Lonjakan,196
0.08759007279914047,0.390480123574581,2.3238019592268997,1125,2650,3775,0.8,Skenario 2 - Lonjakan,197
0.1034671501570442,0.5016462296519794,3.1291152263374484,1128,2758,3886,0.8,Skenario 2 - Lonjakan,198
0.10401912317736543,0.5667191469607548,3.5692846423211604,1266,2730,3996,0.8,Skenario 2 - Lonjakan,199
0.0910870738625734,0.5644141217789894,3.6442182197859565,1127,2702,3829,0.8,Skenario 2 - Lonjakan,200
0.09144137842183835,0.41365489365915753,2.4990816058777225,1184,2625,3809,0.8,Skenario 2 - Lonjakan,201
0.10153906934766073,0.44020594386346046,2.736372898624554,1196,2728,3924,0.8,Skenario 2 - Lonjakan,202
0.12018904154818849,0.686617708155386,4.157523510971787,1176,2650,3826,0.8,Skenario 2 - Lonjakan,203
0.09280291424494375,0.41857666450230113,2.639886334280548,1156,2714,3870,0.8,Skenario 2 - Lonjakan,204
0.09512651540328126,0.3815989695538652,2.3149626577388616,1165,2718,3883,0.8,Skenario 2 - Lonjakan,205
0.09009732494114193,0.3335311214370554,1.87363238512035,1174,2480,3654,0.8,Skenario 2 - Lonjakan,206
0.1004458816209634,0.5231516671874533,3.2073265783320344,1140,2707,3847,0.8,Skenario 2 - Lonjakan,207
0.09134786975029324,0.4734247435405364,2.8984168865435356,1142,2646,3788,0.8,Skenario 2 - Lonjakan,208
0.10324795073637986,0.4814042284650864,2.869692144373673,1127,2639,3766,0.8,Skenario 2 - Lonjakan,209
0.10334903505962971,0.540757429119783,3.2835707019328586,1201,2729,3930,0.8,Skenario 2 - Lonjakan,210
0.09615412300460455,0.5185098210431898,3.1036363636363635,1165,2683,3848,0.8,Skenario 2 - Lonjakan,211
0.0998211894280608,0.3849319242386613,2.295968790637191,1141,2702,3843,0.8,Skenario 2 - Lonjakan,212
0.08512546804791664,0.3915483974370409,2.422948289169025,1178,2707,3885,0.8,Skenario 2 - Lonjakan,213
0.09981785624968126,0.6311712777757275,3.973939703628002,1157,2755,3912,0.8,Skenario 2 - Lonjakan,214
0.0938424613771564,0.39143153866435665,2.4255099406145106,1127,2744,3871,0.8,Skenario 2 - Lonjakan,215
0.08693971787540272,0.4001844362562593,2.4169050715214566,1208,2635,3843,0.8,Skenario 2 - Lonjakan,216
0.09802822392112324,0.5381875451461559,3.324159021406728,1167,2756,3923,0.8,Skenario 2 - Lonjakan,217
0.0918089864081371,0.42874214356649987,2.632055378061768,1153,2603,3756,0.8,Skenario 2 - Lonjakan,218
0.08505018981555251,0.30834583189540266,1.818636483285075,1165,2632,3797,0.8,Skenario 2 - Lonjakan,219
0.09959248732363885,0.38185982298230303,2.34919396775871,1147,2698,3845,0.8,Skenario 2 - Lonjakan,220
0.08610259168838005,0.4415545804660762,2.6442970822281167,1149,2620,3769,0.8,Skenario 2 - Lonjakan,221
0.0859230540900149,0.4406464923409001,2.630789825970549,1112,2621,3733,0.8,Skenario 2 - Lonjakan,222
0.09412590400065801,0.42177928582013474,2.553744268976057,1143,2781,3924,0.8,Skenario 2 - Lonjakan,223
0.0782235207698929,0.30672409927410454,1.8357693329790061,1134,2627,3761,0.8,Skenario 2 - Lonjakan,224
0.09131654936640578,0.3462277362114995,2.132916340891321,1143,2694,3837,0.8,Skenario 2 - Lonjakan,225
0.09381745129211559,0.42677430060360794,2.6834419817470665,1095,2738,3833,0.8,Skenario 2 - Lonjakan,226
0.07984683651978032,0.35749290608981005,2.107123870281765,1110,2651,3761,0.8,Skenario 2 - Lonjakan,227
0.10178403365214939,0.45907816079616653,2.813625685199687,1154,2675,3829,0.8,Skenario 2 - Lonjakan,228
0.08756523867748428,0.3460173279470172,2.0701009028146573,1105,2660,3765,0.8,Skenario 2 - Lonjakan,229
0.09009603616454553,0.41082436737744055,2.4623296477243506,1191,2696,3887,0.8,Skenario 2 - Lonjakan,230
0.08748925617991654,0.46044850583294133,2.7032967032967035,1132,2597,3729,0.8,Skenario 2 - Lonjakan,231
0.08755728038746613,0.41625314161240135,2.5255981476717264,1152,2733,3885,0.8,Skenario 2 - Lonjakan,232
0.09956361286891972,0.5275891532941224,3.266218661152753,1198,2669,3867,0.8,Skenario 2 - Lonjakan,233
0.08733367363857487,0.30857675381029986,1.8537892319469251,1215,2702,3917,0.8,Skenario 2 - Lonjakan,234
0.099138446918541,0.45374801458060554,2.7072851153039834,1140,2676,3816,0.8,Skenario 2 - Lonjakan,235
0.08742798523230183,0.3754622498321798,2.300675675675676,1158,2688,3846,0.8,Skenario 2 - Lonjakan,236
0.08875982441907353,0.34688948514021056,1.9952012796587577,1117,2632,3749,0.8,Skenario 2 - Lonjakan,237
0.09481022541404051,0.4051492489611509,2.5318983402489628,1187,2667,3854,0.8,Skenario 2 - Lonjakan,238
0.10034946241670094,0.43518674962707543,2.7657450076804917,1110,2796,3906,0.8,Skenario 2 - Lonjakan,239
0.08581751796566246,0.3570603214906338,2.112924805994113,1120,2615,3735,0.8,Skenario 2 - Lonjakan,240
0.08403467188619175,0.39389282314155827,2.4494936380161,1166,2683,3849,0.8,Skenario 2 - Lonjakan,241
0.0868075628928572,0.3802358195849717,2.2902191341528595,1140,2600,3740,0.8,Skenario 2 - Lonjakan,242
0.10243404072375377,0.5475021270763826,3.247446373850868,1210,2704,3914,0.8,Skenario 2 - Lonjakan,243
0.09725811087443863,0.4398135611502882,2.6790284669626536,1104,2723,3827,0.8,Skenario 2 - Lonjakan,244
0.10390430862531048,0.678170260348816,4.051551679917928,1165,2733,3898,0.8,Skenario 2 - Lonjakan,245
0.08982507233434181,0.3922552401584215,2.445168012503256,1088,2749,3837,0.8,Skenario 2 - Lonjakan,246
0.08378723226922422,0.38497791882588345,2.316671098112204,1092,2667,3759,0.8,Skenario 2 - Lonjakan,247
0.09336228767020953,0.36203381068592955,2.128894806924101,1136,2617,3753,0.8,Skenario 2 - Lonjakan,248
0.08917059329384854,0.4361506137932319,2.7462376751427087,1109,2743,3852,0.8,Skenario 2 - Lonjakan,249
0.0882428661589427,0.3643893005850238,2.226096143687269,1131,2655,3786,0.8,Skenario 2 - Lonjakan,250
0.10209263678820694,0.4289562163134699,2.538789656091709,1175,2574,3749,0.8,Skenario 2 - Lonjakan,251
0.10104140393627892,0.5989093033533996,3.7267605633802816,1208,2696,3904,0.8,Skenario 2 - Lonjakan,252
0.09702167546092899,0.3682374867214236,2.303379416282642,1150,2754,3904,0.8,Skenario 2 - Lonjakan,253
0.09668582724895747,0.5462919519004196,3.2344322344322345,1140,2682,3822,0.8,Skenario 2 - Lonjakan,254
0.1026235415965057,0.5984238192032155,3.7446153846153845,1207,2691,3898,0.8,Skenario 2 - Lonjakan,255
0.09435354032996607,0.4553208271537874,2.865196692558256,1165,2826,3991,0.8,Skenario 2 - Lonjakan,256
0.08830260687771425,0.4436082203959205,2.6959477124183007,1191,2632,3823,0.8,Skenario 2 - Lonjakan,257
0.09420216053983747,0.4601726188633044,2.776747881355932,1165,2609,3774,0.8,Skenario 2 - Lonjakan,258
0.10357279869037549,0.6907527898394294,4.0952631578947365,1129,2669,3798,0.8,Skenario 2 - Lonjakan,259
0.09783611694229359,0.5218539346868974,3.276335496754868,1202,2802,4004,0.8,Skenario 2 - Lonjakan,260
0.09900674615380263,0.4050692517586048,2.4903796151846076,1108,2736,3844,0.8,Skenario 2 - Lonjakan,261
0.09372836401635137,0.49896196837179124,3.057760814249364,1196,2732,3928,0.8,Skenario 2 - Lonjakan,262
0.08339431647395873,0.393691107518668,2.3632148377125195,1190,2691,3881,0.8,Skenario 2 - Lonjakan,263
0.0858959674147111,0.5236678208047247,3.16551357104843,1130,2626,3756,0.8,Skenario 2 - Lonjakan,264
0.08829195202383483,0.38698121458354373,2.2565065736517305,1168,2557,3725,0.8,Skenario 2 - Lonjakan,265
0.08970821029652179,0.42725941169970677,2.490305444887118,1120,2643,3763,0.8,Skenario 2 - Lonjakan,266
0.100248714792134,0.47096802790502945,2.8207497360084477,1130,2657,3787,0.8,Skenario 2 - Lonjakan,267
0.09306471774968912,0.39483087242468956,2.4531864673485444,1138,2673,3811,0.8,Skenario 2 - Lonjakan,268
0.08418255935350911,0.37035748529291795,2.25,1082,2641,3723,0.8,Skenario 2 - Lonjakan,269
0.09715858888666401,0.4659510435310661,2.8625482625482626,1131,2752,3883,0.8,Skenario 2 - Lonjakan,270
0.08877692192779976,0.456140426604037,2.703022339027595,1138,2665,3803,0.8,Skenario 2 - Lonjakan,271
0.09719807308751294,0.4663078357734874,2.782005141388175,1200,2688,3888,0.8,Skenario 2 - Lonjakan,272
0.10120619710442114,0.38827959682633034,2.404965089216447,1173,2693,3866,0.8,Skenario 2 - Lonjakan,273
0.096532840305246,0.4629877639098803,2.782051282051282,1158,2663,3821,0.8,Skenario 2 - Lonjakan,274
0.09660278975725785,0.6729402133222893,4.1134046890927625,1187,2735,3922,0.8,Skenario 2 - Lonjakan,275
0.08506847106433091,0.33283521683825085,2.0219499744767737,1183,2733,3916,0.8,Skenario 2 - Lonjakan,276
0.09303646607910812,0.48339543170025956,3.0211267605633805,1138,2694,3832,0.8,Skenario 2 - Lonjakan,277
0.08628970493343716,0.4985201463737814,3.0612033195020745,1114,2741,3855,0.8,Skenario 2 - Lonjakan,278
0.0931215815980532,0.4660508116600255,2.90491118077325,1102,2724,3826,0.8,Skenario 2 - Lonjakan,279
0.08779622888968804,0.32730304329865695,2.045715778474399,1109,2717,3826,0.8,Skenario 2 - Lonjakan,280
0.08748959241748948,0.38623088846599757,2.3604407135362013,1117,2694,3811,0.8,Skenario 2 - Lonjakan,281
0.09419041712559516,0.4584144107592226,2.7714592274678114,1055,2673,3728,0.8,Skenario 2 - Lonjakan,282
0.09103060886039194,0.4937327130887596,3.028593311207557,1159,2756,3915,0.8,Skenario 2 - Lonjakan,283
0.09856689851155108,0.45678387517441776,2.7079414838035527,1186,2640,3826,0.8,Skenario 2 - Lonjakan,284
0.0915061654449337,0.3650531386234692,2.168831168831169,1074,2698,3772,0.8,Skenario 2 - Lonjakan,285
0.10212079883505568,0.5008807392564322,2.9536163522012577,1156,2660,3816,0.8,Skenario 2 - Lonjakan,286
0.0956812907392687,0.6560429115761637,3.9538904899135447,1176,2639,3815,0.8,Skenario 2 - Lonjakan,287
0.10242089205751848,0.5496424502346339,3.3144848954298993,1210,2661,3871,0.8,Skenario 2 - Lonjakan,288
0.09532330063347069,0.5526470640821671,3.426455566905005,1132,2782,3914,0.8,Skenario 2 - Lonjakan,289
0.09042889224508126,0.40513345987739496,2.5365111561866125,1185,2757,3942,0.8,Skenario 2 - Lonjakan,290
0.08890983804370815,0.3274448805684199,1.966736511262441,1136,2680,3816,0.8,Skenario 2 - Lonjakan,291
0.08476876920417044,0.3265936959644494,1.932084963666853,1078,2499,3577,0.8,Skenario 2 - Lonjakan,292
0.0921847898164189,0.5666325507213711,3.607160995429152,1166,2772,3938,0.8,Skenario 2 - Lonjakan,293
0.09590829662672275,0.4991566818303202,3.045929018789144,1164,2666,3830,0.8,Skenario 2 - Lonjakan,294
0.07553153924602737,0.32410985885877175,1.8999205718824463,1158,2617,3775,0.8,Skenario 2 - Lonjakan,295
0.09697233179439325,0.4679027971654168,2.821080368906456,1139,2654,3793,0.8,Skenario 2 - Lonjakan,296
0.09082321648823709,0.4382211290158522,2.611436170212766,1158,2600,3758,0.8,Skenario 2 - Lonjakan,297
0.0932660518715628,0.40955824746521835,2.5666235446313066,1154,2710,3864,0.8,Skenario 2 - Lonjakan,298
0.09924422314462975,0.4734981719741331,2.880357142857143,1190,2730,3920,0.8,Skenario 2 - Lonjakan,299
0.094523716196923,0.4672637184603137,2.8981310871281916,1128,2669,3797,0.8,Skenario 2 - Lonjakan,300
0.09437047208748894,0.5548684230755935,3.3295722907373393,1119,2690,3809,0.8,Skenario 2 - Lonjakan,301
0.08768485547762599,0.34966581711315853,2.127286983795086,1168,2656,3824,0.8,Skenario 2 - Lonjakan,302
0.08785647037339994,0.4239829280469016,2.598179453836151,1160,2683,3843,0.8,Skenario 2 - Lonjakan,303
0.09593389284220286,0.5143059505993047,3.0193184867185403,1187,2539,3726,0.8,Skenario 2 - Lonjakan,304
0.08657132647793683,0.3909852699435531,2.349331235247836,1148,2664,3812,0.8,Skenario 2 - Lonjakan,305
0.09223644257839639,0.6257392243589754,3.827613104524181,1143,2701,3844,0.8,Skenario 2 - Lonjakan,306
0.09066996568710084,0.4041013193437654,2.4232152028762197,1131,2761,3892,0.8,Skenario 2 - Lonjakan,307
0.09525271929471572,0.3989837622268195,2.330763094921563,1118,2641,3759,0.8,Skenario 2 - Lonjakan,308
0.08272659270036546,0.43512676103179776,2.618973561430793,1133,2723,3856,0.8,Skenario 2 - Lonjakan,309
0.09669904861203815,0.4047697982890575,2.4783741532047943,1147,2689,3836,0.8,Skenario 2 - Lonjakan,310
0.08637769280429147,0.38066582155790935,2.2192,1141,2607,3748,0.8,Skenario 2 - Lonjakan,311
0.08484431697088238,0.3464183714374019,2.0794233289646136,1173,2641,3814,0.8,Skenario 2 - Lonjakan,312
0.08487332372333675,0.3486569669913484,2.1189473684210527,1136,2662,3798,0.8,Skenario 2 - Lonjakan,313
0.09337796993739253,0.42629069224714183,2.5733058490079874,1175,2706,3881,0.8,Skenario 2 - Lonjakan,314
0.08602553042492095,0.35341441816099756,2.192584963954686,1126,2756,3882,0.8,Skenario 2 - Lonjakan,315
0.10261724250573316,0.3940398351842872,2.442257217847769,1152,2656,3808,0.8,Skenario 2 - Lonjakan,316
0.09926968627925072,0.46061183198179245,2.775026343519494,1138,2656,3794,0.8,Skenario 2 - Lonjakan,317
0.08979757502621602,0.3812554001785539,2.213679745493107,1142,2629,3771,0.8,Skenario 2 - Lonjakan,318
0.07928387893671925,0.34542183255813974,2.0585549288208433,1089,2633,3722,0.8,Skenario 2 - Lonjakan,319
0.08531700135533249,0.456104119343107,2.732885559287006,1201,2669,3870,0.8,Skenario 2 - Lonjakan,320
0.09388100325634821,0.39768024908132604,2.457781241881008,1162,2685,3847,0.8,Skenario 2 - Lonjakan,321
0.10519695261412308,0.5627859567749636,3.3567282321899734,1139,2649,3788,0.8,Skenario 2 - Lonjakan,322
0.10110815036124654,0.5785965808644528,3.619927159209157,1145,2698,3843,0.8,Skenario 2 - Lonjakan,323
0.0910024982543339,0.3151729807339622,1.8878960194963443,1116,2575,3691,0.8,Skenario 2 - Lonjakan,324
0.09383648067211771,0.4209930412378324,2.5472136222910216,1155,2721,3876,0.8,Skenario 2 - Lonjakan,325
0.07516929595404462,0.3459226788486558,2.1290573876915087,1153,2696,3849,0.8,Skenario 2 - Lonjakan,326
0.09547138295419334,0.4100298461320356,2.5714285714285716,1084,2638,3722,0.8,Skenario 2 - Lonjakan,327
0.09889548673290127,0.48562233287736556,2.95680123425045,1187,2700,3887,0.8,Skenario 2 - Lonjakan,328
0.08246842787651656,0.41006669056519623,2.4437745740498036,1213,2600,3813,0.8,Skenario 2 - Lonjakan,329
0.08050196746151045,0.3369661041664955,1.9313568376068375,1096,2646,3742,0.8,Skenario 2 - Lonjakan,330
0.08546231438263302,0.3543118063580274,2.1403417918177112,1139,2723,3862,0.8,Skenario 2 - Lonjakan,331
0.10249793700146718,0.4773297022764279,2.9703167872287355,1219,2788,4007,0.8,Skenario 2 - Lonjakan,332
0.09585732847477994,0.41467648476676267,2.596807953950811,1113,2707,3820,0.8,Skenario 2 - Lonjakan,333
0.0918362478094562,0.40928973551687053,2.394559655265284,1152,2561,3713,0.8,Skenario 2 - Lonjakan,334
0.09512061726082817,0.4714987184529732,2.92734375,1141,2697,3838,0.8,Skenario 2 - Lonjakan,335
0.10091386957397681,0.5552921973760762,3.3615205585725367,1176,2690,3866,0.8,Skenario 2 - Lonjakan,336
0.09483343619826803,0.5172505087398498,3.105291005291005,1124,2654,3778,0.8,Skenario 2 - Lonjakan,337
0.08089809088152065,0.40262894177134667,2.382492113564669,1162,2640,3802,0.8,Skenario 2 - Lonjakan,338
0.07789932070165935,0.31196345265953784,1.8411190287674848,1148,2639,3787,0.8,Skenario 2 - Lonjakan,339
0.09693990363565598,0.4570498696189203,2.771049896049896,1155,2691,3846,0.8,Skenario 2 - Lonjakan,340
0.07949930874643472,0.41667070639482784,2.58896338318721,1152,2724,3876,0.8,Skenario 2 - Lonjakan,341
0.08383295068831845,0.3692255365441828,2.14692573862124,1180,2575,3755,0.8,Skenario 2 - Lonjakan,342
0.10909772964174853,0.5688018798372642,3.50570835495589,1167,2685,3852,0.8,Skenario 2 - Lonjakan,343
0.10889188022805693,0.6963945121568063,4.202706219099662,1139,2704,3843,0.8,Skenario 2 - Lonjakan,344
0.09063485601643562,0.38719025231186077,2.3791152263374484,1201,2685,3886,0.8,Skenario 2 - Lonjakan,345
0.09279017757796784,0.40690256134558794,2.485605095541401,1151,2772,3923,0.8,Skenario 2 - Lonjakan,346
0.08648586045119065,0.43835229905207546,2.7746587689930466,1138,2743,3881,0.8,Skenario 2 - Lonjakan,347
0.08304803417799063,0.35273569066413274,2.127720207253886,1163,2695,3858,0.8,Skenario 2 - Lonjakan,348
0.10010078320601644,0.4777266947189787,2.823938223938224,1210,2673,3883,0.8,Skenario 2 - Lonjakan,349
0.11391501056072423,0.5968541303212896,3.6311720698254364,1218,2792,4010,0.8,Skenario 2 - Lonjakan,350
0.09452244125787672,0.6214143661960506,3.778150826446281,1162,2708,3870,0.8,Skenario 2 - Lonjakan,351
0.08947401360534024,0.4331564787203793,2.677510973405629,1177,2694,3871,0.8,Skenario 2 - Lonjakan,352
0.10142596795000963,0.4821991252945026,2.9757543103448274,1118,2592,3710,0.8,Skenario 2 - Lonjakan,353
0.0802604544754413,0.3342716500244213,2.0170827858081473,1128,2675,3803,0.8,Skenario 2 - Lonjakan,354
0.08987806826821554,0.46442012707979385,2.84229576008273,1168,2698,3866,0.8,Skenario 2 - Lonjakan,355
0.08512572207436778,0.502200585525659,3.1357501984652023,1079,2698,3777,0.8,Skenario 2 - Lonjakan,356
0.09916860406498151,0.5533010583270216,3.2898704046548533,1152,2627,3779,0.8,Skenario 2 - Lonjakan,357
0.09378841946864351,0.47612573428525645,2.972420837589377,1127,2787,3914,0.8,Skenario 2 - Lonjakan,358
0.09197229712179253,0.4597855322863151,2.824764468371467,1094,2619,3713,0.8,Skenario 2 - Lonjakan,359
0.08312536211064778,0.43860570934011883,2.640031233732431,1140,2701,3841,0.8,Skenario 2 - Lonjakan,360
0.09113310150408253,0.47164490950858196,2.812352168199737,1130,2675,3805,0.8,Skenario 2 - Lonjakan,361
0.0913413965452035,0.5212175915825559,3.203572366692934,1146,2659,3805,0.8,Skenario 2 - Lonjakan,362
0.08628768099546555,0.33739911004074064,2.0468625893566323,1133,2642,3775,0.8,Skenario 2 - Lonjakan,363
0.09786246771441219,0.558972457461844,3.293791281373844,1110,2673,3783,0.8,Skenario 2 - Lonjakan,364
0.08839653566206068,0.49293893479903045,3.0548344370860927,1130,2643,3773,0.8,Skenario 2 - Lonjakan,365
0.09322024957093411,0.38038382557570183,2.295812216591091,1113,2634,3747,0.8,Skenario 2 - Lonjakan,366
0.09426184420336775,0.48659663296807415,2.95321484579195,1169,2655,3824,0.8,Skenario 2 - Lonjakan,367
0.08921976176821315,0.44040822345915115,2.605820105820106,1162,2616,3778,0.8,Skenario 2 - Lonjakan,368
0.10079904911780772,0.7095137882750555,4.378208354302969,1169,2804,3973,0.8,Skenario 2 - Lonjakan,369
0.09502428748508668,0.3870443306599167,2.280243000528262,1163,2621,3784,0.8,Skenario 2 - Lonjakan,370
0.10019425838011822,0.5458958393570917,3.369008369261983,1180,2761,3941,0.8,Skenario 2 - Lonjakan,371
0.09288445005963084,0.4863549321056611,3.0229765013054832,1136,2692,3828,0.8,Skenario 2 - Lonjakan,372
0.07731855754557423,0.36470558408095083,2.1730112890522446,1147,2660,3807,0.8,Skenario 2 - Lonjakan,373
0.08789519247241344,0.41785252938597983,2.5051033760795605,1190,2631,3821,0.8,Skenario 2 - Lonjakan,374
0.10147726492322806,0.4636340844619042,2.764190981432361,1189,2579,3768,0.8,Skenario 2 - Lonjakan,375
0.07762122459706271,0.2955520074417836,1.803699897225077,1195,2695,3890,0.8,Skenario 2 - Lonjakan,376
0.09316778161347046,0.4486850523415362,2.803886010362694,1147,2711,3858,0.8,Skenario 2 - Lonjakan,377
0.07928746179964363,0.48471160379485184,2.845428346869269,1172,2643,3815,0.8,Skenario 2 - Lonjakan,378
0.08503979661243262,0.3677202542351072,2.2380449141347425,1120,2663,3783,0.8,Skenario 2 - Lonjakan,379
0.10301224294670223,0.5351590809168055,3.1804014791336503,1134,2650,3784,0.8,Skenario 2 - Lonjakan,380
0.09197070691071633,0.37930928105383116,2.3139167105956773,1140,2652,3792,0.8,Skenario 2 - Lonjakan,381
0.09403556514467498,0.36823129046080744,2.204225352112676,1213,2619,3832,0.8,Skenario 2 - Lonjakan,382
0.09466864300436252,0.4238503746084312,2.6818064516129034,1121,2752,3873,0.8,Skenario 2 - Lonjakan,383
0.091687583702111,0.4695463000252571,2.877072913924717,1154,2643,3797,0.8,Skenario 2 - Lonjakan,384
0.10664332021466147,0.5802343300673157,3.4834625322997415,1188,2680,3868,0.8,Skenario 2 - Lonjakan,385
0.0756037910298168,0.30071020518431707,1.7565100671140939,1114,2609,3723,0.8,Skenario 2 - Lonjakan,386
0.08291922588518522,0.38228345479746784,2.2835170469110486,1175,2724,3899,0.8,Skenario 2 - Lonjakan,387
0.09152991699085251,0.4198307166842958,2.4647043500911696,1194,2644,3838,0.8,Skenario 2 - Lonjakan,388
0.093468014129475,0.4894275052413795,3.040427154843631,1125,2806,3931,0.8,Skenario 2 - Lonjakan,389
0.09229110914579296,0.5571074348995642,3.355333844973139,1216,2691,3907,0.8,Skenario 2 - Lonjakan,390
0.08261223727339359,0.3582301041533971,2.184468524251806,1166,2709,3875,0.8,Skenario 2 - Lonjakan,391
0.0849855353498475,0.3566586427952648,2.1411172888535877,1152,2625,3777,0.8,Skenario 2 - Lonjakan,392
0.09006921694476845,0.42061405322780837,2.5651949393235216,1159,2712,3871,0.8,Skenario 2 - Lonjakan,393
0.10248387622356844,0.5555771290810694,3.24822695035461,1211,2595,3806,0.8,Skenario 2 - Lonjakan,394
0.09102679083816184,0.351702325553349,2.1345744680851064,1100,2658,3758,0.8,Skenario 2 - Lonjakan,395
0.07669133167845388,0.3497286464709531,2.040116896918172,1138,2625,3763,0.8,Skenario 2 - Lonjakan,396
0.0925296397644114,0.43780953143139956,2.7049935979513444,1166,2738,3904,0.8,Skenario 2 - Lonjakan,397
0.09592060152592524,0.4791506474601904,3.0581336053034165,1137,2783,3920,0.8,Skenario 2 - Lonjakan,398
0.09905180942020518,0.48638681263637473,3.06830031282586,1148,2688,3836,0.8,Skenario 2 - Lonjakan,399
0.09291627049051253,0.6085214410648783,3.8165695464910057,1209,2736,3945,0.8,Skenario 2 - Lonjakan,400
0.09492338455406249,0.4475397636103755,2.77184841453983,1186,2691,3877,0.8,Skenario 2 - Lonjakan,401
0.0916091750825579,0.36445182830921646,2.1296444800855387,1088,2651,3739,0.8,Skenario 2 - Lonjakan,402
0.08533803370698503,0.35407326852362986,2.112954186413902,1102,2696,3798,0.8,Skenario 2 - Lonjakan,403
0.08144597867224417,0.4678875628191791,2.790521078816444,1154,2663,3817,0.8,Skenario 2 - Lonjakan,404
0.08449955423846406,0.34743417086215483,2.1174636174636174,1170,2676,3846,0.8,Skenario 2 - Lonjakan,405
0.08560872452673815,0.4276465016942505,2.569154488517745,1147,2683,3830,0.8,Skenario 2 - Lonjakan,406
0.0967167085052572,0.42341792140515183,2.53965744400527,1134,2659,3793,0.8,Skenario 2 - Lonjakan,407
0.09713037813138085,0.5452681225289001,3.2499357821731314,1217,2674,3891,0.8,Skenario 2 - Lonjakan,408
0.09158766948845116,0.5682814641645423,3.459844559585492,1178,2680,3858,0.8,Skenario 2 - Lonjakan,409
0.09850620247089534,0.4440490674248992,2.659674882013634,1151,2662,3813,0.8,Skenario 2 - Lonjakan,410
0.09710071887638956,0.3394797397726772,2.0827478532396566,1114,2727,3841,0.8,Skenario 2 - Lonjakan,411
0.09083734224278425,0.5932127146760308,3.709086281496564,1189,2739,3928,0.8,Skenario 2 - Lonjakan,412
0.11284291415086321,0.4857362172201055,2.871483870967742,1196,2679,3875,0.8,Skenario 2 - Lonjakan,413
0.09491652969237536,0.5036758202899989,3.1099448963526632,1124,2685,3809,0.8,Skenario 2 - Lonjakan,414
0.08896086200149939,0.3642326054081545,2.218651211801897,1109,2685,3794,0.8,Skenario 2 - Lonjakan,415
0.09002050281075999,0.3590938870699488,2.2626341974338833,1139,2678,3817,0.8,Skenario 2 - Lonjakan,416
0.10021671357968537,0.4659810996245232,2.8026941362916005,1095,2689,3784,0.8,Skenario 2 - Lonjakan,417
0.09110447084297049,0.4838867756258336,2.9752330226364845,1123,2630,3753,0.8,Skenario 2 - Lonjakan,418
0.09339261189456546,0.39905686376791877,2.466386554621849,1165,2641,3806,0.8,Skenario 2 - Lonjakan,419
0.0939942400498056,0.40854058874571386,2.519205644107656,1109,2716,3825,0.8,Skenario 2 - Lonjakan,420
0.09344981226322939,0.46622066753963254,2.818230419673884,1114,2626,3740,0.8,Skenario 2 - Lonjakan,421
0.09125543712420887,0.47858966526191954,2.9221014492753623,1189,2673,3862,0.8,Skenario 2 - Lonjakan,422
0.08686009262541806,0.4249056891762332,2.5579058699101003,1135,2645,3780,0.8,Skenario 2 - Lonjakan,423
0.08551801482497781,0.32783060808442743,1.902008032128514,1142,2592,3734,0.8,Skenario 2 - Lonjakan,424
0.0831827879706913,0.38804024463653486,2.2344846195358876,1100,2605,3705,0.8,Skenario 2 - Lonjakan,425
0.10018274144207545,0.49232387629614693,3.0007716049382718,1152,2734,3886,0.8,Skenario 2 - Lonjakan,426
0.11344252487747057,0.6635842333791387,3.9289561426006667,1225,2672,3897,0.8,Skenario 2 - Lonjakan,427
0.09760518646233675,0.509479899641782,3.1408415217939027,1191,2776,3967,0.8,Skenario 2 - Lonjakan,428
0.0811553274078208,0.3906400141435304,2.343550106609808,1123,2627,3750,0.8,Skenario 2 - Lonjakan,429
0.09200581349299201,0.5538934634130951,3.458048162230672,1173,2770,3943,0.8,Skenario 2 - Lonjakan,430
0.08672753793027804,0.4230641925817239,2.522499357161224,1205,2682,3887,0.8,Skenario 2 - Lonjakan,431
0.09783950700579246,0.45472864810805835,2.730171277997365,1136,2659,3795,0.8,Skenario 2 - Lonjakan,432
0.08888236776425844,0.35500328774139056,2.0458666666666665,1138,2612,3750,0.8,Skenario 2 - Lonjakan,433
0.09168619623505102,0.4425321973984985,2.767212262925435,1119,2730,3849,0.8,Skenario 2 - Lonjakan,434
0.096214723937394,0.45629378104929563,2.769879826131424,1164,2747,3911,0.8,Skenario 2 - Lonjakan,435
0.09648443251209583,0.3930875430478256,2.3973063973063975,1133,2726,3859,0.8,Skenario 2 - Lonjakan,436
0.09030018280358332,0.4080013121032943,2.5027903268668616,1102,2659,3761,0.8,Skenario 2 - Lonjakan,437
0.0887245819328567,0.3929281474965717,2.3164194639604476,1148,2693,3841,0.8,Skenario 2 - Lonjakan,438
0.08942639601270595,0.43964743307347703,2.5845052416261827,1211,2698,3909,0.8,Skenario 2 - Lonjakan,439
0.11886797785591088,0.7563770637961242,4.644905273937532,1173,2732,3905,0.8,Skenario 2 - Lonjakan,440
0.10455209251754242,0.4242055844907534,2.579654014975471,1157,2714,3871,0.8,Skenario 2 - Lonjakan,441
0.0864953321480593,0.4467357416440724,2.7258766316867162,1156,2749,3905,0.8,Skenario 2 - Lonjakan,442
0.09910974268555288,0.5264500855750027,3.304470709146968,1098,2792,3890,0.8,Skenario 2 - Lonjakan,443
0.08835227307495672,0.4354835754685187,2.625193598347961,1137,2735,3872,0.8,Skenario 2 - Lonjakan,444
0.09801177834465669,0.5149296152261321,3.162575877540248,1144,2643,3787,0.8,Skenario 2 - Lonjakan,445
0.10242132549643511,0.4373104024402865,2.7260968805478063,1203,2738,3941,0.8,Skenario 2 - Lonjakan,446
0.09313834204368825,0.5334249497579348,3.375574859478794,1181,2731,3912,0.8,Skenario 2 - Lonjakan,447
0.08914395824845162,0.4462696732730172,2.6730717907659463,1148,2597,3745,0.8,Skenario 2 - Lonjakan,448
0.09270165653879833,0.39328063030328975,2.352317880794702,1121,2652,3773,0.8,Skenario 2 - Lonjakan,449
0.08566267795229929,0.3903536615716369,2.3805355303810503,1190,2692,3882,0.8,Skenario 2 - Lonjakan,450
0.07956220197142046,0.3462200395244689,2.0804936946605848,1117,2608,3725,0.8,Skenario 2 - Lonjakan,451
0.11237417954849298,0.47812775414806397,2.793158738642437,1161,2579,3740,0.8,Skenario 2 - Lonjakan,452
0.10760423104989171,0.5869993246113595,3.5511585524602967,1182,2658,3840,0.8,Skenario 2 - Lonjakan,453
0.08454161843611821,0.4784865582058777,2.8584880983520797,1148,2675,3823,0.8,Skenario 2 - Lonjakan,454
0.09592029908214461,0.582791034574791,3.6205829249419654,1156,2719,3875,0.8,Skenario 2 - Lonjakan,455
0.11847365445359193,0.6242192214467969,3.892027455121436,1132,2654,3786,0.8,Skenario 2 - Lonjakan,456
0.09080634071601228,0.35808456967196756,2.104939919893191,1146,2598,3744,0.8,Skenario 2 - Lonjakan,457
0.09814301645969348,0.5834610473156492,3.5495403472931564,1208,2706,3914,0.8,Skenario 2 - Lonjakan,458
0.09994593927444015,0.520830390828722,3.193880110358666,1237,2749,3986,0.8,Skenario 2 - Lonjakan,459
0.11065026574904277,0.6880341970439979,4.272039645279082,1130,2702,3832,0.8,Skenario 2 - Lonjakan,460
0.10130435496646627,0.5071495622086629,3.0320229107003382,1115,2724,3839,0.8,Skenario 2 - Lonjakan,461
0.09068439149599686,0.38193030440668263,2.3580312251918496,1148,2629,3777,0.8,Skenario 2 - Lonjakan,462
0.10034855957069261,0.5573199732225823,3.4825744085474435,1168,2761,3929,0.8,Skenario 2 - Lonjakan,463
0.0867649833863127,0.45691523382563165,2.8209032258064517,1148,2725,3873,0.8,Skenario 2 - Lonjakan,464
0.0942497836558676,0.3720645428140947,2.176517571884984,1169,2585,3754,0.8,Skenario 2 - Lonjakan,465
0.10647061135937068,0.7464203671531492,4.4149377593361,1207,2648,3855,0.8,Skenario 2 - Lonjakan,466
0.08029088070326426,0.28709512111761964,1.6492980561555075,1130,2572,3702,0.8,Skenario 2 - Lonjakan,467
0.08315448417707987,0.38864067373279293,2.4188278008298756,1132,2723,3855,0.8,Skenario 2 - Lonjakan,468
0.09183211173995626,0.48190400070877015,2.8858937450929076,1152,2667,3819,0.8,Skenario 2 - Lonjakan,469
0.1045228970620712,0.45371468871597553,2.7774929505255064,1185,2714,3899,0.8,Skenario 2 - Lonjakan,470
0.08977089732884025,0.34329932542037467,2.0984868595699497,1097,2668,3765,0.8,Skenario 2 - Lonjakan,471
0.09764228384828316,0.4312411136276616,2.601725941422594,1216,2606,3822,0.8,Skenario 2 - Lonjakan,472
0.1079639753308374,0.5139980506570843,3.2158476974530488,1149,2737,3886,0.8,Skenario 2 - Lonjakan,473
0.09059437567677131,0.5040910693529618,3.0466753585397655,1172,2661,3833,0.8,Skenario 2 - Lonjakan,474
0.10412953104658444,0.5986313459962552,3.768225238813474,1205,2771,3976,0.8,Skenario 2 - Lonjakan,475
0.09195307185464921,0.41532835383657274,2.5898376113148247,1142,2675,3817,0.8,Skenario 2 - Lonjakan,476
0.08878306709907838,0.39435741135702534,2.3936392075078206,1167,2667,3834,0.8,Skenario 2 - Lonjakan,477
0.1009548201618968,0.5629158150875329,3.437773769646998,1174,2705,3879,0.8,Skenario 2 - Lonjakan,478
0.10205935945407339,0.45865379386092214,2.78122555410691,1142,2691,3833,0.8,Skenario 2 - Lonjakan,479
0.09775372671393925,0.5146250977012481,3.128654970760234,1169,2762,3931,0.8,Skenario 2 - Lonjakan,480
0.08917626442495993,0.44197013832125615,2.776173285198556,1167,2711,3878,0.8,Skenario 2 - Lonjakan,481
0.08866491495370304,0.3878562049617739,2.332627679280233,1155,2622,3777,0.8,Skenario 2 - Lonjakan,482
0.09944939517126174,0.630729323030194,3.9201913393756294,1208,2762,3970,0.8,Skenario 2 - Lonjakan,483
0.09449562403361422,0.41897549201053336,2.461558925246076,1111,2646,3757,0.8,Skenario 2 - Lonjakan,484
0.07950457076281331,0.35551894699202186,2.124902012019859,1175,2651,3826,0.8,Skenario 2 - Lonjakan,485
0.08765451260558452,0.391314374383788,2.418539325842697,1177,2737,3914,0.8,Skenario 2 - Lonjakan,486
0.09200781079641757,0.4453302982854583,2.731307793923382,1183,2600,3783,0.8,Skenario 2 - Lonjakan,487
0.1057384578935351,0.5860394031042986,3.599642766011738,1183,2735,3918,0.8,Skenario 2 - Lonjakan,488
0.08630681332655486,0.4553556679558353,2.779350104821803,1111,2703,3814,0.8,Skenario 2 - Lonjakan,489
0.09609971982037409,0.5628421115645688,3.5705061983471076,1182,2689,3871,0.8,Skenario 2 - Lonjakan,490
0.08479233870133278,0.36518306410348805,2.169473402833467,1107,2633,3740,0.8,Skenario 2 - Lonjakan,491
0.08783237219146402,0.3145623684999554,1.974604819901529,1069,2788,3857,0.8,Skenario 2 - Lonjakan,492
0.0936468871476179,0.31852881091655555,1.9135477069056406,1157,2636,3793,0.8,Skenario 2 - Lonjakan,493
0.09021121140806007,0.5322305746442724,3.1857881136950903,1174,2694,3868,0.8,Skenario 2 - Lonjakan,494
0.08568884551062203,0.44376708357841,2.772459687739954,1168,2739,3907,0.8,Skenario 2 - Lonjakan,495
0.09735350401016622,0.5008990993131094,2.949802890932983,1129,2674,3803,0.8,Skenario 2 - Lonjakan,496
0.09289921296191453,0.41060419063732034,2.5286916602907423,1192,2727,3919,0.8,Skenario 2 - Lonjakan,497
0.10433023626043464,0.7206430370396659,4.626100466079752,1173,2688,3861,0.8,Skenario 2 - Lonjakan,498
0.0874093513487991,0.4285508942637516,2.5717282979281406,1150,2661,3811,0.8,Skenario 2 - Lonjakan,499
0.0848499059108054,0.4027043507319094,2.4737116085372204,1129,2712,3841,0.8,Skenario 2 - Lonjakan,500
0.09159559724454028,0.43139014325532854,2.5825520833333333,1144,2694,3838,0.8,Skenario 2 - Lonjakan,501
0.10010863033926073,0.48333311942305435,2.9308426073131955,1146,2626,3772,0.8,Skenario 2 - Lonjakan,502
0.09385799545023345,0.44234551650328957,2.6234110169491527,1126,2648,3774,0.8,Skenario 2 - Lonjakan,503
0.09123056592652588,0.44449504386836064,2.7099117799688637,1148,2704,3852,0.8,Skenario 2 - Lonjakan,504
0.10883408385384565,0.5733784385037312,3.5270510541021083,1206,2729,3935,0.8,Skenario 2 - Lonjakan,505
0.10759993512694195,0.4894938223781368,2.9888745148771023,1178,2685,3863,0.8,Skenario 2 - Lonjakan,506
0.0961310801541397,0.4349385905839399,2.5912698412698414,1141,2637,3778,0.8,Skenario 2 - Lonjakan,507
0.07840930279772776,0.28120451085996334,1.607429997227613,1102,2503,3605,0.8,Skenario 2 - Lonjakan,508
0.09365392379425855,0.4050378974160493,2.460677083333333,1170,2668,3838,0.8,Skenario 2 - Lonjakan,509
0.11032121858430574,0.6175996732289801,3.669236700077101,1194,2695,3889,0.8,Skenario 2 - Lonjakan,510
0.10276759714359211,0.5360650005016601,3.3330751355538344,1230,2641,3871,0.8,Skenario 2 - Lonjakan,511
0.0791768572817912,0.3660740054753543,2.1560937088707552,1130,2667,3797,0.8,Skenario 2 - Lonjakan,512
0.09161018173706319,0.3935238079967296,2.385002649708532,1127,2645,3772,0.8,Skenario 2 - Lonjakan,513
0.10196968277837211,0.5908190874574312,3.643056613353643,1235,2702,3937,0.8,Skenario 2 - Lonjakan,514
0.10235850270794637,0.467685886824807,2.8697944122298367,1144,2648,3792,0.8,Skenario 2 - Lonjakan,515
0.0954664425421935,0.48584250617299884,2.9579500657030224,1150,2653,3803,0.8,Skenario 2 - Lonjakan,516
0.0909713772454982,0.40052416275124153,2.4520228215767634,1163,2691,3854,0.8,Skenario 2 - Lonjakan,517
0.10386197914535797,0.3959968534096776,2.4476987447698746,1161,2661,3822,0.8,Skenario 2 - Lonjakan,518
0.0864784790289726,0.47682773399076245,2.9203771608171816,1160,2656,3816,0.8,Skenario 2 - Lonjakan,519
0.09137810457377019,0.44538297879530236,2.649059520742077,1217,2664,3881,0.8,Skenario 2 - Lonjakan,520
0.09041140734970096,0.370258414326951,2.2247102212855636,1192,2603,3795,0.8,Skenario 2 - Lonjakan,521
0.0924762673545754,0.34545009523561404,2.061998931052913,1146,2595,3741,0.8,Skenario 2 - Lonjakan,522
0.08723091732251116,0.500254072554999,2.978811369509044,1202,2666,3868,0.8,Skenario 2 - Lonjakan,523
0.08772773288644951,0.3544581902886439,2.0903614457831323,1160,2656,3816,0.8,Skenario 2 - Lonjakan,524
0.09357103351239107,0.43707777158687916,2.6446110105970537,1202,2665,3867,0.8,Skenario 2 - Lonjakan,525
0.09654882030142097,0.45288493876431635,2.8031737906321985,1156,2749,3905,0.8,Skenario 2 - Lonjakan,526
0.09482140355744755,0.5164797299442743,3.282415630550622,1168,2771,3939,0.8,Skenario 2 - Lonjakan,527
0.10515852949974731,0.5847354663237068,3.646505717916137,1170,2763,3933,0.8,Skenario 2 - Lonjakan,528
0.09435092142274215,0.39192890923188156,2.2988228999464955,1126,2610,3736,0.8,Skenario 2 - Lonjakan,529
0.08452522613933675,0.3613076536935892,2.1661822985468957,1095,2688,3783,0.8,Skenario 2 - Lonjakan,530
0.07360120457688804,0.3183772230445179,1.9765380604796663,1147,2688,3835,0.8,Skenario 2 - Lonjakan,531
0.09268375254388525,0.4706614237939707,2.786082474226804,1225,2653,3878,0.8,Skenario 2 - Lonjakan,532
0.09363095909633579,0.4611841294877532,2.863339430363209,1106,2719,3825,0.8,Skenario 2 - Lonjakan,533
0.08986887772726931,0.3887584398807749,2.4149071483083184,1185,2744,3929,0.8,Skenario 2 - Lonjakan,534
0.09236430574351516,0.4020885894266512,2.467892283790782,1224,2636,3860,0.8,Skenario 2 - Lonjakan,535
0.09115317175199115,0.43345646622442535,2.6831963001027748,1153,2737,3890,0.8,Skenario 2 - Lonjakan,536
0.08848857213216917,0.39941859721199957,2.349921834288692,1158,2679,3837,0.8,Skenario 2 - Lonjakan,537
0.08768258145230205,0.3802700774965245,2.2990726429675425,1177,2703,3880,0.8,Skenario 2 - Lonjakan,538
0.10861495629115435,0.5933486925606452,3.6425058244887394,1173,2689,3862,0.8,Skenario 2 - Lonjakan,539
0.11011788051227443,0.6876466898239759,4.189773594505215,1208,2721,3929,0.8,Skenario 2 - Lonjakan,540
0.09428845792046456,0.6353243070145672,3.8853584138281647,1208,2725,3933,0.8,Skenario 2 - Lonjakan,541
0.08308505676680965,0.7008758526815912,4.356246732880293,1123,2702,3825,0.8,Skenario 2 - Lonjakan,542
0.116810330748592,0.6457501972548404,4.057662337662338,1125,2723,3848,0.8,Skenario 2 - Lonjakan,543
0.09995609267962115,0.4991885449176216,3.0578169561835624,1181,2675,3856,0.8,Skenario 2 - Lonjakan,544
0.0926950094794356,0.4206250031372335,2.5851516764236298,1103,2653,3756,0.8,Skenario 2 - Lonjakan,545
0.10471246072187468,0.4511246789827017,2.7385946512847403,1148,2664,3812,0.8,Skenario 2 - Lonjakan,546
0.08429223746979639,0.6514599839977547,3.9580278128950694,1182,2771,3953,0.8,Skenario 2 - Lonjakan,547
0.10297207627863697,0.6054923292881753,3.751873869216852,1197,2670,3867,0.8,Skenario 2 - Lonjakan,548
0.10361983625446665,0.49183336247894643,3.021694214876033,1191,2680,3871,0.8,Skenario 2 - Lonjakan,549
0.08663415828801589,0.4087661118773485,2.5982188295165396,1093,2835,3928,0.8,Skenario 2 - Lonjakan,550
0.0956355143502891,0.35975898790149763,2.2021801193874904,1171,2681,3852,0.8,Skenario 2 - Lonjakan,551
0.0929236543810875,0.547251578146111,3.29097605893186,1148,2653,3801,0.8,Skenario 2 - Lonjakan,552
0.09377289399157496,0.4925680692553816,2.994656692492653,1050,2692,3742,0.8,Skenario 2 - Lonjakan,553
0.088216481064625,0.3441824799638768,2.117379679144385,1150,2588,3738,0.8,Skenario 2 - Lonjakan,554
0.0916137609804009,0.36772738166878205,2.193272824345969,1104,2640,3744,0.8,Skenario 2 - Lonjakan,555
0.08929919792409281,0.4144055072578075,2.5528884199419677,1140,2649,3789,0.8,Skenario 2 - Lonjakan,556
0.08081315601909896,0.39196730438474947,2.323705438459537,1141,2700,3841,0.8,Skenario 2 - Lonjakan,557
0.09390084877034635,0.48551864567994085,2.930359937402191,1157,2675,3832,0.8,Skenario 2 - Lonjakan,558
0.11140427863684015,0.5424183447423085,3.260869565217391,1204,2635,3839,0.8,Skenario 2 - Lonjakan,559
0.09553514488334369,0.43832868964341365,2.631730266596968,1141,2683,3824,0.8,Skenario 2 - Lonjakan,560
0.08503852660746247,0.4018043631588713,2.331223628691983,1167,2623,3790,0.8,Skenario 2 - Lonjakan,561
0.0895924864898921,0.34865002101532383,2.110787172011662,1132,2641,3773,0.8,Skenario 2 - Lonjakan,562
0.10141211453965601,0.494223155352031,3.0939716312056738,1177,2769,3946,0.8,Skenario 2 - Lonjakan,563
0.0943048000418308,0.4770078506191188,2.9591836734693877,1186,2685,3871,0.8,Skenario 2 - Lonjakan,564
0.09583341550692157,0.5834980164081232,3.6230908620243336,1183,2679,3862,0.8,Skenario 2 - Lonjakan,565
0.10319300921875846,0.4413117352972567,2.662851196670135,1119,2724,3843,0.8,Skenario 2 - Lonjakan,566
0.09679556731167656,0.4758129992042709,2.87503288608261,1128,2671,3799,0.8,Skenario 2 - Lonjakan,567
0.09574149406295522,0.41417784477080466,2.5450090275986588,1166,2709,3875,0.8,Skenario 2 - Lonjakan,568
0.09286202115658056,0.40784601963967315,2.5571354705274043,1164,2702,3866,0.8,Skenario 2 - Lonjakan,569
0.08513282117974934,0.47939149835772676,2.977482088024565,1164,2742,3906,0.8,Skenario 2 - Lonjakan,570
0.08519631918943371,0.3953820969637477,2.4229279628195197,1172,2699,3871,0.8,Skenario 2 - Lonjakan,571
0.08836316681408107,0.531574812605342,3.3104150751209573,1200,2726,3926,0.8,Skenario 2 - Lonjakan,572
0.0871963230900889,0.5159708628797293,3.120936280884265,1139,2706,3845,0.8,Skenario 2 - Lonjakan,573
0.08463839110544019,0.41802351628503814,2.566394951354194,1082,2719,3801,0.8,Skenario 2 - Lonjakan,574
0.08423736870080936,0.462329373108992,2.8514825505116765,1121,2688,3809,0.8,Skenario 2 - Lonjakan,575
0.09446604548842619,0.4662299269534053,2.790602655771195,1179,2735,3914,0.8,Skenario 2 - Lonjakan,576
0.09663961318942751,0.46425400876608036,2.8457392197125255,1175,2719,3894,0.8,Skenario 2 - Lonjakan,577
0.08867490872776339,0.36853529065678287,2.1657908565423014,1165,2639,3804,0.8,Skenario 2 - Lonjakan,578
0.09390793745977152,0.43867476960072876,2.7486146095717885,1151,2818,3969,0.8,Skenario 2 - Lonjakan,579
0.0884339644048093,0.4589193865116834,2.755246589716684,1153,2659,3812,0.8,Skenario 2 - Lonjakan,580
0.09302871214432366,0.36138481745742557,2.14320193081255,1123,2604,3727,0.8,Skenario 2 - Lonjakan,581
0.08741867551088163,0.37113365422095684,2.1684710852917877,1189,2596,3785,0.8,Skenario 2 - Lonjakan,582
0.0973512412963421,0.43647582958855097,2.657434021426705,1119,2706,3825,0.8,Skenario 2 - Lonjakan,583
0.11244345786126864,0.8080521877961537,4.984709480122324,1243,2680,3923,0.8,Skenario 2 - Lonjakan,584
0.09219480849453066,0.4362083616969566,2.6958333333333333,1201,2637,3838,0.8,Skenario 2 - Lonjakan,585
0.08798631178101536,0.4294479827112848,2.6297188755020082,1027,2708,3735,0.8,Skenario 2 - Lonjakan,586
0.09600814546953237,0.47628160717683493,2.992588671254632,1093,2683,3776,0.8,Skenario 2 - Lonjakan,587
0.09086398873702373,0.4171640326909284,2.568269478014914,1136,2751,3887,0.8,Skenario 2 - Lonjakan,588
0.08818800209702923,0.4939488718240062,2.971362229102167,1172,2702,3874,0.8,Skenario 2 - Lonjakan,589
0.08457333413305873,0.38374823763857185,2.2420177086128255,1172,2553,3725,0.8,Skenario 2 - Lonjakan,590
0.0910520558140699,0.46924639760942116,2.9483243796367358,1152,2755,3907,0.8,Skenario 2 - Lonjakan,591
0.07481074271028075,0.3501660301707352,2.111198738170347,1132,2670,3802,0.8,Skenario 2 - Lonjakan,592
0.09874296923433656,0.5261767718469843,3.043766578249337,1109,2659,3768,0.8,Skenario 2 - Lonjakan,593
0.1111236475488685,0.8041930797638749,5.034843205574913,1246,2770,4016,0.8,Skenario 2 - Lonjakan,594
0.08875246611334732,0.4150571067925875,2.4884685151593677,1150,2709,3859,0.8,Skenario 2 - Lonjakan,595
0.09980862989152524,0.8551547538478705,4.997919916796672,1221,2623,3844,0.8,Skenario 2 - Lonjakan,596
0.09448728557371397,0.4563700142886559,2.733068783068783,1180,2598,3778,0.8,Skenario 2 - Lonjakan,597
0.12014753261261574,0.628487073674877,3.8432322202396128,1235,2687,3922,0.8,Skenario 2 - Lonjakan,598
0.09393175436693958,0.5140716945503244,3.047268907563025,1179,2628,3807,0.8,Skenario 2 - Lonjakan,599
0.09170293846804833,0.3879821310616672,2.345449790794979,1128,2694,3822,0.8,Skenario 2 - Lonjakan,600
0.0853066946181426,0.41173539160272915,2.448383733055266,1207,2627,3834,0.8,Skenario 2 - Lonjakan,601
0.08705575342902186,0.36691935917316904,2.2595238095238095,1115,2663,3778,0.8,Skenario 2 - Lonjakan,602
0.0883432576187497,0.31283833004960343,1.8462545835515978,1172,2644,3816,0.8,Skenario 2 - Lonjakan,603
0.078986306613804,0.43026656955321435,2.665148673988749,1089,2644,3733,0.8,Skenario 2 - Lonjakan,604
0.1008766631462739,0.45546014230021015,2.8202965235173822,1111,2799,3910,0.8,Skenario 2 - Lonjakan,605
0.0967763330965453,0.4708377137375611,2.8353403141361255,1181,2637,3818,0.8,Skenario 2 - Lonjakan,606
0.0933255671338393,0.3907913744016679,2.2925098554533507,1140,2665,3805,0.8,Skenario 2 - Lonjakan,607
0.08027894853290786,0.3119625412437292,1.8377181557697317,1175,2662,3837,0.8,Skenario 2 - Lonjakan,608
0.08793319167623832,0.33728939588900875,1.9944267515923566,1074,2692,3766,0.8,Skenario 2 - Lonjakan,609
0.09344216451320256,0.4537730005196612,2.6630727762803232,1145,2563,3708,0.8,Skenario 2 - Lonjakan,610
0.09376658681940246,0.500803536105403,3.241194486983155,1131,2785,3916,0.8,Skenario 2 - Lonjakan,611
0.08348490183525475,0.29262404689354427,1.6915005246589716,1154,2656,3810,0.8,Skenario 2 - Lonjakan,612
0.0909231295635183,0.5206647712750924,3.0774075045919704,1156,2653,3809,0.8,Skenario 2 - Lonjakan,613
0.08903554660787558,0.4849283874832096,3.0007581501137226,1167,2789,3956,0.8,Skenario 2 - Lonjakan,614
0.08692739484753476,0.4365666710936737,2.623639584915211,1263,2686,3949,0.8,Skenario 2 - Lonjakan,615
0.08653144164897209,0.4270030549319443,2.596715328467153,1154,2680,3834,0.8,Skenario 2 - Lonjakan,616
0.08294421404082322,0.3295553607599414,1.9898041320096593,1081,2644,3725,0.8,Skenario 2 - Lonjakan,617
0.10053684481537686,0.4707115836205765,2.7869931542917326,1175,2621,3796,0.8,Skenario 2 - Lonjakan,618
0.08593783078632498,0.41100883154606466,2.4747920997921,1174,2672,3846,0.8,Skenario 2 - Lonjakan,619
0.09846179225088979,0.5440931314980946,3.3889460154241644,1154,2736,3890,0.8,Skenario 2 - Lonjakan,620
0.08440738074923218,0.377652186559589,2.3621140763997905,1140,2681,3821,0.8,Skenario 2 - Lonjakan,621
0.08568867378311655,0.32909309844993434,1.9549718574108819,1113,2618,3731,0.8,Skenario 2 - Lonjakan,622
0.1083171553718333,0.4776410837159044,2.890274949083503,1224,2702,3926,0.8,Skenario 2 - Lonjakan,623
0.0868327212892455,0.48548924354027667,2.8917579551382366,1167,2667,3834,0.8,Skenario 2 - Lonjakan,624
0.09828376692144696,0.577125619793343,3.4530874097834805,1105,2634,3739,0.8,Skenario 2 - Lonjakan,625
0.09268705925618236,0.45273703231314105,2.8672079622839184,1176,2640,3816,0.8,Skenario 2 - Lonjakan,626
0.09577533220790803,0.42660474273504706,2.5694154488517746,1159,2673,3832,0.8,Skenario 2 - Lonjakan,627
0.09226862616947364,0.4109574637375678,2.499610288386594,1139,2708,3847,0.8,Skenario 2 - Lonjakan,628
0.10076749741160304,0.40599502179480657,2.533333333333333,1172,2728,3900,0.8,Skenario 2 - Lonjakan,629
0.08131705467377659,0.33717039235565927,1.9701610773699498,1185,2601,3786,0.8,Skenario 2 - Lonjakan,630
0.10022294142898264,0.5219487603230193,3.1305606738615426,1139,2658,3797,0.8,Skenario 2 - Lonjakan,631
0.08670141799258692,0.32143076245644,1.916444207154298,1117,2628,3745,0.8,Skenario 2 - Lonjakan,632
0.09325822449970848,0.5712590660372475,3.551778656126482,1122,2671,3793,0.8,Skenario 2 - Lonjakan,633
0.08718782756162914,0.35595262595580945,2.1880612783940836,1094,2690,3784,0.8,Skenario 2 - Lonjakan,634
0.09641597885590303,0.506446650319013,3.140077821011673,1141,2712,3853,0.8,Skenario 2 - Lonjakan,635
0.10304073867876037,0.5116466537916265,2.9718530101641907,1218,2617,3835,0.8,Skenario 2 - Lonjakan,636
0.09527685865909394,0.4539152026289878,2.7184938524590163,1220,2683,3903,0.8,Skenario 2 - Lonjakan,637
0.09312813869564823,0.47667744262015754,2.8609391124871,1201,2674,3875,0.8,Skenario 2 - Lonjakan,638
0.08555326813605026,0.3587677495202347,2.1749932487172563,1079,2622,3701,0.8,Skenario 2 - Lonjakan,639
0.08575612998146376,0.5091021874062599,3.1222048881955278,1186,2658,3844,0.8,Skenario 2 - Lonjakan,640
0.09226555816187523,0.5387133307856832,3.2825192802056553,1147,2741,3888,0.8,Skenario 2 - Lonjakan,641
0.09279567641395137,0.5395513444237959,3.2758532204259687,1167,2728,3895,0.8,Skenario 2 - Lonjakan,642
0.11293554048316792,0.5474138325166377,3.2739163888176455,1154,2743,3897,0.8,Skenario 2 - Lonjakan,643
0.08086905450067848,0.34965782570245996,2.0977266788607265,1161,2664,3825,0.8,Skenario 2 - Lonjakan,644
0.09115826017780347,0.4063111954026211,2.486354273944387,1166,2716,3882,0.8,Skenario 2 - Lonjakan,645
0.10277320980091262,0.5799989544949484,3.6844635627530367,1185,2765,3950,0.8,Skenario 2 - Lonjakan,646
0.09480147567638514,0.42897954024766755,2.59494337634975,1141,2655,3796,0.8,Skenario 2 - Lonjakan,647
0.10097540876473755,0.5192488350307373,3.1006256517205424,1165,2669,3834,0.8,Skenario 2 - Lonjakan,648
0.08785817365987267,0.4183624261139372,2.563626723223754,1079,2693,3772,0.8,Skenario 2 - Lonjakan,649
0.08779977247269298,0.42957294204917723,2.5580286168521464,1181,2592,3773,0.8,Skenario 2 - Lonjakan,650
0.08641890948308516,0.351570536963033,2.030401737242128,1113,2571,3684,0.8,Skenario 2 - Lonjakan,651
0.09931884185554588,0.4936722604312687,3.0584415584415585,1166,2683,3849,0.8,Skenario 2 - Lonjakan,652
0.07555142103492685,0.3984777249700171,2.4364017833726725,1114,2697,3811,0.8,Skenario 2 - Lonjakan,653
0.09528621860458095,0.3713947202103096,2.174503657262278,1208,2618,3826,0.8,Skenario 2 - Lonjakan,654
0.09666546996990687,0.4591217335345308,2.808586762075134,1146,2765,3911,0.8,Skenario 2 - Lonjakan,655
0.08477446609466295,0.36109745207822674,2.259376650818806,1091,2693,3784,0.8,Skenario 2 - Lonjakan,656
0.0878196270259392,0.45122822539866175,2.6923879040667362,1162,2672,3834,0.8,Skenario 2 - Lonjakan,657
0.09719058898184701,0.5257871979486158,3.1623023074928702,1167,2688,3855,0.8,Skenario 2 - Lonjakan,658
0.08423417573091044,0.35482092004440335,2.206120847501962,1143,2679,3822,0.8,Skenario 2 - Lonjakan,659
0.09848475256578865,0.5712047758374245,3.520580474934037,1120,2669,3789,0.8,Skenario 2 - Lonjakan,660
0.09547158669317972,0.45252947040418984,2.7639405204460967,1124,2640,3764,0.8,Skenario 2 - Lonjakan,661
0.09478626542359206,0.6150231646895618,3.729090909090909,1172,2677,3849,0.8,Skenario 2 - Lonjakan,662
0.09015437795279274,0.40600926829049533,2.591203104786546,1134,2729,3863,0.8,Skenario 2 - Lonjakan,663
0.10257742100774112,0.7698500842924892,4.951276102088167,1122,2755,3877,0.8,Skenario 2 - Lonjakan,664
0.10016147592661377,0.49355249657993644,3.028985507246377,1134,2729,3863,0.8,Skenario 2 - Lonjakan,665
0.11264012003233884,0.7782244875346068,4.831820474029248,1148,2816,3964,0.8,Skenario 2 - Lonjakan,666
0.09048968489851687,0.42849318372974987,2.627007107133456,1123,2674,3797,0.8,Skenario 2 - Lonjakan,667
0.08771568524609154,0.3675228761452467,2.3113618876635034,1160,2737,3897,0.8,Skenario 2 - Lonjakan,668
0.09981198856617636,0.4524267255892232,2.743562795585917,1126,2678,3804,0.8,Skenario 2 - Lonjakan,669
0.0913349516311212,0.5014820317162153,3.1111961234378986,1149,2771,3920,0.8,Skenario 2 - Lonjakan,670
0.09045621097404881,0.4389866203005683,2.7073043930335325,1188,2658,3846,0.8,Skenario 2 - Lonjakan,671
0.09445438748262833,0.45006530466230193,2.643730074388948,1161,2601,3762,0.8,Skenario 2 - Lonjakan,672
0.09650350560760151,0.5402550768895176,3.32,1177,2672,3849,0.8,Skenario 2 - Lonjakan,673
0.08080365212529993,0.4210294265032378,2.6297817715019254,1147,2747,3894,0.8,Skenario 2 - Lonjakan,674
0.10162569481172305,0.4774254504509314,3.049923586347427,1112,2812,3924,0.8,Skenario 2 - Lonjakan,675
0.08160214921149718,0.4412050053657965,2.7792546260099034,1141,2694,3835,0.8,Skenario 2 - Lonjakan,676
0.08748677927311513,0.5345554768044429,3.2754777070063694,1163,2603,3766,0.8,Skenario 2 - Lonjakan,677
0.08507877195724145,0.5232255472153042,3.231415812976097,1165,2640,3805,0.8,Skenario 2 - Lonjakan,678
0.084121952495868,0.44773500298039504,2.6575916230366494,1134,2684,3818,0.8,Skenario 2 - Lonjakan,679
0.08861188997967398,0.3934103178104356,2.4210112653916687,1177,2638,3815,0.8,Skenario 2 - Lonjakan,680
0.09350901867707977,0.376724591170772,2.265886732252061,1114,2645,3759,0.8,Skenario 2 - Lonjakan,681
0.10514960492511459,0.4037495461928239,2.362824888422158,1168,2639,3807,0.8,Skenario 2 - Lonjakan,682
0.08965937849690399,0.40573115163478163,2.556854410201913,1100,2662,3762,0.8,Skenario 2 - Lonjakan,683
0.09648880924510361,0.5213073739338503,3.219331803111451,1192,2728,3920,0.8,Skenario 2 - Lonjakan,684
0.11251558706003828,0.43794293846539994,2.6840616966580977,1188,2700,3888,0.8,Skenario 2 - Lonjakan,685
0.08790164730527832,0.3231250514351019,2.0154167755422003,1117,2708,3825,0.8,Skenario 2 - Lonjakan,686
0.09241898668656873,0.4137238614086464,2.548844537815126,1112,2694,3806,0.8,Skenario 2 - Lonjakan,687
0.09279258831018967,0.4517594180815929,2.8446400828586227,1146,2714,3860,0.8,Skenario 2 - Lonjakan,688
0.09201075130717955,0.48051871970719723,2.93764493687194,1153,2726,3879,0.8,Skenario 2 - Lonjakan,689
0.09088682814532355,0.6276510363185884,3.7616566814274552,1147,2690,3837,0.8,Skenario 2 - Lonjakan,690
0.0918916717716251,0.39719231884676004,2.457973291437549,1148,2670,3818,0.8,Skenario 2 - Lonjakan,691
0.10110751671193738,0.48652088649799596,3.0030341340075855,1155,2798,3953,0.8,Skenario 2 - Lonjakan,692
0.08150369703327694,0.3569662889972336,2.1167459059693607,1130,2654,3784,0.8,Skenario 2 - Lonjakan,693
0.09325375510971418,0.5071267412456261,3.1232876712328768,1166,2629,3795,0.8,Skenario 2 - Lonjakan,694
0.09608792673934743,0.5876738185977839,3.6468315301391034,1204,2676,3880,0.8,Skenario 2 - Lonjakan,695
0.08521232293724122,0.30735887406580964,1.848995983935743,1115,2618,3733,0.8,Skenario 2 - Lonjakan,696
0.09364702710215529,0.3903729003107067,2.357591623036649,1166,2652,3818,0.8,Skenario 2 - Lonjakan,697
0.09080816261232241,0.4003855413206852,2.432127882599581,1128,2688,3816,0.8,Skenario 2 - Lonjakan,698
0.07606097209571153,0.34898039561647665,2.1280258203335127,1074,2642,3716,0.8,Skenario 2 - Lonjakan,699
0.08370551821446216,0.37461333798590285,2.2219850586979724,1183,2563,3746,0.8,Skenario 2 - Lonjakan,700
0.09345283928404857,0.4194352169793976,2.570609692548202,1147,2689,3836,0.8,Skenario 2 - Lonjakan,701
0.10284208166537134,0.5179113576730533,3.1091817942646673,1111,2688,3799,0.8,Skenario 2 - Lonjakan,702
0.09732570150897718,0.4724487656046473,2.8377113133940184,1110,2733,3843,0.8,Skenario 2 - Lonjakan,703
0.08411191739478974,0.4916211806513259,3.001841136244082,1138,2662,3800,0.8,Skenario 2 - Lonjakan,704
0.10264650278057404,0.4538399370358465,2.7068062827225132,1171,2647,3818,0.8,Skenario 2 - Lonjakan,705
0.08903088544211567,0.4372053829442984,2.6072641755944606,1188,2637,3825,0.8,Skenario 2 - Lonjakan,706
0.08947459523631518,0.42894895808130346,2.60349704294163,1147,2741,3888,0.8,Skenario 2 - Lonjakan,707
0.0908100893667318,0.3663539648509908,2.3671582104473883,1159,2840,3999,0.8,Skenario 2 - Lonjakan,708
0.1089861793574399,0.6886782367628738,4.2042004048583,1162,2788,3950,0.8,Skenario 2 - Lonjakan,709
0.08626217934315177,0.3426281798123043,2.059214020180563,1078,2686,3764,0.8,Skenario 2 - Lonjakan,710
0.09352693172243305,0.3656272133636088,2.174188440221694,1163,2624,3787,0.8,Skenario 2 - Lonjakan,711
0.10696565840130495,0.5993428929599997,3.720810880164229,1145,2750,3895,0.8,Skenario 2 - Lonjakan,712
0.08423261754647143,0.3546219022372763,2.163586956521739,1148,2530,3678,0.8,Skenario 2 - Lonjakan,713
0.08944857597985603,0.3589586770069988,2.189360021069265,1142,2653,3795,0.8,Skenario 2 - Lonjakan,714
0.09104867855417997,0.3775924215411254,2.306185567010309,1163,2715,3878,0.8,Skenario 2 - Lonjakan,715
0.09005624093458832,0.4990038496771324,3.0791441093065224,1217,2660,3877,0.8,Skenario 2 - Lonjakan,716
0.09821893797207208,0.42968311994182057,2.591322421408158,1197,2650,3847,0.8,Skenario 2 - Lonjakan,717
0.07842510586485067,0.38044543061943364,2.3196177329439873,1157,2608,3765,0.8,Skenario 2 - Lonjakan,718
0.0978881009642459,0.5697407350110212,3.487824037706206,1090,2729,3819,0.8,Skenario 2 - Lonjakan,719
0.08871049308296844,0.34866100295604435,2.1426691234535404,1108,2689,3797,0.8,Skenario 2 - Lonjakan,720
0.09509515957702015,0.40451502989965016,2.477530991735537,1148,2722,3870,0.8,Skenario 2 - Lonjakan,721
0.09614857603564372,0.3812556275843362,2.354619209630987,1140,2679,3819,0.8,Skenario 2 - Lonjakan,722
0.09046929075429591,0.38112598455369756,2.3481519772551045,1170,2697,3867,0.8,Skenario 2 - Lonjakan,723
0.07991899616314455,0.3349202608803204,1.9865541787503296,1116,2675,3791,0.8,Skenario 2 - Lonjakan,724
0.08606803933765168,0.34267380067018194,1.9450782700981692,1150,2617,3767,0.8,Skenario 2 - Lonjakan,725
0.09177148700723542,0.3614935262301796,2.23006054224796,1140,2658,3798,0.8,Skenario 2 - Lonjakan,726
0.09999923990810126,0.474293837703296,2.842938733125649,1157,2693,3850,0.8,Skenario 2 - Lonjakan,727
0.09150911428406698,0.44110403460975106,2.6440498277232973,1157,2615,3772,0.8,Skenario 2 - Lonjakan,728
0.09310690246406593,0.5612387149851128,3.3367916999201914,1136,2621,3757,0.8,Skenario 2 - Lonjakan,729
0.08235701578192746,0.3443844348494159,2.1013157894736842,1159,2639,3798,0.8,Skenario 2 - Lonjakan,730
0.0948182396933011,0.5225577687228103,3.010422094841063,1188,2649,3837,0.8,Skenario 2 - Lonjakan,731
0.10341932302908101,0.47752279909099205,2.9632539280283834,1210,2734,3944,0.8,Skenario 2 - Lonjakan,732
0.08353980405029532,0.3005685580519616,1.8145766345123258,1081,2649,3730,0.8,Skenario 2 - Lonjakan,733
0.11092917128860422,0.6888172043421122,4.166839110191412,1195,2669,3864,0.8,Skenario 2 - Lonjakan,734
0.10083260920132098,0.41208806447352153,2.4123359580052495,1154,2655,3809,0.8,Skenario 2 - Lonjakan,735
0.10700632072663029,0.5469341598661644,3.4869455006337136,1188,2755,3943,0.8,Skenario 2 - Lonjakan,736
0.10001376176769446,0.6030900914980657,3.6562178828365877,1166,2725,3891,0.8,Skenario 2 - Lonjakan,737
0.08860163415050687,0.43092143680038486,2.6353950103950106,1149,2697,3846,0.8,Skenario 2 - Lonjakan,738
0.10163889695298886,0.5308005578282647,3.2878942014242116,1228,2704,3932,0.8,Skenario 2 - Lonjakan,739
0.09126047760625373,0.5282661378799938,3.065,1122,2677,3799,0.8,Skenario 2 - Lonjakan,740
0.08832300059913448,0.3767966644552004,2.3343965975544925,1151,2609,3760,0.8,Skenario 2 - Lonjakan,741
0.09184224351210184,0.444251964824674,2.737506575486586,1093,2709,3802,0.8,Skenario 2 - Lonjakan,742
0.09744321686666382,0.4300011561280874,2.624706189605641,1172,2655,3827,0.8,Skenario 2 - Lonjakan,743
0.09623157462230644,0.4107599976215874,2.582457040266735,1149,2748,3897,0.8,Skenario 2 - Lonjakan,744
0.09977657287471435,0.5054665285963792,3.1013584117032393,1156,2670,3826,0.8,Skenario 2 - Lonjakan,745
0.09243603475109552,0.35642351178080617,2.0575423500941112,1136,2581,3717,0.8,Skenario 2 - Lonjakan,746
0.09182688323546537,0.36149048195484274,2.225151595043501,1118,2674,3792,0.8,Skenario 2 - Lonjakan,747
0.09903199595437784,0.41425028954926757,2.505100706251635,1170,2651,3821,0.8,Skenario 2 - Lonjakan,748
0.10057831278350299,0.4618636910471352,2.8280601659751037,1145,2709,3854,0.8,Skenario 2 - Lonjakan,749
0.09561091189055873,0.30696169787477096,1.8389065817409767,1142,2624,3766,0.8,Skenario 2 - Lonjakan,750
0.10070086964490726,0.4943531801898891,3.0588681152097017,1221,2735,3956,0.8,Skenario 2 - Lonjakan,751
0.09938557095990343,0.5570100378523424,3.453632148377125,1172,2709,3881,0.8,Skenario 2 - Lonjakan,752
0.09861647544504624,0.4811380409374552,2.877742946708464,1180,2647,3827,0.8,Skenario 2 - Lonjakan,753
0.09427427618336144,0.48246475078131246,3.036144578313253,1146,2753,3899,0.8,Skenario 2 - Lonjakan,754
0.099059029947418,0.5846830998026504,3.6910406788120786,1176,2829,4005,0.8,Skenario 2 - Lonjakan,755
0.09262053866042325,0.5332531626713714,3.172163074526097,1115,2734,3849,0.8,Skenario 2 - Lonjakan,756
0.10471188783139149,0.5096995058869433,3.104935064935065,1205,2643,3848,0.8,Skenario 2 - Lonjakan,757
0.08646328030949767,0.36082330461708784,2.242695446170045,1135,2662,3797,0.8,Skenario 2 - Lonjakan,758
0.10496290053348309,0.43819712229840907,2.6293326435592346,1163,2703,3866,0.8,Skenario 2 - Lonjakan,759
0.09355096005255667,0.38574416741462453,2.3201581027667983,1160,2633,3793,0.8,Skenario 2 - Lonjakan,760
0.09580510923845965,0.533951153418192,3.254102699841186,1132,2644,3776,0.8,Skenario 2 - Lonjakan,761
0.09115416009277895,0.4472174176587987,2.6425925925925924,1106,2672,3778,0.8,Skenario 2 - Lonjakan,762
0.09318663540655232,0.3605687398204214,2.13324432576769,1095,2648,3743,0.8,Skenario 2 - Lonjakan,763
0.10601212845447505,0.6046800025574756,3.7285382830626452,1122,2755,3877,0.8,Skenario 2 - Lonjakan,764
0.09191108607079782,0.40331215317480784,2.4725568942436413,1128,2607,3735,0.8,Skenario 2 - Lonjakan,765
0.09083210109730477,0.4759096369257047,2.888888888888889,1160,2645,3805,0.8,Skenario 2 - Lonjakan,766
0.08936011901931741,0.368936332645076,2.223718280683584,1094,2766,3860,0.8,Skenario 2 - Lonjakan,767
0.09347948798007298,0.3711258119144249,2.2029741716671016,1178,2653,3831,0.8,Skenario 2 - Lonjakan,768
0.0939810016785916,0.48009022752214525,2.8755968169761275,1153,2615,3768,0.8,Skenario 2 - Lonjakan,769
0.08570938370761122,0.36158687291602926,2.1403230076780515,1154,2621,3775,0.8,Skenario 2 - Lonjakan,770
0.09018414400663952,0.3442150558953921,2.117585848074922,1153,2689,3842,0.8,Skenario 2 - Lonjakan,771
0.10416162881422267,0.5265450105246098,3.1322927328556807,1169,2737,3906,0.8,Skenario 2 - Lonjakan,772
0.10366219877005267,0.402008598956529,2.486993496748374,1223,2773,3996,0.8,Skenario 2 - Lonjakan,773
0.0857691327965539,0.44985910107643495,2.7299382716049383,1141,2745,3886,0.8,Skenario 2 - Lonjakan,774
0.0981807908756393,0.43069496405118385,2.6574884199691198,1183,2702,3885,0.8,Skenario 2 - Lonjakan,775
0.09339269904717983,0.4998784600997006,3.047049649077203,1155,2691,3846,0.8,Skenario 2 - Lonjakan,776
0.09891382711907588,0.48680611097890886,2.94088412241695,1129,2693,3822,0.8,Skenario 2 - Lonjakan,777
0.09184587286323141,0.5170972842610392,3.1793085655314757,1157,2718,3875,0.8,Skenario 2 - Lonjakan,778
0.08817633014120045,0.4022574039515728,2.4980764298538087,1141,2756,3897,0.8,Skenario 2 - Lonjakan,779
0.08709528918955617,0.3700910457269918,2.224869109947644,1123,2695,3818,0.8,Skenario 2 - Lonjakan,780
0.09967797021847884,0.6183996858773951,3.679606487636267,1113,2646,3759,0.8,Skenario 2 - Lonjakan,781
0.08911798164626367,0.5783105416378038,3.5604591836734696,1171,2747,3918,0.8,Skenario 2 - Lonjakan,782
0.08999708914320775,0.46805564505034924,2.8533368504352414,1125,2664,3789,0.8,Skenario 2 - Lonjakan,783
0.09062045650930664,0.49624467717975285,3.0411734431291815,1103,2781,3884,0.8,Skenario 2 - Lonjakan,784
0.0953849426977958,0.6501296642324174,3.902439024390244,1131,2721,3852,0.8,Skenario 2 - Lonjakan,785
0.09015696248440858,0.4800058213921994,2.9363057324840764,1172,2751,3923,0.8,Skenario 2 - Lonjakan,786
0.0898272271625646,0.35006318396812575,2.125297383029342,1176,2605,3781,0.8,Skenario 2 - Lonjakan,787
0.08554123030653422,0.47403426266232124,2.925916365513681,1178,2694,3872,0.8,Skenario 2 - Lonjakan,788
0.08829044193919458,0.46981506145585883,2.8563402889245584,1124,2612,3736,0.8,Skenario 2 - Lonjakan,789
0.09307414938127709,0.3756729588106442,2.244667180673349,1185,2706,3891,0.8,Skenario 2 - Lonjakan,790
0.09680516301441269,0.505773338649052,3.049580472921434,1199,2732,3931,0.8,Skenario 2 - Lonjakan,791
0.0920538732751361,0.6073266607557187,3.840370751802266,1112,2770,3882,0.8,Skenario 2 - Lonjakan,792
0.08255758505607093,0.3264135756542748,1.852917665867306,1138,2613,3751,0.8,Skenario 2 - Lonjakan,793
0.11111758469414405,0.4858456194323035,3.003882992492881,1137,2725,3862,0.8,Skenario 2 - Lonjakan,794
0.10672232271435225,0.5194480937614913,3.1250640697078422,1153,2747,3900,0.8,Skenario 2 - Lonjakan,795
0.10128275183575158,0.4766306641394378,2.948048656867714,1202,2744,3946,0.8,Skenario 2 - Lonjakan,796
0.09103016774353775,0.38093428380733824,2.3467115484205077,1143,2717,3860,0.8,Skenario 2 - Lonjakan,797
0.09320026150884436,0.333090034877657,2.0286389910667366,1148,2656,3804,0.8,Skenario 2 - Lonjakan,798
0.08145033173497693,0.35289964142074215,2.116627876907163,1146,2719,3865,0.8,Skenario 2 - Lonjakan,799
0.10096257064348597,0.5473202816575629,3.2014748485646565,1125,2670,3795,0.8,Skenario 2 - Lonjakan,800
0.07920450201501415,0.2804024529074051,1.7253817798841495,1106,2690,3796,0.8,Skenario 2 - Lonjakan,801
0.08705394537669527,0.39775750416393046,2.466099441637862,1115,2644,3759,0.8,Skenario 2 - Lonjakan,802
0.0996941163731708,0.4832648001114609,2.828693790149893,1125,2610,3735,0.8,Skenario 2 - Lonjakan,803
0.0997659483630194,0.562616743039255,3.4965865992414664,1213,2740,3953,0.8,Skenario 2 - Lonjakan,804
0.08391514404891656,0.3491281370671074,2.1663101604278077,1100,2638,3738,0.8,Skenario 2 - Lonjakan,805
0.0880075548374486,0.44054898121065733,2.6659804426145137,1180,2704,3884,0.8,Skenario 2 - Lonjakan,806
0.09799404438641701,0.5137416345804762,3.136664966853646,1193,2727,3920,0.8,Skenario 2 - Lonjakan,807
0.09120264731919075,0.43703588447881986,2.66171875,1112,2726,3838,0.8,Skenario 2 - Lonjakan,808
0.09393519431158431,0.5543912898881471,3.325077399380805,1191,2683,3874,0.8,Skenario 2 - Lonjakan,809
0.08967338874790462,0.39890575759889757,2.3900984966303787,1177,2679,3856,0.8,Skenario 2 - Lonjakan,810
0.08341842600197247,0.4026566610390915,2.4993443482821927,1107,2704,3811,0.8,Skenario 2 - Lonjakan,811
0.10035757863467229,0.5744365008718968,3.513780551222049,1144,2700,3844,0.8,Skenario 2 - Lonjakan,812
0.082149142902783,0.3320523042465182,2.100181676615624,1147,2705,3852,0.8,Skenario 2 - Lonjakan,813
0.08096850107269649,0.32508417727967737,1.9253495120021102,1143,2648,3791,0.8,Skenario 2 - Lonjakan,814
0.09043961190838945,0.3790445839526765,2.3021164021164022,1121,2657,3778,0.8,Skenario 2 - Lonjakan,815
0.09681799716335159,0.5909493091241456,3.675204918032787,1182,2720,3902,0.8,Skenario 2 - Lonjakan,816
0.09761897738501327,0.4273441640775969,2.5641900761354686,1152,2655,3807,0.8,Skenario 2 - Lonjakan,817
0.09414091219121953,0.44586214520825573,2.6748051948051947,1147,2701,3848,0.8,Skenario 2 - Lonjakan,818
0.09143420765947809,0.4979003038744555,3.081460674157303,1177,2737,3914,0.8,Skenario 2 - Lonjakan,819
0.08731316778807079,0.4265610270759856,2.729145473041709,1204,2726,3930,0.8,Skenario 2 - Lonjakan,820
0.0887790792642282,0.4247811662007817,2.56576903158985,1201,2659,3860,0.8,Skenario 2 - Lonjakan,821
0.09418074477853845,0.3833398768466639,2.3033500395673965,1129,2660,3789,0.8,Skenario 2 - Lonjakan,822
0.09797519826008608,0.5522687908025765,3.424,1144,2729,3873,0.8,Skenario 2 - Lonjakan,823
0.08968452182981286,0.3731083932050481,2.2849700442823653,1153,2684,3837,0.8,Skenario 2 - Lonjakan,824
0.09983161081226691,0.4569591075900794,2.7690295579387914,1183,2638,3821,0.8,Skenario 2 - Lonjakan,825
0.09655199585687285,0.4476665511553359,2.7455938697318008,1147,2766,3913,0.8,Skenario 2 - Lonjakan,826
0.09068178101261405,0.48757954512234913,2.9706190975865687,1124,2687,3811,0.8,Skenario 2 - Lonjakan,827
0.09573316022905351,0.46490626335749546,2.880784708249497,1195,2779,3974,0.8,Skenario 2 - Lonjakan,828
0.10273607044041136,0.5127371033081355,3.1755937342091967,1203,2753,3956,0.8,Skenario 2 - Lonjakan,829
0.09978703078971614,0.43626788277591577,2.560127422352004,1137,2628,3765,0.8,Skenario 2 - Lonjakan,830
0.10005175042214486,0.41775408507334355,2.503129890453834,1237,2595,3832,0.8,Skenario 2 - Lonjakan,831
0.08662824174159435,0.5186821354451928,3.1340618336886994,1101,2650,3751,0.8,Skenario 2 - Lonjakan,832
0.09312296636002172,0.4439134531878895,2.752373620733898,1146,2749,3895,0.8,Skenario 2 - Lonjakan,833
0.09991909575655354,0.5630140131140168,3.3280409731113956,1223,2680,3903,0.8,Skenario 2 - Lonjakan,834
0.09622368491387429,0.4598363046307331,2.8511093290564022,1098,2641,3739,0.8,Skenario 2 - Lonjakan,835
0.09704938082564546,0.7755225816884268,4.635273098519653,1174,2742,3916,0.8,Skenario 2 - Lonjakan,836
0.09895537387096516,0.4538009548836454,2.9122852013336753,1139,2759,3898,0.8,Skenario 2 - Lonjakan,837
0.09337243038814888,0.3183978935286391,1.8844822997072133,1140,2615,3755,0.8,Skenario 2 - Lonjakan,838
0.10662486465513585,0.49839512377162204,3.0392362019356525,1126,2695,3821,0.8,Skenario 2 - Lonjakan,839
0.09949657989737028,0.4981674160594083,3.0725806451612905,1217,2625,3842,0.8,Skenario 2 - Lonjakan,840
0.10410754873704212,0.4689297299110271,2.9110301768990636,1199,2643,3842,0.8,Skenario 2 - Lonjakan,841
0.09718588345170763,0.5489100568757626,3.388110072689512,1141,2709,3850,0.8,Skenario 2 - Lonjakan,842
0.09312406310475789,0.499429280789818,3.178780923233869,1130,2789,3919,0.8,Skenario 2 - Lonjakan,843
0.09041787514111703,0.4109871031494093,2.412227761742325,1165,2644,3809,0.8,Skenario 2 - Lonjakan,844
0.08273623354286987,0.3903551805483921,2.369745718733783,1163,2690,3853,0.8,Skenario 2 - Lonjakan,845
0.09727446054895755,0.4301170602388812,2.5,1147,2639,3786,0.8,Skenario 2 - Lonjakan,846
0.09415429347132315,0.592115108255713,3.665044814340589,1147,2757,3904,0.8,Skenario 2 - Lonjakan,847
0.08694971579843135,0.3764004769613847,2.333248342682305,1120,2802,3922,0.8,Skenario 2 - Lonjakan,848
0.0910200478707029,0.4961915926031269,2.9979439732716524,1150,2740,3890,0.8,Skenario 2 - Lonjakan,849
0.08950696138220406,0.5071736674499098,3.081017304667016,1107,2705,3812,0.8,Skenario 2 - Lonjakan,850
0.09161215698400665,0.4807286907188945,2.8802762854950115,1215,2692,3907,0.8,Skenario 2 - Lonjakan,851
0.09812408969386224,0.3959043416504036,2.3719205298013244,1096,2677,3773,0.8,Skenario 2 - Lonjakan,852
0.09312651979544392,0.4074135575434519,2.5133940182054615,1180,2664,3844,0.8,Skenario 2 - Lonjakan,853
0.08662031143583722,0.31372945118483525,1.8991957104557642,1126,2603,3729,0.8,Skenario 2 - Lonjakan,854
0.0974181273654041,0.4866168349225069,2.930131004366812,1174,2718,3892,0.8,Skenario 2 - Lonjakan,855
0.08786497209584988,0.36973254077946305,2.260020822488287,1187,2654,3841,0.8,Skenario 2 - Lonjakan,856
0.11223593033113576,0.638124457186429,3.9319519058582757,1148,2759,3907,0.8,Skenario 2 - Lonjakan,857
0.09939306023850045,0.41502602021250284,2.485520480041743,1184,2647,3831,0.8,Skenario 2 - Lonjakan,858
0.09194888546730628,0.4106865391415696,2.3896137787056366,1190,2640,3830,0.8,Skenario 2 - Lonjakan,859
0.09452992138741016,0.5066339339810955,3.064010624169987,1143,2622,3765,0.8,Skenario 2 - Lonjakan,860
0.0854024987913305,0.5663825811466944,3.5283988691852994,1126,2765,3891,0.8,Skenario 2 - Lonjakan,861
0.08851741838907443,0.4545688276180264,2.6916862131873858,1150,2685,3835,0.8,Skenario 2 - Lonjakan,862
0.0985324727669714,0.34246699389655993,2.100334448160535,1120,2765,3885,0.8,Skenario 2 - Lonjakan,863
0.10185671351377627,0.4356235450499329,2.6073394495412843,1129,2684,3813,0.8,Skenario 2 - Lonjakan,864
0.10704800508772865,0.6600054705543641,4.1551991722710815,1205,2659,3864,0.8,Skenario 2 - Lonjakan,865
0.08647870552409903,0.3167930464741645,1.921038685744568,1140,2632,3772,0.8,Skenario 2 - Lonjakan,866
0.08404555384760282,0.4422919990014472,2.6437779531702184,1136,2663,3799,0.8,Skenario 2 - Lonjakan,867
0.08905303327991351,0.5084106448945145,2.972126360499071,1128,2637,3765,0.8,Skenario 2 - Lonjakan,868
0.10019129683588852,0.5929644592052025,3.5774025974025974,1176,2672,3848,0.8,Skenario 2 - Lonjakan,869
0.07772377808716346,0.29317332892487713,1.7553191489361701,1156,2602,3758,0.8,Skenario 2 - Lonjakan,870
0.0799556506058815,0.30487840006550915,1.8543328017012228,1129,2633,3762,0.8,Skenario 2 - Lonjakan,871
0.10168163038719295,0.6559719948773295,4.153846153846154,1172,2713,3885,0.8,Skenario 2 - Lonjakan,872
0.08603516077684423,0.4281940372227715,2.544015029522276,1137,2587,3724,0.8,Skenario 2 - Lonjakan,873
0.10361022753472439,0.5004859667425678,2.9903721051262036,1171,2670,3841,0.8,Skenario 2 - Lonjakan,874
0.09789047911322427,0.6033528845199857,3.6228070175438596,1198,2677,3875,0.8,Skenario 2 - Lonjakan,875
0.09300182639217107,0.3746926105694175,2.287110406761754,1124,2661,3785,0.8,Skenario 2 - Lonjakan,876
0.08918282931541846,0.4213642771402527,2.6368448914769718,1114,2664,3778,0.8,Skenario 2 - Lonjakan,877
0.09299971738249645,0.5175448089161386,3.2594268476621417,1195,2781,3976,0.8,Skenario 2 - Lonjakan,878
0.09594633250941198,0.4844649566763552,2.8947936336660374,1108,2597,3705,0.8,Skenario 2 - Lonjakan,879
0.09653531495948003,0.4118772523210128,2.5477520617185423,1138,2619,3757,0.8,Skenario 2 - Lonjakan,880
0.09560220408263623,0.48247088125603416,2.996914373875032,1135,2752,3887,0.8,Skenario 2 - Lonjakan,881
0.0861646471907763,0.4334491372814684,2.597826086956522,1144,2718,3862,0.8,Skenario 2 - Lonjakan,882
0.08360701697683791,0.3899969471042749,2.373716091651304,1094,2701,3795,0.8,Skenario 2 - Lonjakan,883
0.08874815300708278,0.3625103399377601,2.188474755485065,1100,2681,3781,0.8,Skenario 2 - Lonjakan,884
0.09631545740171693,0.4947521818974916,3.1176020408163265,1130,2788,3918,0.8,Skenario 2 - Lonjakan,885
0.07718614837961393,0.408849284218208,2.450336264873254,1195,2671,3866,0.8,Skenario 2 - Lonjakan,886
0.08474823576297708,0.3430657240035131,2.0997326203208555,1145,2594,3739,0.8,Skenario 2 - Lonjakan,887
0.08304069600208247,0.5238073495892953,3.2871648008331165,1093,2746,3839,0.8,Skenario 2 - Lonjakan,888
0.08664692110651968,0.4246818556976637,2.557127882599581,1165,2651,3816,0.8,Skenario 2 - Lonjakan,889
0.0917188895936228,0.4028125639961949,2.409385532797511,1194,2661,3855,0.8,Skenario 2 - Lonjakan,890
0.09619020873941034,0.45361615405619266,2.824192721681189,1167,2733,3900,0.8,Skenario 2 - Lonjakan,891
0.10513844758653176,0.5683285825867012,3.5006411900487304,1187,2710,3897,0.8,Skenario 2 - Lonjakan,892
0.09075258686903166,0.5711963381516708,3.523982369717397,1106,2750,3856,0.8,Skenario 2 - Lonjakan,893
0.08696221931270683,0.37761947668613577,2.26282722513089,1129,2689,3818,0.8,Skenario 2 - Lonjakan,894
0.09491307043227108,0.4724880509431973,2.788806758183738,1127,2661,3788,0.8,Skenario 2 - Lonjakan,895
0.09354403474428016,0.5138671857696773,3.0968982312227635,1230,2669,3899,0.8,Skenario 2 - Lonjakan,896
0.09645490290174694,0.6982348039507837,4.264412997903564,1192,2622,3814,0.8,Skenario 2 - Lonjakan,897
0.09693514290773063,0.7026327172596091,4.404030226700252,1153,2815,3968,0.8,Skenario 2 - Lonjakan,898
0.08811610893607551,0.38034325428625976,2.2701855239090674,1215,2611,3826,0.8,Skenario 2 - Lonjakan,899
0.09885270922811212,0.5442060939294928,3.2146177685950414,1177,2693,3870,0.8,Skenario 2 - Lonjakan,900
0.09482592837397683,0.6880427129455092,4.343340060544904,1183,2781,3964,0.8,Skenario 2 - Lonjakan,901
0.0804551691522266,0.35999497468622627,2.178919631093544,1104,2689,3793,0.8,Skenario 2 - Lonjakan,902
0.08796858348950894,0.37753758132254334,2.2775307350248495,1105,2717,3822,0.8,Skenario 2 - Lonjakan,903
0.08709488604155796,0.4778053468677789,2.896311581119422,1169,2707,3876,0.8,Skenario 2 - Lonjakan,904
0.09809707407253843,0.5079024484563064,2.96705374021064,1139,2563,3702,0.8,Skenario 2 - Lonjakan,905
0.08754222632472836,0.42149342136623574,2.4985507246376812,1168,2625,3793,0.8,Skenario 2 - Lonjakan,906
0.10191775305781745,0.45305914245735596,2.7682346723044398,1148,2636,3784,0.8,Skenario 2 - Lonjakan,907
0.1021634819189152,0.4173803664790208,2.530039011703511,1160,2683,3843,0.8,Skenario 2 - Lonjakan,908
0.07889172785572336,0.3192185913065231,1.8088235294117647,1187,2619,3806,0.8,Skenario 2 - Lonjakan,909
0.10716794490175109,0.7093844303218779,4.394135962636222,1201,2652,3853,0.8,Skenario 2 - Lonjakan,910
0.09523878233127045,0.50354769522749,3.0228909465020575,1219,2667,3886,0.8,Skenario 2 - Lonjakan,911
0.08946574307425269,0.40769144809564356,2.5188123880215,1139,2766,3905,0.8,Skenario 2 - Lonjakan,912
0.0888751846260838,0.46076768407389374,2.764705882352941,1182,2692,3874,0.8,Skenario 2 - Lonjakan,913
0.09742420766593153,0.7164852725333328,4.435479632063075,1158,2646,3804,0.8,Skenario 2 - Lonjakan,914
0.09095323267755719,0.3840710005606308,2.311070686070686,1161,2685,3846,0.8,Skenario 2 - Lonjakan,915
0.0955444570472389,0.43869574393992,2.6894474993453783,1148,2670,3818,0.8,Skenario 2 - Lonjakan,916
0.09582152918314372,0.42580890804075655,2.541874507744815,1122,2685,3807,0.8,Skenario 2 - Lonjakan,917
0.09847233193817684,0.49832862839291575,3.0176140912730185,1088,2657,3745,0.8,Skenario 2 - Lonjakan,918
0.08294150433152218,0.3547204812609215,2.147798742138365,1137,2677,3814,0.8,Skenario 2 - Lonjakan,919
0.09786843508648439,0.5198525627281018,3.0628964059196617,1141,2641,3782,0.8,Skenario 2 - Lonjakan,920
0.0929826896979578,0.5264631012289772,3.22025974025974,1160,2689,3849,0.8,Skenario 2 - Lonjakan,921
0.09075513961857641,0.7918990087387519,4.797279623332462,1113,2708,3821,0.8,Skenario 2 - Lonjakan,922
0.08995457043197105,0.3399820739400477,2.001321353065539,1142,2640,3782,0.8,Skenario 2 - Lonjakan,923
0.08830721883644342,0.4971553952928882,3.1311347701895613,1150,2700,3850,0.8,Skenario 2 - Lonjakan,924
0.09103536925050411,0.3967628402481688,2.445391169635941,1150,2722,3872,0.8,Skenario 2 - Lonjakan,925
0.0946076821575061,0.43025645358769843,2.6201146430432516,1150,2688,3838,0.8,Skenario 2 - Lonjakan,926
0.08952102973482134,0.38599999503927584,2.3565329883570505,1160,2703,3863,0.8,Skenario 2 - Lonjakan,927
0.08608686246105375,0.3430857931092039,2.0637075718015665,1131,2697,3828,0.8,Skenario 2 - Lonjakan,928
0.09008289567814844,0.48829346195860385,2.954253405294269,1177,2712,3889,0.8,Skenario 2 - Lonjakan,929
0.08909307629766038,0.3357613476326943,2.027997886951928,1087,2698,3785,0.8,Skenario 2 - Lonjakan,930
0.09044654126589495,0.42999024169068856,2.6163275952008345,1178,2654,3832,0.8,Skenario 2 - Lonjakan,931
0.09962822592779147,0.5764675978956119,3.5002579979360164,1169,2705,3874,0.8,Skenario 2 - Lonjakan,932
0.08379279944633983,0.4088210808413857,2.561974789915966,1140,2666,3806,0.8,Skenario 2 - Lonjakan,933
0.08549386087965383,0.3952207375328484,2.3265038087733125,1104,2701,3805,0.8,Skenario 2 - Lonjakan,934
0.09086815418578163,0.40582124815391396,2.4993474288697466,1155,2674,3829,0.8,Skenario 2 - Lonjakan,935
0.08738545805146657,0.4974367811948583,3.0979676915059926,1102,2734,3836,0.8,Skenario 2 - Lonjakan,936
0.0859841989357316,0.40722297623289955,2.465832029212311,1146,2686,3832,0.8,Skenario 2 - Lonjakan,937
0.09266731338965527,0.41020746331598856,2.5018617021276595,1071,2689,3760,0.8,Skenario 2 - Lonjakan,938
0.09422430828077079,0.5250142903120966,3.2256890275611023,1186,2658,3844,0.8,Skenario 2 - Lonjakan,939
0.08978354698251607,0.5316285476705758,3.1517187903851123,1166,2703,3869,0.8,Skenario 2 - Lonjakan,940
0.09583589795851863,0.45887155977282496,2.6586525759577277,1167,2616,3783,0.8,Skenario 2 - Lonjakan,941
0.10171825062490407,0.484728080537637,2.9594420046499614,1169,2701,3870,0.8,Skenario 2 - Lonjakan,942
0.0977804041864448,0.4992811710558695,3.071354971664091,1197,2684,3881,0.8,Skenario 2 - Lonjakan,943
0.09629106594129594,0.48049088131219353,3.05440082114447,1134,2763,3897,0.8,Skenario 2 - Lonjakan,944
0.08935575324693602,0.35396548894842533,2.0681516839034737,1139,2631,3770,0.8,Skenario 2 - Lonjakan,945
0.09710916806638438,0.5365853946565577,3.2996980372420737,1228,2744,3972,0.8,Skenario 2 - Lonjakan,946
0.08550234518016629,0.34206259751103407,2.1087581699346405,1104,2719,3823,0.8,Skenario 2 - Lonjakan,947
0.09192937209773143,0.4503853487511448,2.7774929505255064,1165,2734,3899,0.8,Skenario 2 - Lonjakan,948
0.08033791147594553,0.44216475230015445,2.748108108108108,1089,2611,3700,0.8,Skenario 2 - Lonjakan,949
0.09121586938184233,0.5981524696985955,3.6787958115183246,1137,2681,3818,0.8,Skenario 2 - Lonjakan,950
0.09875995906646239,0.44942965601580454,2.6596188984599323,1138,2691,3829,0.8,Skenario 2 - Lonjakan,951
0.08907642021988152,0.5288338538733157,3.308127572016461,1143,2744,3887,0.8,Skenario 2 - Lonjakan,952
0.09054661452782012,0.3546187021247727,2.1758474576271185,1104,2670,3774,0.8,Skenario 2 - Lonjakan,953
0.09840442656075662,0.5036797487852017,3.08553814538916,1139,2753,3892,0.8,Skenario 2 - Lonjakan,954
0.10279948763321667,0.6133674352632893,3.8483329155176738,1200,2788,3988,0.8,Skenario 2 - Lonjakan,955
0.09661998529167684,0.45273571558050385,2.769270833333333,1166,2672,3838,0.8,Skenario 2 - Lonjakan,956
0.082604737675103,0.33348668486433447,1.9904051172707888,1147,2604,3751,0.8,Skenario 2 - Lonjakan,957
0.09505995828202028,0.35207366494907,2.10018262457605,1150,2681,3831,0.8,Skenario 2 - Lonjakan,958
0.0906358308959515,0.43547071699918827,2.714734362732269,1148,2671,3819,0.8,Skenario 2 - Lonjakan,959
0.09885035103226353,0.4369123483872178,2.7645408163265306,1202,2716,3918,0.8,Skenario 2 - Lonjakan,960
0.09306650613892412,0.5263664758475278,3.223486808070357,1166,2698,3864,0.8,Skenario 2 - Lonjakan,961
0.09108642172599961,0.39056992528328677,2.3718383311603652,1159,2674,3833,0.8,Skenario 2 - Lonjakan,962
0.08077397410608199,0.33686051907532244,2.0142105263157895,1174,2625,3799,0.8,Skenario 2 - Lonjakan,963
0.09496953830660963,0.47103004802679777,2.8664259927797833,1114,2762,3876,0.8,Skenario 2 - Lonjakan,964
0.08619730939157602,0.48957988955693765,2.8901333333333334,1111,2637,3748,0.8,Skenario 2 - Lonjakan,965
0.0790792418105237,0.388352192664807,2.345918638659931,1101,2660,3761,0.8,Skenario 2 - Lonjakan,966
0.09039362164150164,0.5030537208940618,3.0939197930142304,1132,2731,3863,0.8,Skenario 2 - Lonjakan,967
0.09423993272218993,0.4462952961373206,2.6559782608695652,1075,2603,3678,0.8,Skenario 2 - Lonjakan,968
0.10428457286594923,0.5156166543051266,3.118827567995775,1084,2701,3785,0.8,Skenario 2 - Lonjakan,969
0.10077249386806986,0.4469489725895654,2.7534822601839686,1120,2684,3804,0.8,Skenario 2 - Lonjakan,970
0.10076644879498686,0.5928320880889696,3.706150341685649,1187,2762,3949,0.8,Skenario 2 - Lonjakan,971
0.08787402665125492,0.41490003441185414,2.4531864673485444,1158,2654,3812,0.8,Skenario 2 - Lonjakan,972
0.0958534251265533,0.4008415893167004,2.3639232185117014,1186,2615,3801,0.8,Skenario 2 - Lonjakan,973
0.08989500692513519,0.42052546814458236,2.4881951731374605,1141,2669,3810,0.8,Skenario 2 - Lonjakan,974
0.10380124409729516,0.5004007641887381,2.99869041382923,1118,2698,3816,0.8,Skenario 2 - Lonjakan,975
0.09179366001685466,0.4633220522074976,2.8553877655490147,1174,2733,3907,0.8,Skenario 2 - Lonjakan,976
0.0823770706646844,0.37477739573992724,2.3210445468509984,1176,2729,3905,0.8,Skenario 2 - Lonjakan,977
0.09245660402258525,0.3895933937749425,2.4539267015706807,1108,2710,3818,0.8,Skenario 2 - Lonjakan,978
0.09172834890356618,0.4395768743495878,2.722541841004184,1086,2736,3822,0.8,Skenario 2 - Lonjakan,979
0.10023677820315305,0.4289787688038198,2.588757396449704,1154,2563,3717,0.8,Skenario 2 - Lonjakan,980
0.09094016079007765,0.43601640195351155,2.5931232091690544,1181,2656,3837,0.8,Skenario 2 - Lonjakan,981
0.09317766063674385,0.5430926928833859,3.269598965071151,1179,2684,3863,0.8,Skenario 2 - Lonjakan,982
0.10138776440426096,0.5241584057572265,3.1328653146125847,1119,2725,3844,0.8,Skenario 2 - Lonjakan,983
0.08715643596568179,0.47150483187954795,2.9583654587509636,1140,2751,3891,0.8,Skenario 2 - Lonjakan,984
0.09552030254458231,0.5070519405622168,3.0229578216764548,1131,2613,3744,0.8,Skenario 2 - Lonjakan,985
0.08889328087621287,0.5303123346697284,3.3071131879543096,1145,2705,3850,0.8,Skenario 2 - Lonjakan,986
0.09181986374337478,0.4860807862074037,2.947208891134125,1178,2779,3957,0.8,Skenario 2 - Lonjakan,987
0.10086461991498387,0.49141923068499727,2.8746014877789587,1166,2596,3762,0.8,Skenario 2 - Lonjakan,988
0.09018622496899209,0.42578614519578994,2.513797634691196,1165,2639,3804,0.8,Skenario 2 - Lonjakan,989
0.08779041103829419,0.3605049641513101,2.1682874122096165,1075,2625,3700,0.8,Skenario 2 - Lonjakan,990
0.09556694870654094,0.5960825849368598,3.7297019527235356,1112,2778,3890,0.8,Skenario 2 - Lonjakan,991
0.09948939413979642,0.48731665011562153,2.9584631360332296,1188,2662,3850,0.8,Skenario 2 - Lonjakan,992
0.09568815681283234,0.44299705814413803,2.8403275332650972,1170,2736,3906,0.8,Skenario 2 - Lonjakan,993
0.08665231540090147,0.4457171518543153,2.636574074074074,1150,2736,3886,0.8,Skenario 2 - Lonjakan,994
0.11858257476933924,0.6321353592676137,4.0347490347490345,1164,2720,3884,0.8,Skenario 2 - Lonjakan,995
0.09997775938635431,0.42361394804625735,2.496437054631829,1149,2638,3787,0.8,Skenario 2 - Lonjakan,996
0.09607881763672727,0.41592364215097555,2.597674418604651,1180,2689,3869,0.8,Skenario 2 - Lonjakan,997
0.08908022464484361,0.46771890183213594,2.904095386210472,1174,2682,3856,0.8,Skenario 2 - Lonjakan,998
0.09938354212102096,0.4653472306470139,2.889848246991104,1141,2679,3820,0.8,Skenario 2 - Lonjakan,999
0.08219013802542603,0.39027643015812413,2.4366958311888833,1177,2708,3885,0.8,Skenario 2 - Lonjakan,1000
0.003733738865877573,0.008406290287672665,0.058900523560209424,1123,2694,3817,0.4,Skenario 3 - Tambah Petugas,1
0.006509490740604475,0.00853630842596613,0.06088513686364799,1168,2739,3907,0.4,Skenario 3 - Tambah Petugas,2
0.0042919764749415465,0.00858124503587566,0.059639026942191996,1144,2677,3821,0.4,Skenario 3 - Tambah Petugas,3
0.007046777607959574,0.013023313975269962,0.09256370254810192,1178,2664,3842,0.4,Skenario 3 - Tambah Petugas,4
0.004592220170146798,0.0066872828079017,0.0411946446961895,1147,2735,3882,0.4,Skenario 3 - Tambah Petugas,5
0.006622108416555195,0.008870591535014124,0.062450592885375494,1115,2679,3794,0.4,Skenario 3 - Tambah Petugas,6
0.0040110152782884744,0.004358373067227149,0.032812913469171735,1127,2651,3778,0.4,Skenario 3 - Tambah Petugas,7
0.0042951063826738,0.0073591992098479995,0.04949205522271425,1208,2631,3839,0.4,Skenario 3 - Tambah Petugas,8
0.0038078802101220626,0.006301514376937826,0.04424552429667519,1166,2743,3909,0.4,Skenario 3 - Tambah Petugas,9
0.0057935769149841795,0.00750397635132692,0.05548387096774193,1201,2672,3873,0.4,Skenario 3 - Tambah Petugas,10
0.004152528469776464,0.006844615036484539,0.05224071702944942,1154,2750,3904,0.4,Skenario 3 - Tambah Petugas,11
0.007169755060772432,0.007352948433153038,0.0505998956703182,1185,2645,3830,0.4,Skenario 3 - Tambah Petugas,12
0.006374639137432326,0.009698813785788327,0.07555089192025184,1106,2702,3808,0.4,Skenario 3 - Tambah Petugas,13
0.008369192362433997,0.014713111397432843,0.12222519390211287,1159,2578,3737,0.4,Skenario 3 - Tambah Petugas,14
0.004188662991628892,0.007619433112718525,0.05551128818061089,1095,2668,3763,0.4,Skenario 3 - Tambah Petugas,15
0.005483254217756122,0.008830008857171872,0.056326748531767216,1156,2589,3745,0.4,Skenario 3 - Tambah Petugas,16
0.004912140719589981,0.007468271724924329,0.04307116104868914,1146,2590,3736,0.4,Skenario 3 - Tambah Petugas,17
0.004718224510340289,0.0100530745438744,0.07240652975250132,1157,2637,3794,0.4,Skenario 3 - Tambah Petugas,18
0.004242560738797221,0.007851837146413798,0.05393660531697342,1181,2730,3911,0.4,Skenario 3 - Tambah Petugas,19
0.004725553866306848,0.006912630330919182,0.048286604361370715,1168,2683,3851,0.4,Skenario 3 - Tambah Petugas,20
0.005203304528691549,0.008314357057637502,0.056682267290691625,1190,2653,3843,0.4,Skenario 3 - Tambah Petugas,21
0.004945733907355688,0.007389846694215993,0.04697809448403273,1127,2662,3789,0.4,Skenario 3 - Tambah Petugas,22
0.005810684302807149,0.006914675986205509,0.0516967126193001,1130,2641,3771,0.4,Skenario 3 - Tambah Petugas,23
0.005374041371718722,0.01080402221697686,0.08723958333333333,1163,2675,3838,0.4,Skenario 3 - Tambah Petugas,24
0.004029684718406231,0.00797105471948286,0.04742684157416751,1224,2739,3963,0.4,Skenario 3 - Tambah Petugas,25
0.004277862339227201,0.008760571911327031,0.06209850107066381,1188,2546,3734,0.4,Skenario 3 - Tambah Petugas,26
0.004427607255964601,0.005929666377158982,0.03929324894514768,1164,2627,3791,0.4,Skenario 3 - Tambah Petugas,27
0.004806436173731417,0.008355914134365398,0.06172506738544475,1070,2636,3706,0.4,Skenario 3 - Tambah Petugas,28
0.005282233794376463,0.010710267993302788,0.07437595517065716,1167,2757,3924,0.4,Skenario 3 - Tambah Petugas,29
0.0056450101185907915,0.008745800508159613,0.05966277561608301,1203,2651,3854,0.4,Skenario 3 - Tambah Petugas,30
0.007330582948911807,0.010782197941730742,0.08105290591608028,1167,2669,3836,0.4,Skenario 3 - Tambah Petugas,31
0.003810367521751004,0.008589079999398737,0.056836461126005364,1119,2610,3729,0.4,Skenario 3 - Tambah Petugas,32
0.005835024851661251,0.008724379934537532,0.06979663570173236,1184,2798,3982,0.4,Skenario 3 - Tambah Petugas,33
0.004192777456719992,0.007780819741481967,0.05742982230234355,1183,2700,3883,0.4,Skenario 3 - Tambah Petugas,34
0.004054950357047811,0.008058196839305335,0.05035405192761605,1154,2657,3811,0.4,Skenario 3 - Tambah Petugas,35
0.004977928691968205,0.009135768684092155,0.06307249411148914,1189,2631,3820,0.4,Skenario 3 - Tambah Petugas,36
0.005443074652817611,0.010345551869825727,0.07489318924352853,1206,2772,3978,0.4,Skenario 3 - Tambah Petugas,37
0.005052032017581795,0.009215125848518394,0.07152078492124968,1195,2674,3869,0.4,Skenario 3 - Tambah Petugas,38
0.006276650667753198,0.0071052176644147355,0.049210526315789475,1114,2684,3798,0.4,Skenario 3 - Tambah Petugas,39
0.0040480415086581265,0.006075640549043556,0.0443298969072165,1148,2732,3880,0.4,Skenario 3 - Tambah Petugas,40
0.006556471904537973,0.010156351646466503,0.07448169951369336,1191,2716,3907,0.4,Skenario 3 - Tambah Petugas,41
0.005096584405215413,0.007625055744382531,0.05392670157068063,1120,2697,3817,0.4,Skenario 3 - Tambah Petugas,42
0.005462075493156337,0.01006517125760224,0.07188539268355078,1174,2732,3906,0.4,Skenario 3 - Tambah Petugas,43
0.0047351523879017535,0.005944453143588694,0.04220277920741122,1143,2741,3884,0.4,Skenario 3 - Tambah Petugas,44
0.004877484482219323,0.008004685704144972,0.05360878661087866,1135,2689,3824,0.4,Skenario 3 - Tambah Petugas,45
0.004893175998187882,0.006735511783284705,0.04569466455361859,1138,2644,3782,0.4,Skenario 3 - Tambah Petugas,46
0.0042792774923417825,0.006837789751377984,0.044787847040335255,1124,2692,3816,0.4,Skenario 3 - Tambah Petugas,47
0.005469725563203896,0.011534556343342689,0.07958477508650519,1104,2649,3753,0.4,Skenario 3 - Tambah Petugas,48
0.006602451470434433,0.00921409464105148,0.06851119894598155,1107,2685,3792,0.4,Skenario 3 - Tambah Petugas,49
0.0037791346230259906,0.00828470695244821,0.05636798723743685,1160,2599,3759,0.4,Skenario 3 - Tambah Petugas,50
0.0037937177949376524,0.00600187386188838,0.03664081305161808,1134,2604,3738,0.4,Skenario 3 - Tambah Petugas,51
0.005088401255895775,0.007544899538748031,0.051830840639504897,1116,2759,3875,0.4,Skenario 3 - Tambah Petugas,52
0.006487978120882277,0.007776979939111613,0.06042684494728722,1189,2699,3888,0.4,Skenario 3 - Tambah Petugas,53
0.0035926847102419456,0.008583682567582167,0.05976520811099253,1119,2627,3746,0.4,Skenario 3 - Tambah Petugas,54
0.004608840972747746,0.006404693820045652,0.037745604963805586,1147,2717,3864,0.4,Skenario 3 - Tambah Petugas,55
0.007165232091297462,0.010566619631296695,0.07360208062418726,1164,2680,3844,0.4,Skenario 3 - Tambah Petugas,56
0.005821505933491259,0.007052438100054967,0.05138339920948617,1137,2655,3792,0.4,Skenario 3 - Tambah Petugas,57
0.0057914073891528195,0.009750538484863782,0.07048458149779736,1092,2766,3858,0.4,Skenario 3 - Tambah Petugas,58
0.005392205765791085,0.007957981361102161,0.053585710477206075,1135,2616,3751,0.4,Skenario 3 - Tambah Petugas,59
0.005094038337051747,0.010319843719259954,0.06745406824146982,1141,2668,3809,0.4,Skenario 3 - Tambah Petugas,60
0.0037268436288547292,0.0053719257092648244,0.03402445507708666,1129,2631,3760,0.4,Skenario 3 - Tambah Petugas,61
0.00690363320259545,0.013634496539657025,0.10769628099173553,1168,2703,3871,0.4,Skenario 3 - Tambah Petugas,62
0.004702858518913815,0.006472428303681002,0.04633101231922871,1118,2612,3730,0.4,Skenario 3 - Tambah Petugas,63
0.004436276749733789,0.0072545844984688405,0.05038248483249802,1128,2661,3789,0.4,Skenario 3 - Tambah Petugas,64
0.005694045194017435,0.011044291982758291,0.0784313725490196,1096,2729,3825,0.4,Skenario 3 - Tambah Petugas,65
0.005413820478365594,0.00805504828210792,0.04847071021254536,1142,2716,3858,0.4,Skenario 3 - Tambah Petugas,66
0.005896535582404715,0.009062374451378126,0.0728848114169215,1137,2786,3923,0.4,Skenario 3 - Tambah Petugas,67
0.004365691096574153,0.0060492508867136165,0.03455497382198953,1158,2660,3818,0.4,Skenario 3 - Tambah Petugas,68
0.00677692777148115,0.009053941167201303,0.062235169491525424,1098,2677,3775,0.4,Skenario 3 - Tambah Petugas,69
0.006049579488766452,0.011750741241512264,0.08395570435230491,1127,2752,3879,0.4,Skenario 3 - Tambah Petugas,70
0.0061381461073643845,0.01034234097455666,0.07872174590802807,1156,2691,3847,0.4,Skenario 3 - Tambah Petugas,71
0.005826409542073835,0.00863262772573949,0.05885403163080114,1154,2700,3854,0.4,Skenario 3 - Tambah Petugas,72
0.004360805275148672,0.007401799691476742,0.05475504322766571,1112,2702,3814,0.4,Skenario 3 - Tambah Petugas,73
0.004223242240218882,0.00841445149501496,0.055913424375161044,1153,2727,3880,0.4,Skenario 3 - Tambah Petugas,74
0.005283932861215947,0.008222720976273284,0.05125550090603158,1136,2725,3861,0.4,Skenario 3 - Tambah Petugas,75
0.005200701214447762,0.007757147335656981,0.051443569553805774,1172,2635,3807,0.4,Skenario 3 - Tambah Petugas,76
0.005488179294167521,0.007867268226168622,0.05917466908902154,1102,2748,3850,0.4,Skenario 3 - Tambah Petugas,77
0.003937723663071207,0.006444887148141105,0.04387096774193548,1153,2722,3875,0.4,Skenario 3 - Tambah Petugas,78
0.003443047059345822,0.0064486515583336325,0.044125465178096755,1088,2673,3761,0.4,Skenario 3 - Tambah Petugas,79
0.004756532024641914,0.009170846633367641,0.061078456427293634,1160,2749,3909,0.4,Skenario 3 - Tambah Petugas,80
0.0043475611498147194,0.007995400545168124,0.05271439811172305,1139,2672,3811,0.4,Skenario 3 - Tambah Petugas,81
0.005617680643245683,0.008062489034355542,0.05131544673091951,1121,2714,3835,0.4,Skenario 3 - Tambah Petugas,82
0.005489591161912412,0.00971096936760542,0.07889237199582028,1165,2660,3825,0.4,Skenario 3 - Tambah Petugas,83
0.004578418877214186,0.009046462055545287,0.06923282544774124,1141,2598,3739,0.4,Skenario 3 - Tambah Petugas,84
0.004422382864094093,0.007297844615657574,0.04734042553191489,1101,2659,3760,0.4,Skenario 3 - Tambah Petugas,85
0.008042175355976969,0.012795217441699137,0.10900230828417543,1158,2739,3897,0.4,Skenario 3 - Tambah Petugas,86
0.0038953726266012564,0.0064214272951750835,0.04203888596952181,1148,2656,3804,0.4,Skenario 3 - Tambah Petugas,87
0.006179372111249886,0.010740832551487079,0.06773431346810187,1173,2635,3808,0.4,Skenario 3 - Tambah Petugas,88
0.004450709617401321,0.007037667711054532,0.04487346725802244,1124,2708,3832,0.4,Skenario 3 - Tambah Petugas,89
0.003574492360721885,0.007370802167551726,0.05150554675118859,1136,2648,3784,0.4,Skenario 3 - Tambah Petugas,90
0.00433415159773028,0.008182876490773457,0.05605738575982997,1129,2632,3761,0.4,Skenario 3 - Tambah Petugas,91
0.007038013109211202,0.012345452074419928,0.0934283452098179,1085,2702,3787,0.4,Skenario 3 - Tambah Petugas,92
0.004510522810214134,0.005857708979300061,0.043888747129369736,1169,2746,3915,0.4,Skenario 3 - Tambah Petugas,93
0.005955276933393602,0.010868761619740522,0.08833551769331587,1142,2670,3812,0.4,Skenario 3 - Tambah Petugas,94
0.0065331115026147,0.010561827046426777,0.07448414695520886,1161,2811,3972,0.4,Skenario 3 - Tambah Petugas,95
0.005506809752412542,0.011394062178231202,0.07863695937090433,1174,2640,3814,0.4,Skenario 3 - Tambah Petugas,96
0.004304810172789829,0.007249887788375388,0.048862461220268875,1140,2727,3867,0.4,Skenario 3 - Tambah Petugas,97
0.004421267070230924,0.007255552089146991,0.05694227769110764,1129,2715,3844,0.4,Skenario 3 - Tambah Petugas,98
0.00601752890680522,0.010255210120168006,0.07694362810579748,1161,2581,3742,0.4,Skenario 3 - Tambah Petugas,99
0.0063639680439589695,0.012459998026994159,0.10099211396591198,1186,2742,3928,0.4,Skenario 3 - Tambah Petugas,100
0.005721637033450971,0.010578368304253514,0.07854751480813804,1179,2703,3882,0.4,Skenario 3 - Tambah Petugas,101
0.004220067441389954,0.006895041873993275,0.046218487394957986,1106,2700,3806,0.4,Skenario 3 - Tambah Petugas,102
0.006787711281917651,0.010785009577682298,0.08042049934296977,1128,2676,3804,0.4,Skenario 3 - Tambah Petugas,103
0.004903559664096433,0.007449371926133022,0.048131080389144903,1185,2719,3904,0.4,Skenario 3 - Tambah Petugas,104
0.0038284131950699295,0.006082917732340739,0.04059717129387114,1130,2688,3818,0.4,Skenario 3 - Tambah Petugas,105
0.003914027743663448,0.007969727473045795,0.04453024453024453,1169,2714,3883,0.4,Skenario 3 - Tambah Petugas,106
0.005406039720196212,0.00967738246813947,0.06995353639648942,1191,2681,3872,0.4,Skenario 3 - Tambah Petugas,107
0.0071671047724165245,0.009308558994670034,0.067926455566905,1182,2731,3913,0.4,Skenario 3 - Tambah Petugas,108
0.00580814199643342,0.006546016746365935,0.044831223628691984,1130,2661,3791,0.4,Skenario 3 - Tambah Petugas,109
0.0034385883837642016,0.007623639787796525,0.05448201825013419,1160,2562,3722,0.4,Skenario 3 - Tambah Petugas,110
0.00567239985251541,0.012073823588591584,0.08877766069546891,1171,2622,3793,0.4,Skenario 3 - Tambah Petugas,111
0.004574423481811957,0.006350480911733821,0.04551298534327591,1113,2774,3887,0.4,Skenario 3 - Tambah Petugas,112
0.006930814552203439,0.009012387005903833,0.05704783832182144,1147,2760,3907,0.4,Skenario 3 - Tambah Petugas,113
0.004597991969935417,0.010200598769990639,0.07603686635944701,1164,2741,3905,0.4,Skenario 3 - Tambah Petugas,114
0.00541504115985831,0.008259987011654512,0.05459249676584735,1201,2661,3862,0.4,Skenario 3 - Tambah Petugas,115
0.003327141986599092,0.007544296918483356,0.047416089504528504,1191,2562,3753,0.4,Skenario 3 - Tambah Petugas,116
0.004394047538900978,0.014400448426898632,0.11746758199847444,1164,2766,3930,0.4,Skenario 3 - Tambah Petugas,117
0.0037800225961604037,0.005065327325938191,0.03359580052493438,1130,2679,3809,0.4,Skenario 3 - Tambah Petugas,118
0.005771387330707575,0.010620040663949917,0.07264957264957266,1217,2758,3975,0.4,Skenario 3 - Tambah Petugas,119
0.005858704592802018,0.008359292884385958,0.051028179741051026,1217,2718,3935,0.4,Skenario 3 - Tambah Petugas,120
0.007098902919119473,0.011368422573699785,0.09705191755804853,1124,2707,3831,0.4,Skenario 3 - Tambah Petugas,121
0.004240920829803155,0.006743599489942432,0.043227665706051875,1197,2620,3817,0.4,Skenario 3 - Tambah Petugas,122
0.005027354186645464,0.006607781407922237,0.04402188069809846,1111,2726,3837,0.4,Skenario 3 - Tambah Petugas,123
0.0038882649740325775,0.004925767375437433,0.030176899063475548,1140,2703,3843,0.4,Skenario 3 - Tambah Petugas,124
0.004266312267520893,0.008423965826914544,0.05542544886807182,1130,2712,3842,0.4,Skenario 3 - Tambah Petugas,125
0.00443317931794838,0.008940493104584868,0.05425531914893617,1167,2593,3760,0.4,Skenario 3 - Tambah Petugas,126
0.006612798600604578,0.009947117119246295,0.07208121827411168,1196,2743,3939,0.4,Skenario 3 - Tambah Petugas,127
0.0056880196570049954,0.00998763568141698,0.0641025641025641,1166,2656,3822,0.4,Skenario 3 - Tambah Petugas,128
0.003860844159213445,0.008289622088556728,0.0478494623655914,1095,2624,3719,0.4,Skenario 3 - Tambah Petugas,129
0.005649757291280983,0.009947408063718848,0.07121513944223108,1241,2774,4015,0.4,Skenario 3 - Tambah Petugas,130
0.004271823464886154,0.006616961694143388,0.04344412457471866,1187,2632,3819,0.4,Skenario 3 - Tambah Petugas,131
0.0035234942156572116,0.006112005097791364,0.03817603393425239,1132,2640,3772,0.4,Skenario 3 - Tambah Petugas,132
0.00488211293967872,0.008632802516636227,0.06579973992197659,1114,2730,3844,0.4,Skenario 3 - Tambah Petugas,133
0.005879287266046003,0.007215057924375655,0.04976303317535545,1127,2670,3797,0.4,Skenario 3 - Tambah Petugas,134
0.005211996381793371,0.009430523973365558,0.06201550387596899,1204,2662,3866,0.4,Skenario 3 - Tambah Petugas,135
0.004497595818488707,0.00830542439187465,0.04705579840575984,1164,2724,3888,0.4,Skenario 3 - Tambah Petugas,136
0.006876299602155754,0.009690527831053184,0.07257632565613284,1146,2585,3731,0.4,Skenario 3 - Tambah Petugas,137
0.006532762947711451,0.011810167015377496,0.08343836652382153,1163,2803,3966,0.4,Skenario 3 - Tambah Petugas,138
0.0034938914680691952,0.006041169449042435,0.04004080591685794,1149,2768,3917,0.4,Skenario 3 - Tambah Petugas,139
0.004895467681503576,0.007583678434282646,0.047866805411030174,1164,2677,3841,0.4,Skenario 3 - Tambah Petugas,140
0.0056966192128891325,0.008273520606653675,0.058563248308172826,1110,2732,3842,0.4,Skenario 3 - Tambah Petugas,141
0.004993472721549475,0.008385304431300157,0.050157563025210086,1160,2648,3808,0.4,Skenario 3 - Tambah Petugas,142
0.0059626212140638235,0.010661737840601473,0.07463884430176565,1126,2610,3736,0.4,Skenario 3 - Tambah Petugas,143
0.00705825477426336,0.007932861598987399,0.05483098216662231,1104,2653,3757,0.4,Skenario 3 - Tambah Petugas,144
0.005400585426807748,0.00813459092865416,0.06418109187749667,1129,2626,3755,0.4,Skenario 3 - Tambah Petugas,145
0.005220354053356219,0.008803307309701849,0.06271142336716107,1180,2662,3842,0.4,Skenario 3 - Tambah Petugas,146
0.004691500641928916,0.006807297952176275,0.04562433297758805,1093,2652,3745,0.4,Skenario 3 - Tambah Petugas,147
0.004587305144257768,0.007458807795240282,0.04959113690319177,1173,2615,3788,0.4,Skenario 3 - Tambah Petugas,148
0.005379865570300824,0.008915378014620667,0.06205673758865248,1167,2779,3946,0.4,Skenario 3 - Tambah Petugas,149
0.0042449961912020915,0.006105941037463394,0.037578288100208766,1092,2738,3830,0.4,Skenario 3 - Tambah Petugas,150
0.005592898354011306,0.00995355639440549,0.06859395532194482,1125,2680,3805,0.4,Skenario 3 - Tambah Petugas,151
0.005823412423537153,0.007613578395388713,0.055130168453292494,1165,2751,3916,0.4,Skenario 3 - Tambah Petugas,152
0.005031316505707371,0.009855626736331955,0.06760270410816432,1140,2703,3843,0.4,Skenario 3 - Tambah Petugas,153
0.004376492631032809,0.005978726916881112,0.03616394320921511,1105,2627,3732,0.4,Skenario 3 - Tambah Petugas,154
0.003733935472168776,0.007960979323123623,0.054375316135558925,1179,2775,3954,0.4,Skenario 3 - Tambah Petugas,155
0.005234106729597312,0.009913031347260924,0.08198030343359063,1124,2633,3757,0.4,Skenario 3 - Tambah Petugas,156
0.0056909224074861995,0.0074861483908693505,0.049736842105263156,1189,2609,3798,0.4,Skenario 3 - Tambah Petugas,157
0.005082886184815683,0.009265760451130967,0.06080206985769728,1149,2716,3865,0.4,Skenario 3 - Tambah Petugas,158
0.006284165681142906,0.011582023232375935,0.08134605193428723,1120,2653,3773,0.4,Skenario 3 - Tambah Petugas,159
0.004741006598911848,0.011703277395391261,0.08783095723014257,1141,2785,3926,0.4,Skenario 3 - Tambah Petugas,160
0.006094335001751336,0.009366244696155629,0.06517834231460097,1169,2726,3895,0.4,Skenario 3 - Tambah Petugas,161
0.0051049541728149265,0.008795600628420441,0.05896351136964569,1120,2659,3779,0.4,Skenario 3 - Tambah Petugas,162
0.0054777314438270944,0.008693348740869921,0.055227331107115335,1174,2717,3891,0.4,Skenario 3 - Tambah Petugas,163
0.004050219714931954,0.010890675149724555,0.07204161248374512,1122,2719,3841,0.4,Skenario 3 - Tambah Petugas,164
0.006678542178131871,0.009761105424205163,0.07187663355985363,1119,2707,3826,0.4,Skenario 3 - Tambah Petugas,165
0.005871910705045022,0.010391660211354563,0.06938239159001314,1144,2657,3801,0.4,Skenario 3 - Tambah Petugas,166
0.004048644042789578,0.008024671787349209,0.04789626885419423,1075,2702,3777,0.4,Skenario 3 - Tambah Petugas,167
0.0031774876558869486,0.006073323887813264,0.03833950290851401,1115,2666,3781,0.4,Skenario 3 - Tambah Petugas,168
0.0037058108811696073,0.006287346954508694,0.03732912723449001,1173,2630,3803,0.4,Skenario 3 - Tambah Petugas,169
0.004219529324230488,0.006205726019273595,0.034877800407331974,1137,2790,3927,0.4,Skenario 3 - Tambah Petugas,170
0.004672229130880024,0.006718125237383089,0.04129405576012625,1165,2635,3800,0.4,Skenario 3 - Tambah Petugas,171
0.004263230807741829,0.005441116291633749,0.03139841688654354,1103,2686,3789,0.4,Skenario 3 - Tambah Petugas,172
0.0045143116728605,0.01007709017015284,0.07072538860103626,1163,2696,3859,0.4,Skenario 3 - Tambah Petugas,173
0.006101049573661321,0.008395625961282913,0.061518324607329845,1151,2667,3818,0.4,Skenario 3 - Tambah Petugas,174
0.006124934289416235,0.007605578243879613,0.05035220453952518,1124,2709,3833,0.4,Skenario 3 - Tambah Petugas,175
0.00499635286205257,0.007709037728811566,0.0537966537966538,1125,2759,3884,0.4,Skenario 3 - Tambah Petugas,176
0.006851944120264038,0.007097879555934968,0.05778120184899846,1116,2775,3891,0.4,Skenario 3 - Tambah Petugas,177
0.005314099987736533,0.00915040316836351,0.06649076517150396,1130,2660,3790,0.4,Skenario 3 - Tambah Petugas,178
0.004568028208553117,0.00756392734610147,0.055441478439425054,1127,2769,3896,0.4,Skenario 3 - Tambah Petugas,179
0.0050869690397392035,0.00950398673165773,0.06678607983623337,1142,2762,3904,0.4,Skenario 3 - Tambah Petugas,180
0.0062076629545941295,0.010278042316995663,0.07608976012380707,1141,2734,3875,0.4,Skenario 3 - Tambah Petugas,181
0.005546174044322789,0.00894917084847623,0.06517834231460097,1140,2757,3897,0.4,Skenario 3 - Tambah Petugas,182
0.0039583807433102945,0.007007136467334619,0.04810192407696308,1184,2661,3845,0.4,Skenario 3 - Tambah Petugas,183
0.00518646771878163,0.007727803751693663,0.06038521603331598,1161,2679,3840,0.4,Skenario 3 - Tambah Petugas,184
0.003989318773980216,0.006972678417247693,0.04470155140678412,1118,2683,3801,0.4,Skenario 3 - Tambah Petugas,185
0.003218497055703061,0.006226694266110985,0.046738843411671505,1163,2623,3786,0.4,Skenario 3 - Tambah Petugas,186
0.004948866220836313,0.011032041582399933,0.08148148148148149,1134,2645,3779,0.4,Skenario 3 - Tambah Petugas,187
0.003977456626495239,0.007112370695406274,0.04789626885419423,1100,2679,3779,0.4,Skenario 3 - Tambah Petugas,188
0.006225848830957097,0.007704717681415298,0.05304415991638359,1120,2705,3825,0.4,Skenario 3 - Tambah Petugas,189
0.006363958202373616,0.00895730703214976,0.06322140608604407,1127,2684,3811,0.4,Skenario 3 - Tambah Petugas,190
0.00537829814257127,0.007643829062049207,0.04918450560652395,1190,2731,3921,0.4,Skenario 3 - Tambah Petugas,191
0.004425738308440086,0.008011491194574725,0.05296184738955823,1154,2828,3982,0.4,Skenario 3 - Tambah Petugas,192
0.0037066917601704897,0.0062348043239079925,0.03412616339193381,1115,2753,3868,0.4,Skenario 3 - Tambah Petugas,193
0.003233574644355329,0.005754485592639161,0.03926282051282051,1114,2630,3744,0.4,Skenario 3 - Tambah Petugas,194
0.004861291234188855,0.007969911571904943,0.05554079192133936,1162,2599,3761,0.4,Skenario 3 - Tambah Petugas,195
0.003790475309801568,0.007658054100734067,0.043591074208614425,1186,2667,3853,0.4,Skenario 3 - Tambah Petugas,196
0.006368117593291789,0.009643502856523687,0.061465721040189124,1188,2618,3806,0.4,Skenario 3 - Tambah Petugas,197
0.0045739976800137075,0.0069161995932843535,0.05274151436031332,1106,2721,3827,0.4,Skenario 3 - Tambah Petugas,198
0.005490326412613854,0.010806043802015752,0.08278976417461113,1233,2749,3982,0.4,Skenario 3 - Tambah Petugas,199
0.005829904949557032,0.008715943234279194,0.06367432150313153,1137,2693,3830,0.4,Skenario 3 - Tambah Petugas,200
0.004290155529066454,0.007704609228039725,0.049499871761990256,1143,2753,3896,0.4,Skenario 3 - Tambah Petugas,201
0.00513155844453753,0.008539071958350613,0.0710028504793988,1186,2672,3858,0.4,Skenario 3 - Tambah Petugas,202
0.004982393428752874,0.007361733573245466,0.04265145340939962,1102,2578,3680,0.4,Skenario 3 - Tambah Petugas,203
0.00399347833546604,0.006012056690897734,0.03811015400678674,1163,2668,3831,0.4,Skenario 3 - Tambah Petugas,204
0.004590001788828251,0.006717019859818078,0.051821446895844024,1178,2719,3897,0.4,Skenario 3 - Tambah Petugas,205
0.005279459541821189,0.008732603048266445,0.055628101331940454,1131,2697,3828,0.4,Skenario 3 - Tambah Petugas,206
0.004582995614004195,0.00865549039391885,0.055454781031355274,1156,2703,3859,0.4,Skenario 3 - Tambah Petugas,207
0.004375042539542493,0.007688527140861976,0.05233453052847614,1179,2717,3896,0.4,Skenario 3 - Tambah Petugas,208
0.00424123051887012,0.0061074413052916035,0.037840698597512566,1145,2632,3777,0.4,Skenario 3 - Tambah Petugas,209
0.004134395985705975,0.006108175771141574,0.03807303807303807,1167,2692,3859,0.4,Skenario 3 - Tambah Petugas,210
0.004191556078915006,0.006006484515763577,0.0388477801268499,1159,2624,3783,0.4,Skenario 3 - Tambah Petugas,211
0.005088591575303257,0.007573636136212586,0.05409582689335394,1156,2725,3881,0.4,Skenario 3 - Tambah Petugas,212
0.004672724933423651,0.006515953942451519,0.045501551189245086,1141,2726,3867,0.4,Skenario 3 - Tambah Petugas,213
0.00632240803520486,0.01289008225040382,0.09119414685131957,1131,2695,3826,0.4,Skenario 3 - Tambah Petugas,214
0.005649657456869861,0.007609907350462327,0.05923984272608126,1127,2686,3813,0.4,Skenario 3 - Tambah Petugas,215
0.005434007327314964,0.007869360852664894,0.053553299492385784,1182,2757,3939,0.4,Skenario 3 - Tambah Petugas,216
0.0058807665058962745,0.008004801360930984,0.057853403141361254,1125,2691,3816,0.4,Skenario 3 - Tambah Petugas,217
0.005495987295270775,0.009852887857579012,0.08586666666666666,1134,2615,3749,0.4,Skenario 3 - Tambah Petugas,218
0.004749899778233467,0.007282583643491467,0.055934873949579834,1201,2603,3804,0.4,Skenario 3 - Tambah Petugas,219
0.005235708638165058,0.009612398778001213,0.0646830530401035,1176,2686,3862,0.4,Skenario 3 - Tambah Petugas,220
0.003809259305059024,0.005919259682420951,0.03908534964105291,1148,2612,3760,0.4,Skenario 3 - Tambah Petugas,221
0.004147678226535417,0.006891665878678022,0.0409612233752048,1094,2568,3662,0.4,Skenario 3 - Tambah Petugas,222
0.006014210409456398,0.007914844705849293,0.05718585402558315,1229,2757,3986,0.4,Skenario 3 - Tambah Petugas,223
0.0049542132743043196,0.008537750204615176,0.06306787814003206,1145,2596,3741,0.4,Skenario 3 - Tambah Petugas,224
0.003999769310394655,0.009658391636174773,0.06435006435006435,1166,2716,3882,0.4,Skenario 3 - Tambah Petugas,225
0.005517043582971051,0.011522406049296552,0.08950304259634888,1127,2816,3943,0.4,Skenario 3 - Tambah Petugas,226
0.004590678623509311,0.006857204635022125,0.039403620873269436,1151,2604,3755,0.4,Skenario 3 - Tambah Petugas,227
0.003924729714593153,0.006476812928960766,0.03907267517582704,1123,2715,3838,0.4,Skenario 3 - Tambah Petugas,228
0.0047724707775304055,0.009156481881073712,0.06633585792635152,1103,2722,3825,0.4,Skenario 3 - Tambah Petugas,229
0.0037358560863994684,0.006643728418660304,0.04201680672268908,1171,2636,3807,0.4,Skenario 3 - Tambah Petugas,230
0.006004401873446289,0.009951989857588515,0.06321839080459771,1149,2678,3827,0.4,Skenario 3 - Tambah Petugas,231
0.005413793916118949,0.010225052070907535,0.07261569930963947,1190,2720,3910,0.4,Skenario 3 - Tambah Petugas,232
0.006515431211647388,0.012369244326601013,0.10246433203631647,1160,2692,3852,0.4,Skenario 3 - Tambah Petugas,233
0.004504479142791819,0.007844131065334608,0.048064760941057424,1229,2724,3953,0.4,Skenario 3 - Tambah Petugas,234
0.006613078446219355,0.00855930917137136,0.06310299869621903,1135,2699,3834,0.4,Skenario 3 - Tambah Petugas,235
0.003781729672593327,0.009382797138959927,0.0625,1122,2714,3836,0.4,Skenario 3 - Tambah Petugas,236
0.00473302892497183,0.012895932053616565,0.08950536508767339,1157,2664,3821,0.4,Skenario 3 - Tambah Petugas,237
0.0061426578998885414,0.008098767071376712,0.05233307553493168,1195,2683,3878,0.4,Skenario 3 - Tambah Petugas,238
0.00606670165086866,0.0100127730167892,0.07168458781362007,1144,2762,3906,0.4,Skenario 3 - Tambah Petugas,239
0.005165358292723952,0.014184641258400391,0.10101536058318146,1145,2696,3841,0.4,Skenario 3 - Tambah Petugas,240
0.003869871202441802,0.0054003402234547105,0.032552083333333336,1168,2669,3837,0.4,Skenario 3 - Tambah Petugas,241
0.004117014494261229,0.006711135828477763,0.04427359490986214,1186,2585,3771,0.4,Skenario 3 - Tambah Petugas,242
0.0034253625654760657,0.007759943774469195,0.05010493179433368,1166,2645,3811,0.4,Skenario 3 - Tambah Petugas,243
0.004037724803607202,0.006610505871961359,0.040778742436201,1100,2700,3800,0.4,Skenario 3 - Tambah Petugas,244
0.006549136860771867,0.009338426493391285,0.06609049313675648,1163,2769,3932,0.4,Skenario 3 - Tambah Petugas,245
0.005548748504266761,0.0094121741962907,0.059846547314578,1170,2739,3909,0.4,Skenario 3 - Tambah Petugas,246
0.005063330771970747,0.009709547947565445,0.061647429171038826,1101,2708,3809,0.4,Skenario 3 - Tambah Petugas,247
0.0049903211449962735,0.008963242736939504,0.05691275167785235,1116,2608,3724,0.4,Skenario 3 - Tambah Petugas,248
0.0041874792314258195,0.00906797760210817,0.06585236325013277,1098,2665,3763,0.4,Skenario 3 - Tambah Petugas,249
0.0041041203329332055,0.006100925905560944,0.04475268254383669,1156,2662,3818,0.4,Skenario 3 - Tambah Petugas,250
0.004495230542292887,0.006425762586802833,0.04066985645933014,1175,2585,3760,0.4,Skenario 3 - Tambah Petugas,251
0.004794818123662356,0.009861480368372621,0.06807089648086309,1177,2713,3890,0.4,Skenario 3 - Tambah Petugas,252
0.004275209667320363,0.008079026023602389,0.05389997408655092,1161,2697,3858,0.4,Skenario 3 - Tambah Petugas,253
0.006936277892130773,0.011761623334092157,0.08860759493670886,1155,2713,3868,0.4,Skenario 3 - Tambah Petugas,254
0.006721783613362443,0.01038381354535011,0.07304526748971193,1179,2707,3886,0.4,Skenario 3 - Tambah Petugas,255
0.005020674816286023,0.011126272850990842,0.07469818913480886,1222,2754,3976,0.4,Skenario 3 - Tambah Petugas,256
0.005810239030291205,0.005903449227710272,0.041341653666146644,1157,2686,3843,0.4,Skenario 3 - Tambah Petugas,257
0.004267259968902021,0.009328848674073293,0.055327868852459015,1182,2721,3903,0.4,Skenario 3 - Tambah Petugas,258
0.005047470993971571,0.009493739903798312,0.06421278882321332,1110,2612,3722,0.4,Skenario 3 - Tambah Petugas,259
0.00537932801099973,0.009793643267617608,0.061669591376284784,1211,2778,3989,0.4,Skenario 3 - Tambah Petugas,260
0.0040326957842256395,0.008371882361087536,0.06111696522655427,1070,2722,3792,0.4,Skenario 3 - Tambah Petugas,261
0.002985009475220202,0.005370315858799538,0.03845161290322581,1180,2694,3874,0.4,Skenario 3 - Tambah Petugas,262
0.005982736484357685,0.008808803586404115,0.06418061897513952,1194,2747,3941,0.4,Skenario 3 - Tambah Petugas,263
0.00535565437701653,0.00871217998353063,0.0648272167157782,1135,2594,3729,0.4,Skenario 3 - Tambah Petugas,264
0.005162495563252622,0.006414616124582872,0.049286291408564505,1157,2555,3712,0.4,Skenario 3 - Tambah Petugas,265
0.005641899976166999,0.009379150990842858,0.06914212548015365,1157,2748,3905,0.4,Skenario 3 - Tambah Petugas,266
0.004482466325515149,0.009256582298138695,0.06347116144324466,1144,2649,3793,0.4,Skenario 3 - Tambah Petugas,267
0.004083678108626013,0.006231447430808948,0.041099546303709635,1091,2656,3747,0.4,Skenario 3 - Tambah Petugas,268
0.004342615805629842,0.00678944698095991,0.04399460188933873,1065,2636,3701,0.4,Skenario 3 - Tambah Petugas,269
0.004646243394496846,0.006374274417532946,0.04254770500257865,1154,2722,3876,0.4,Skenario 3 - Tambah Petugas,270
0.003782822533377189,0.007732772591426858,0.046517739816031536,1095,2708,3803,0.4,Skenario 3 - Tambah Petugas,271
0.005140983744424577,0.007948239859323743,0.05864354920958695,1196,2726,3922,0.4,Skenario 3 - Tambah Petugas,272
0.005183541840241459,0.00951469645202669,0.060652788486250324,1183,2704,3887,0.4,Skenario 3 - Tambah Petugas,273
0.004719260587346971,0.0056999808316708514,0.03590285110876452,1191,2596,3787,0.4,Skenario 3 - Tambah Petugas,274
0.0044941997698141984,0.005470796591604001,0.035492227979274614,1204,2655,3859,0.4,Skenario 3 - Tambah Petugas,275
0.004969316540765415,0.00776507478108642,0.05388471177944862,1208,2781,3989,0.4,Skenario 3 - Tambah Petugas,276
0.005609346358755764,0.011512681740892905,0.08557394002068253,1161,2706,3867,0.4,Skenario 3 - Tambah Petugas,277
0.006361057303880198,0.011433648303646555,0.07838541666666667,1122,2717,3839,0.4,Skenario 3 - Tambah Petugas,278
0.004048207366941083,0.0066165768763256074,0.05042462845010616,1089,2677,3766,0.4,Skenario 3 - Tambah Petugas,279
0.003359890114387816,0.005981976377307648,0.03571428571428571,1168,2723,3891,0.4,Skenario 3 - Tambah Petugas,280
0.004225970599474012,0.006175211164151049,0.04399895860453007,1117,2720,3837,0.4,Skenario 3 - Tambah Petugas,281
0.004291643370809478,0.007838146325581564,0.05540540540540541,1099,2599,3698,0.4,Skenario 3 - Tambah Petugas,282
0.0033928943503810293,0.007165738217374299,0.04465458366167586,1135,2671,3806,0.4,Skenario 3 - Tambah Petugas,283
0.005127768261127958,0.006269784814088133,0.04463586530931871,1149,2681,3830,0.4,Skenario 3 - Tambah Petugas,284
0.007665677576805673,0.009079977932101852,0.0700703308153165,1100,2739,3839,0.4,Skenario 3 - Tambah Petugas,285
0.00622657183261362,0.012265031874781177,0.09939201691779011,1139,2640,3779,0.4,Skenario 3 - Tambah Petugas,286
0.0048082867724777035,0.007010327367098221,0.046068308181096106,1170,2607,3777,0.4,Skenario 3 - Tambah Petugas,287
0.0063313618017650855,0.008802636195465145,0.06656225528582616,1194,2636,3830,0.4,Skenario 3 - Tambah Petugas,288
0.0037558278209314324,0.007637190445765828,0.04562834565383635,1158,2763,3921,0.4,Skenario 3 - Tambah Petugas,289
0.005461277956425566,0.00923768476718851,0.06542056074766354,1160,2799,3959,0.4,Skenario 3 - Tambah Petugas,290
0.006324047358984788,0.010446860815260068,0.07157309054122407,1150,2803,3953,0.4,Skenario 3 - Tambah Petugas,291
0.003258279215121046,0.007993666316260226,0.05693069306930693,1091,2545,3636,0.4,Skenario 3 - Tambah Petugas,292
0.0047673493860124995,0.007005735244918596,0.05346635968278332,1184,2724,3908,0.4,Skenario 3 - Tambah Petugas,293
0.005225706819264287,0.006551476782443007,0.0448837830617152,1130,2611,3741,0.4,Skenario 3 - Tambah Petugas,294
0.005316577673490133,0.010228521640630131,0.060353798126951096,1165,2678,3843,0.4,Skenario 3 - Tambah Petugas,295
0.005025616635577222,0.007897620737740103,0.05354821939173382,1165,2681,3846,0.4,Skenario 3 - Tambah Petugas,296
0.0043560017300098095,0.0061240324868310145,0.038381742738589214,1147,2706,3853,0.4,Skenario 3 - Tambah Petugas,297
0.00457984057374405,0.007317127686717108,0.04823651452282158,1148,2708,3856,0.4,Skenario 3 - Tambah Petugas,298
0.00599138236725783,0.010129848241382902,0.07144679765246237,1180,2739,3919,0.4,Skenario 3 - Tambah Petugas,299
0.0059125991453690815,0.010670922329856112,0.08177261936164601,1095,2694,3789,0.4,Skenario 3 - Tambah Petugas,300
0.006225926748096334,0.010927396511421859,0.08172323759791122,1147,2681,3828,0.4,Skenario 3 - Tambah Petugas,301
0.0032192900326434037,0.007125189018782751,0.05003929787791459,1181,2636,3817,0.4,Skenario 3 - Tambah Petugas,302
0.004560914665105651,0.007020726727329156,0.048370136698212406,1128,2676,3804,0.4,Skenario 3 - Tambah Petugas,303
0.0047003405377636495,0.0072084971074389634,0.04061442332725853,1159,2681,3840,0.4,Skenario 3 - Tambah Petugas,304
0.004015910374334495,0.007756762775863151,0.04814340588988476,1163,2742,3905,0.4,Skenario 3 - Tambah Petugas,305
0.004750860523194176,0.008870014311048056,0.055770720371804805,1158,2714,3872,0.4,Skenario 3 - Tambah Petugas,306
0.00488130997063727,0.0074090195465685875,0.050078247261345854,1131,2703,3834,0.4,Skenario 3 - Tambah Petugas,307
0.004950053925385271,0.009958360548529051,0.07043363994743758,1095,2709,3804,0.4,Skenario 3 - Tambah Petugas,308
0.005701599598065677,0.007128507654468156,0.04862907397827212,1184,2681,3865,0.4,Skenario 3 - Tambah Petugas,309
0.005897669489078568,0.009909296234492,0.0708215297450425,1122,2760,3882,0.4,Skenario 3 - Tambah Petugas,310
0.005665915041914674,0.00919484549547266,0.06034255599472991,1186,2609,3795,0.4,Skenario 3 - Tambah Petugas,311
0.005933719512835365,0.006994185657050254,0.050913838120104436,1209,2619,3828,0.4,Skenario 3 - Tambah Petugas,312
0.004110271358345351,0.008718828486000947,0.05686223830447144,1140,2729,3869,0.4,Skenario 3 - Tambah Petugas,313
0.004401126596987949,0.007758768053128599,0.048971086220369886,1139,2699,3838,0.4,Skenario 3 - Tambah Petugas,314
0.006268260909637834,0.007780420452733197,0.057150313152400836,1102,2729,3831,0.4,Skenario 3 - Tambah Petugas,315
0.0050680104368896455,0.005916263364743419,0.04346687614558785,1082,2736,3818,0.4,Skenario 3 - Tambah Petugas,316
0.004403062113829182,0.010567192963268676,0.09059784040031604,1097,2698,3795,0.4,Skenario 3 - Tambah Petugas,317
0.006979496487777526,0.01130254863457117,0.08851861494402499,1143,2696,3839,0.4,Skenario 3 - Tambah Petugas,318
0.00444229494416319,0.006348001444640315,0.04452789699570815,1104,2624,3728,0.4,Skenario 3 - Tambah Petugas,319
0.004691123861970625,0.007204959374401279,0.04943647540983607,1177,2726,3903,0.4,Skenario 3 - Tambah Petugas,320
0.005822290032713173,0.00814265670546937,0.0539912167398605,1186,2684,3870,0.4,Skenario 3 - Tambah Petugas,321
0.00516891976891974,0.008001242329646854,0.05425335791414274,1111,2686,3797,0.4,Skenario 3 - Tambah Petugas,322
0.004743738295210856,0.0072536696875428975,0.049736842105263156,1175,2624,3799,0.4,Skenario 3 - Tambah Petugas,323
0.005014687011253813,0.007377702740364182,0.04928076718167288,1135,2619,3754,0.4,Skenario 3 - Tambah Petugas,324
0.005705428671243709,0.007452216396987425,0.04504504504504504,1182,2700,3882,0.4,Skenario 3 - Tambah Petugas,325
0.004542091655637239,0.009827066956311711,0.07255048616305161,1228,2782,4010,0.4,Skenario 3 - Tambah Petugas,326
0.004617335563642925,0.0068953268784829975,0.04760623991393222,1097,2620,3717,0.4,Skenario 3 - Tambah Petugas,327
0.0058860506134195325,0.009801482331480676,0.06929665195951207,1186,2665,3851,0.4,Skenario 3 - Tambah Petugas,328
0.004237856621080213,0.007722634442337171,0.05132192846034215,1233,2621,3854,0.4,Skenario 3 - Tambah Petugas,329
0.00502940004155987,0.007980553999574187,0.047971421280939015,1163,2755,3918,0.4,Skenario 3 - Tambah Petugas,330
0.005365354655055017,0.00913155500302352,0.06168415664192475,1160,2746,3906,0.4,Skenario 3 - Tambah Petugas,331
0.005176554875357932,0.009653731688947705,0.07647505697644974,1238,2711,3949,0.4,Skenario 3 - Tambah Petugas,332
0.00432975500602455,0.0070652572545603235,0.04125065685759327,1127,2677,3804,0.4,Skenario 3 - Tambah Petugas,333
0.004750203762979368,0.012439403983304363,0.07337469652009711,1149,2556,3705,0.4,Skenario 3 - Tambah Petugas,334
0.005372626853056614,0.005172851496927995,0.03093892924401399,1139,2578,3717,0.4,Skenario 3 - Tambah Petugas,335
0.004964428029029985,0.009785670085350966,0.07161323681489142,1138,2726,3864,0.4,Skenario 3 - Tambah Petugas,336
0.0037250841864271446,0.0073664088919151586,0.05013404825737265,1126,2603,3729,0.4,Skenario 3 - Tambah Petugas,337
0.004342548139510588,0.01067139672193694,0.06870818322182193,1154,2728,3882,0.4,Skenario 3 - Tambah Petugas,338
0.004939973322628055,0.010553569160413586,0.07350689127105667,1154,2760,3914,0.4,Skenario 3 - Tambah Petugas,339
0.0067985050586584885,0.01035729854376656,0.08515564702855673,1169,2717,3886,0.4,Skenario 3 - Tambah Petugas,340
0.003964421686570002,0.006020007067515014,0.039603960396039604,1145,2691,3836,0.4,Skenario 3 - Tambah Petugas,341
0.004120106898892531,0.008926462827738091,0.05489575085774611,1148,2641,3789,0.4,Skenario 3 - Tambah Petugas,342
0.007848525814991047,0.011305634840660881,0.09333333333333334,1151,2670,3821,0.4,Skenario 3 - Tambah Petugas,343
0.004080311359261259,0.009378956389671513,0.06502359727320399,1148,2666,3814,0.4,Skenario 3 - Tambah Petugas,344
0.005299245204579755,0.008516518273998772,0.05894519131334023,1215,2651,3866,0.4,Skenario 3 - Tambah Petugas,345
0.005893801797726513,0.009482253227852833,0.06763654925982644,1197,2718,3915,0.4,Skenario 3 - Tambah Petugas,346
0.00548636603988489,0.007397511289954889,0.053927923256416904,1182,2674,3856,0.4,Skenario 3 - Tambah Petugas,347
0.0052216591726017255,0.0064492406949313045,0.04270369400052397,1197,2617,3814,0.4,Skenario 3 - Tambah Petugas,348
0.005171877951468644,0.007113775973004362,0.04308797127468582,1190,2709,3899,0.4,Skenario 3 - Tambah Petugas,349
0.006301423634298785,0.00818581163350841,0.062343515272909364,1223,2770,3993,0.4,Skenario 3 - Tambah Petugas,350
0.003952498413743309,0.007679229910572028,0.05892857142857143,1184,2734,3918,0.4,Skenario 3 - Tambah Petugas,351
0.004911442763380576,0.011887927787601383,0.08182288969445883,1170,2690,3860,0.4,Skenario 3 - Tambah Petugas,352
0.007225235640089209,0.008528747857956681,0.059267241379310345,1118,2594,3712,0.4,Skenario 3 - Tambah Petugas,353
0.005210446424569646,0.010752661828512774,0.0736493374108053,1158,2765,3923,0.4,Skenario 3 - Tambah Petugas,354
0.005069803685205018,0.007939330378839343,0.05545571245186136,1153,2742,3895,0.4,Skenario 3 - Tambah Petugas,355
0.00623001670665548,0.011708227987987659,0.08293963254593176,1093,2715,3808,0.4,Skenario 3 - Tambah Petugas,356
0.005262118131748161,0.007616917787080035,0.05580298663872151,1184,2632,3816,0.4,Skenario 3 - Tambah Petugas,357
0.0052125311567578735,0.0065763899108097195,0.046948356807511735,1143,2688,3831,0.4,Skenario 3 - Tambah Petugas,358
0.005240005339954249,0.006664591191131347,0.04313099041533546,1136,2618,3754,0.4,Skenario 3 - Tambah Petugas,359
0.004378877085269316,0.007259767409694181,0.05548216644649934,1134,2651,3785,0.4,Skenario 3 - Tambah Petugas,360
0.0038576998173188337,0.006920325820761542,0.04832321098494851,1105,2682,3787,0.4,Skenario 3 - Tambah Petugas,361
0.004206312513055998,0.006948477142379285,0.048650093557872226,1146,2595,3741,0.4,Skenario 3 - Tambah Petugas,362
0.004976944702026825,0.00951771102531502,0.06426535371857994,1189,2668,3857,0.4,Skenario 3 - Tambah Petugas,363
0.004808453319753834,0.011195179370381747,0.07333164171530068,1116,2823,3939,0.4,Skenario 3 - Tambah Petugas,364
0.00529280761454693,0.006873589449367699,0.04791056694170881,1121,2634,3755,0.4,Skenario 3 - Tambah Petugas,365
0.004486986998908945,0.007147706725517916,0.0456,1113,2637,3750,0.4,Skenario 3 - Tambah Petugas,366
0.0058032639570124965,0.006258983293345309,0.04788359788359788,1184,2594,3778,0.4,Skenario 3 - Tambah Petugas,367
0.004760141825393431,0.008449681956225466,0.05153021187549045,1125,2697,3822,0.4,Skenario 3 - Tambah Petugas,368
0.003667631483568672,0.00635748823564236,0.043099025141098,1181,2714,3895,0.4,Skenario 3 - Tambah Petugas,369
0.005754964440561027,0.008969601857484834,0.06381322957198443,1137,2718,3855,0.4,Skenario 3 - Tambah Petugas,370
0.005000144803515724,0.009172984753226757,0.0646573930963421,1139,2739,3878,0.4,Skenario 3 - Tambah Petugas,371
0.006130387926197593,0.00796708783968161,0.06774707757704569,1123,2640,3763,0.4,Skenario 3 - Tambah Petugas,372
0.0031038518236628826,0.006432878738541322,0.0395010395010395,1136,2710,3846,0.4,Skenario 3 - Tambah Petugas,373
0.005656348106361965,0.008155563792727786,0.052981827489122085,1216,2690,3906,0.4,Skenario 3 - Tambah Petugas,374
0.0034099787031809095,0.012233107992365757,0.08090359863409509,1135,2671,3806,0.4,Skenario 3 - Tambah Petugas,375
0.005661912489116564,0.010919840450237623,0.08238276299112801,1196,2748,3944,0.4,Skenario 3 - Tambah Petugas,376
0.004566796070533214,0.0071234189110153875,0.045276105731483905,1123,2697,3820,0.4,Skenario 3 - Tambah Petugas,377
0.0033347868924831314,0.006639987175492439,0.04253056884635832,1141,2618,3759,0.4,Skenario 3 - Tambah Petugas,378
0.0038039040852728104,0.006026524040400978,0.035027653410587306,1109,2685,3794,0.4,Skenario 3 - Tambah Petugas,379
0.006006349769356555,0.01170885402400662,0.0790672741892254,1105,2624,3729,0.4,Skenario 3 - Tambah Petugas,380
0.005634051663727872,0.010440014259124221,0.07954250064985703,1154,2691,3845,0.4,Skenario 3 - Tambah Petugas,381
0.0047911223612233655,0.009539982436322834,0.06102311088029083,1211,2640,3851,0.4,Skenario 3 - Tambah Petugas,382
0.00446093204153914,0.00807808857723079,0.0563564875491481,1123,2691,3814,0.4,Skenario 3 - Tambah Petugas,383
0.0053983684792706255,0.006061454394634241,0.0449438202247191,1121,2616,3737,0.4,Skenario 3 - Tambah Petugas,384
0.005674204984236042,0.009314676262778439,0.0646081992734821,1155,2699,3854,0.4,Skenario 3 - Tambah Petugas,385
0.007185306349389354,0.01162767817411313,0.09165596919127086,1138,2756,3894,0.4,Skenario 3 - Tambah Petugas,386
0.004173802445167788,0.008327587759020495,0.05485449394797837,1172,2709,3881,0.4,Skenario 3 - Tambah Petugas,387
0.006814025723735607,0.009339493143479993,0.07492795389048991,1173,2644,3817,0.4,Skenario 3 - Tambah Petugas,388
0.004192099251297014,0.007315476655248311,0.0451948051948052,1105,2742,3847,0.4,Skenario 3 - Tambah Petugas,389
0.00365301061747198,0.008084034842640317,0.06300233341975629,1160,2697,3857,0.4,Skenario 3 - Tambah Petugas,390
0.0061481140629559535,0.009750175152667734,0.06977342945417096,1208,2675,3883,0.4,Skenario 3 - Tambah Petugas,391
0.005369682485271726,0.00912517320970488,0.07127827459231983,1135,2667,3802,0.4,Skenario 3 - Tambah Petugas,392
0.0057734064516765824,0.011354003541352006,0.09158542842483325,1158,2737,3895,0.4,Skenario 3 - Tambah Petugas,393
0.005021931475911272,0.010462889043760195,0.06975533576262363,1194,2647,3841,0.4,Skenario 3 - Tambah Petugas,394
0.0047895042387400095,0.006428935404604921,0.04534478132546284,1102,2623,3725,0.4,Skenario 3 - Tambah Petugas,395
0.004606753835803648,0.007613636772268991,0.04716981132075472,1124,2690,3814,0.4,Skenario 3 - Tambah Petugas,396
0.0060255580729859926,0.008219555019530585,0.06343949044585988,1154,2770,3924,0.4,Skenario 3 - Tambah Petugas,397
0.00647435023958765,0.009799774431929883,0.08091286307053942,1142,2712,3854,0.4,Skenario 3 - Tambah Petugas,398
0.005153036734791576,0.0076104842224492585,0.05366492146596859,1127,2692,3819,0.4,Skenario 3 - Tambah Petugas,399
0.005243898248984408,0.00762622179978464,0.05404719614311088,1232,2708,3940,0.4,Skenario 3 - Tambah Petugas,400
0.003507095492374592,0.00751872810029909,0.05493068270991368,1134,2689,3823,0.4,Skenario 3 - Tambah Petugas,401
0.005726185852810001,0.007266640777577268,0.04709862086911267,1115,2726,3841,0.4,Skenario 3 - Tambah Petugas,402
0.005438256853027108,0.01316738406337711,0.09248554913294797,1142,2664,3806,0.4,Skenario 3 - Tambah Petugas,403
0.003482008362583943,0.007134450323450949,0.0486815415821501,1210,2732,3942,0.4,Skenario 3 - Tambah Petugas,404
0.003557149840604924,0.006116793522401644,0.03645294725956567,1145,2723,3868,0.4,Skenario 3 - Tambah Petugas,405
0.004850890970463748,0.007251963280228332,0.04845360824742268,1200,2678,3878,0.4,Skenario 3 - Tambah Petugas,406
0.0042610607105246666,0.00748170529184372,0.050596782563570315,1112,2740,3852,0.4,Skenario 3 - Tambah Petugas,407
0.004197845756589482,0.007388982624771633,0.04376930998970134,1239,2645,3884,0.4,Skenario 3 - Tambah Petugas,408
0.004887738904575525,0.008099772521845164,0.054910242872228086,1184,2603,3787,0.4,Skenario 3 - Tambah Petugas,409
0.004416435797512413,0.005133431236950564,0.031489812119608364,1113,2665,3778,0.4,Skenario 3 - Tambah Petugas,410
0.0064348370956029055,0.008270005254385107,0.0596234309623431,1156,2666,3822,0.4,Skenario 3 - Tambah Petugas,411
0.006337862002654011,0.008863135499353603,0.0665,1216,2780,3996,0.4,Skenario 3 - Tambah Petugas,412
0.006213027543090216,0.010300564608082282,0.0672182006204757,1180,2684,3864,0.4,Skenario 3 - Tambah Petugas,413
0.005311853558219076,0.008062220916289314,0.06153450051493306,1181,2701,3882,0.4,Skenario 3 - Tambah Petugas,414
0.005134800591239378,0.007563386428975501,0.052382205843643066,1124,2675,3799,0.4,Skenario 3 - Tambah Petugas,415
0.005823878230674094,0.008775857444838915,0.06038894575230297,1172,2733,3905,0.4,Skenario 3 - Tambah Petugas,416
0.004141196730872831,0.007820773707556173,0.05184791278915182,1115,2645,3760,0.4,Skenario 3 - Tambah Petugas,417
0.003439888958109192,0.007615388924664569,0.05076679005817028,1123,2657,3780,0.4,Skenario 3 - Tambah Petugas,418
0.005306185735538845,0.010625220629731986,0.06829394962347442,1170,2677,3847,0.4,Skenario 3 - Tambah Petugas,419
0.005391159260820729,0.007910669288530046,0.0457516339869281,1168,2657,3825,0.4,Skenario 3 - Tambah Petugas,420
0.0035825742794238524,0.006877742713073965,0.041073825503355706,1120,2605,3725,0.4,Skenario 3 - Tambah Petugas,421
0.0034062421436641716,0.011769807161177459,0.08547008547008547,1175,2684,3859,0.4,Skenario 3 - Tambah Petugas,422
0.004287475900034073,0.00559687793819466,0.03812549642573471,1142,2634,3776,0.4,Skenario 3 - Tambah Petugas,423
0.004100779877194503,0.006785771500907437,0.04474450622186921,1125,2649,3774,0.4,Skenario 3 - Tambah Petugas,424
0.006196058572097528,0.008067034231889626,0.05518349852665416,1125,2606,3731,0.4,Skenario 3 - Tambah Petugas,425
0.0069698696686477865,0.010789941972147719,0.08093209721874217,1192,2795,3987,0.4,Skenario 3 - Tambah Petugas,426
0.0044471108063048005,0.008646122321970717,0.06503642039542143,1229,2613,3842,0.4,Skenario 3 - Tambah Petugas,427
0.005411494455986859,0.008056998431241774,0.06205311542390194,1198,2717,3915,0.4,Skenario 3 - Tambah Petugas,428
0.005546986600803957,0.006951893310823722,0.042558815754692045,1171,2612,3783,0.4,Skenario 3 - Tambah Petugas,429
0.0036637998568431716,0.005860051878744968,0.03157620041753653,1149,2679,3828,0.4,Skenario 3 - Tambah Petugas,430
0.005541364987302727,0.010314154344221579,0.07107906258047901,1201,2681,3882,0.4,Skenario 3 - Tambah Petugas,431
0.004120101366192857,0.004794351176578877,0.026281550871714805,1127,2713,3840,0.4,Skenario 3 - Tambah Petugas,432
0.004195510593750933,0.0077104031645791335,0.04817673675805164,1171,2586,3757,0.4,Skenario 3 - Tambah Petugas,433
0.0044624005409797845,0.006026071404676385,0.03756238508011558,1108,2699,3807,0.4,Skenario 3 - Tambah Petugas,434
0.006275745163611655,0.008553460377715856,0.06251614569878584,1154,2714,3868,0.4,Skenario 3 - Tambah Petugas,435
0.006316766276916547,0.01441448128701465,0.10742945896971266,1134,2728,3862,0.4,Skenario 3 - Tambah Petugas,436
0.004103732838244132,0.00702183396312583,0.04487856388595565,1119,2667,3786,0.4,Skenario 3 - Tambah Petugas,437
0.004831306038562839,0.010703436191870482,0.07813305827746261,1129,2745,3874,0.4,Skenario 3 - Tambah Petugas,438
0.005736956781665043,0.0076458074601747274,0.054345103931880794,1211,2781,3992,0.4,Skenario 3 - Tambah Petugas,439
0.005450695076884316,0.009159381462062069,0.06299212598425197,1183,2626,3809,0.4,Skenario 3 - Tambah Petugas,440
0.005698936169015515,0.010379477161947885,0.07483341875961046,1172,2728,3900,0.4,Skenario 3 - Tambah Petugas,441
0.00480231005362914,0.00754150537062394,0.05420753742901394,1156,2715,3871,0.4,Skenario 3 - Tambah Petugas,442
0.0038315432074283737,0.005777068219962852,0.04046997389033943,1067,2762,3829,0.4,Skenario 3 - Tambah Petugas,443
0.005296534129096594,0.008120185166604631,0.06356150283067422,1166,2716,3882,0.4,Skenario 3 - Tambah Petugas,444
0.006098660182575692,0.00888745787277337,0.05615942028985507,1171,2691,3862,0.4,Skenario 3 - Tambah Petugas,445
0.004158683878089053,0.005196776178414698,0.027611357124251105,1168,2669,3837,0.4,Skenario 3 - Tambah Petugas,446
0.003832172414423355,0.005370321201331207,0.03973856209150327,1179,2644,3823,0.4,Skenario 3 - Tambah Petugas,447
0.0036295827309004154,0.005558852610710301,0.03559957173447537,1136,2598,3734,0.4,Skenario 3 - Tambah Petugas,448
0.004598638015333694,0.0076591220752434495,0.050793650793650794,1166,2614,3780,0.4,Skenario 3 - Tambah Petugas,449
0.005861215202123399,0.007464590476856358,0.05605323777834656,1223,2683,3906,0.4,Skenario 3 - Tambah Petugas,450
0.005168427127180632,0.00720886389436149,0.04032469232783451,1128,2689,3817,0.4,Skenario 3 - Tambah Petugas,451
0.006170030162482424,0.014379599584981351,0.10198675496688742,1172,2603,3775,0.4,Skenario 3 - Tambah Petugas,452
0.005204922561350785,0.00966010221169356,0.07983411093831,1181,2676,3857,0.4,Skenario 3 - Tambah Petugas,453
0.004619947326444621,0.011037209973864894,0.07210277923439957,1115,2695,3810,0.4,Skenario 3 - Tambah Petugas,454
0.005055123529404406,0.008614085596162734,0.06411258795934324,1153,2683,3836,0.4,Skenario 3 - Tambah Petugas,455
0.005130247307806172,0.010983393016848777,0.08045977011494253,1091,2650,3741,0.4,Skenario 3 - Tambah Petugas,456
0.006893156526148638,0.012215374348523479,0.09278613306143257,1167,2754,3921,0.4,Skenario 3 - Tambah Petugas,457
0.0046482743708807115,0.007389656181502532,0.051907604464053986,1225,2627,3852,0.4,Skenario 3 - Tambah Petugas,458
0.005384084575227131,0.0111843948283871,0.08658444500377549,1244,2728,3972,0.4,Skenario 3 - Tambah Petugas,459
0.004447213818417844,0.008220605786474487,0.055970149253731345,1141,2609,3750,0.4,Skenario 3 - Tambah Petugas,460
0.004757633853614902,0.007811933688271447,0.044350580781414996,1136,2649,3785,0.4,Skenario 3 - Tambah Petugas,461
0.006180654629665814,0.007911862220139931,0.06322302932472423,1144,2571,3715,0.4,Skenario 3 - Tambah Petugas,462
0.003355491892259191,0.00600310968911675,0.03532748839608046,1169,2706,3875,0.4,Skenario 3 - Tambah Petugas,463
0.005941365361726427,0.009738227788706724,0.07067046337043749,1159,2701,3860,0.4,Skenario 3 - Tambah Petugas,464
0.005852577281308832,0.009679116979963537,0.07561235356762513,1133,2622,3755,0.4,Skenario 3 - Tambah Petugas,465
0.005473273765755885,0.010282590723384522,0.079621095750128,1241,2661,3902,0.4,Skenario 3 - Tambah Petugas,466
0.0055297329059198885,0.0069779173163936736,0.04573090140100449,1123,2658,3781,0.4,Skenario 3 - Tambah Petugas,467
0.0058760159143613185,0.007829742443011874,0.05941101152368758,1143,2762,3905,0.4,Skenario 3 - Tambah Petugas,468
0.005939813420427045,0.008120501126636745,0.061554244678122594,1155,2744,3899,0.4,Skenario 3 - Tambah Petugas,469
0.004923269715487561,0.007906253250709882,0.051130524152106886,1172,2720,3892,0.4,Skenario 3 - Tambah Petugas,470
0.004358144434802499,0.005001835112635124,0.030805687203791468,1144,2652,3796,0.4,Skenario 3 - Tambah Petugas,471
0.004413031525508362,0.011145161120730262,0.07454545454545454,1194,2654,3848,0.4,Skenario 3 - Tambah Petugas,472
0.00555334049198006,0.009283041562907412,0.06673564407656493,1165,2700,3865,0.4,Skenario 3 - Tambah Petugas,473
0.0049999190304248,0.01039264397705364,0.0815748841996912,1163,2721,3884,0.4,Skenario 3 - Tambah Petugas,474
0.004895083875596995,0.008570045481769982,0.06440162271805273,1194,2750,3944,0.4,Skenario 3 - Tambah Petugas,475
0.004407873529768652,0.007247639288357142,0.04540682414698163,1169,2639,3808,0.4,Skenario 3 - Tambah Petugas,476
0.005694180586988318,0.009078428225437439,0.06349206349206349,1194,2649,3843,0.4,Skenario 3 - Tambah Petugas,477
0.004313359940991701,0.01102371557583669,0.06483148958065346,1194,2692,3886,0.4,Skenario 3 - Tambah Petugas,478
0.006969629402425015,0.011702774942215879,0.08613938919342208,1117,2713,3830,0.4,Skenario 3 - Tambah Petugas,479
0.004578173830844488,0.0062561052748749965,0.04490322580645161,1167,2707,3874,0.4,Skenario 3 - Tambah Petugas,480
0.0037667668332442635,0.007785062015315632,0.04677460806990491,1144,2745,3889,0.4,Skenario 3 - Tambah Petugas,481
0.004415297714480746,0.00631961934231487,0.03664645399419984,1135,2656,3791,0.4,Skenario 3 - Tambah Petugas,482
0.004203508595009614,0.008525155722149416,0.05711318795430945,1175,2676,3851,0.4,Skenario 3 - Tambah Petugas,483
0.0036250648771729735,0.006542810985500456,0.03997853501475718,1094,2631,3725,0.4,Skenario 3 - Tambah Petugas,484
0.00659348390211116,0.007031180640429741,0.056305732484076436,1210,2713,3923,0.4,Skenario 3 - Tambah Petugas,485
0.005222315059402029,0.0074647711863880025,0.06013306038894575,1191,2715,3906,0.4,Skenario 3 - Tambah Petugas,486
0.005406644853588213,0.009479369708011375,0.07144719687092568,1159,2672,3831,0.4,Skenario 3 - Tambah Petugas,487
0.0034024533138902863,0.006043945832822096,0.03344568317345087,1191,2662,3853,0.4,Skenario 3 - Tambah Petugas,488
0.003869195933548887,0.008939147265609165,0.05822649572649573,1117,2624,3741,0.4,Skenario 3 - Tambah Petugas,489
0.006044814853421875,0.009810344828541784,0.07841140529531568,1173,2754,3927,0.4,Skenario 3 - Tambah Petugas,490
0.005036773737256545,0.009240437776018509,0.05973684210526316,1100,2700,3800,0.4,Skenario 3 - Tambah Petugas,491
0.005406843541981062,0.006415816511582037,0.041146801168038226,1050,2717,3767,0.4,Skenario 3 - Tambah Petugas,492
0.006218662043925913,0.009894520343135592,0.07186544342507645,1206,2714,3920,0.4,Skenario 3 - Tambah Petugas,493
0.0047838910001874735,0.00818500030597702,0.052564102564102565,1184,2716,3900,0.4,Skenario 3 - Tambah Petugas,494
0.005270093648168118,0.009173576862334783,0.06243576567317575,1194,2697,3891,0.4,Skenario 3 - Tambah Petugas,495
0.003491866882156782,0.007350129527497737,0.04390115667718191,1173,2631,3804,0.4,Skenario 3 - Tambah Petugas,496
0.004795467050121941,0.009684181247357843,0.07221664994984955,1197,2790,3987,0.4,Skenario 3 - Tambah Petugas,497
0.005120364034448618,0.008186175237089506,0.05191115702479339,1131,2740,3871,0.4,Skenario 3 - Tambah Petugas,498
0.005519975394967504,0.009490078297682163,0.06909937888198758,1168,2695,3863,0.4,Skenario 3 - Tambah Petugas,499
0.0038941525641189405,0.008275505962095057,0.04989764585465711,1144,2763,3907,0.4,Skenario 3 - Tambah Petugas,500
0.006158811572781869,0.009874928930754326,0.07311500380807312,1135,2803,3938,0.4,Skenario 3 - Tambah Petugas,501
0.006577751872555005,0.010615073317027825,0.0729602510460251,1129,2694,3823,0.4,Skenario 3 - Tambah Petugas,502
0.003542695622593611,0.009734884848561502,0.058224543080939946,1113,2714,3827,0.4,Skenario 3 - Tambah Petugas,503
0.004933842513123913,0.011128374316997118,0.08177390412714688,1148,2749,3897,0.4,Skenario 3 - Tambah Petugas,504
0.004888144387141304,0.007794776740473117,0.0526448362720403,1214,2752,3966,0.4,Skenario 3 - Tambah Petugas,505
0.004547017714573554,0.006195777387037436,0.03729786124152321,1171,2662,3833,0.4,Skenario 3 - Tambah Petugas,506
0.004450560138744113,0.007144577957929748,0.03779527559055118,1141,2667,3808,0.4,Skenario 3 - Tambah Petugas,507
0.005029331026508428,0.00846072055500818,0.06493150684931506,1165,2482,3647,0.4,Skenario 3 - Tambah Petugas,508
0.005440373818942742,0.009244682156605196,0.0701155462184874,1174,2633,3807,0.4,Skenario 3 - Tambah Petugas,509
0.006401558915275552,0.01053317071013968,0.08047459375806036,1149,2727,3876,0.4,Skenario 3 - Tambah Petugas,510
0.006208086899718724,0.009905100825553317,0.07743761255466941,1210,2676,3886,0.4,Skenario 3 - Tambah Petugas,511
0.003647992775269174,0.004568347760859723,0.027139874739039668,1166,2665,3831,0.4,Skenario 3 - Tambah Petugas,512
0.005695516467198158,0.008140186895938461,0.05842105263157895,1117,2679,3796,0.4,Skenario 3 - Tambah Petugas,513
0.005425505046962936,0.009977795030517187,0.06100051046452271,1232,2685,3917,0.4,Skenario 3 - Tambah Petugas,514
0.005343807246776865,0.010037281830384898,0.0716921454928835,1147,2647,3794,0.4,Skenario 3 - Tambah Petugas,515
0.005794484616386899,0.00988083417769799,0.06790284669626534,1158,2671,3829,0.4,Skenario 3 - Tambah Petugas,516
0.00508865479744847,0.006933793674984233,0.048480083857442346,1177,2639,3816,0.4,Skenario 3 - Tambah Petugas,517
0.005338844024818126,0.00847531282024422,0.06072452436799583,1144,2689,3833,0.4,Skenario 3 - Tambah Petugas,518
0.004865271967312959,0.008312260400479185,0.05131544673091951,1201,2635,3836,0.4,Skenario 3 - Tambah Petugas,519
0.005850526888614519,0.013965174538229512,0.09820051413881747,1194,2693,3887,0.4,Skenario 3 - Tambah Petugas,520
0.005926035604173297,0.010544037491207567,0.07509157509157509,1220,2602,3822,0.4,Skenario 3 - Tambah Petugas,521
0.004330570242052812,0.008651911985947598,0.06522882693319305,1153,2646,3799,0.4,Skenario 3 - Tambah Petugas,522
0.006004381867155696,0.010321825498431423,0.07083015993907082,1244,2695,3939,0.4,Skenario 3 - Tambah Petugas,523
0.004982802718333762,0.007590630936103504,0.05182291666666667,1167,2672,3839,0.4,Skenario 3 - Tambah Petugas,524
0.003734385953684836,0.008716385341121223,0.05656886069257203,1167,2613,3780,0.4,Skenario 3 - Tambah Petugas,525
0.004808690372709181,0.006569154194667519,0.0471841704718417,1143,2798,3941,0.4,Skenario 3 - Tambah Petugas,526
0.005171877300649965,0.008026413179336047,0.05512622359608449,1176,2704,3880,0.4,Skenario 3 - Tambah Petugas,527
0.0059838843230308955,0.012028568800808648,0.08382617639496015,1160,2727,3887,0.4,Skenario 3 - Tambah Petugas,528
0.0055091838221227,0.007932764548385178,0.060669456066945605,1114,2710,3824,0.4,Skenario 3 - Tambah Petugas,529
0.005030821322168531,0.006830641977709647,0.04745583970471922,1106,2687,3793,0.4,Skenario 3 - Tambah Petugas,530
0.004664425238004181,0.0063173315529226745,0.042161070436758395,1161,2799,3960,0.4,Skenario 3 - Tambah Petugas,531
0.004069455276118927,0.006439874930586728,0.045281098957008395,1176,2754,3930,0.4,Skenario 3 - Tambah Petugas,532
0.004439243290450519,0.0074740743725399605,0.047556142668428,1147,2638,3785,0.4,Skenario 3 - Tambah Petugas,533
0.0050233715274136635,0.008198158602035445,0.04994877049180328,1168,2735,3903,0.4,Skenario 3 - Tambah Petugas,534
0.0034859074898737153,0.005358778000353906,0.03225806451612903,1213,2660,3873,0.4,Skenario 3 - Tambah Petugas,535
0.005969520731859453,0.011769264234426516,0.08610822060353798,1142,2701,3843,0.4,Skenario 3 - Tambah Petugas,536
0.005882193747370636,0.010910996049630115,0.08018386108273749,1186,2728,3914,0.4,Skenario 3 - Tambah Petugas,537
0.006054903264590888,0.012419380019893216,0.08335388409371147,1250,2804,4054,0.4,Skenario 3 - Tambah Petugas,538
0.006330473399618662,0.011281704233116741,0.09083830781209447,1139,2711,3850,0.4,Skenario 3 - Tambah Petugas,539
0.008688451354087585,0.012713774250973345,0.08702213279678069,1170,2804,3974,0.4,Skenario 3 - Tambah Petugas,540
0.004628636875061471,0.0064593444692082605,0.05098642070202408,1159,2742,3901,0.4,Skenario 3 - Tambah Petugas,541
0.006358832397606325,0.008610181554126673,0.05534005689164727,1128,2737,3865,0.4,Skenario 3 - Tambah Petugas,542
0.004335948355155693,0.007425431911210559,0.05152471083070452,1083,2720,3803,0.4,Skenario 3 - Tambah Petugas,543
0.00623316611384873,0.009622736699948719,0.06748153806977336,1231,2696,3927,0.4,Skenario 3 - Tambah Petugas,544
0.005331924163170742,0.008231984132458826,0.0486820871436256,1072,2644,3716,0.4,Skenario 3 - Tambah Petugas,545
0.005740276373734436,0.010541596710136148,0.0711846598371421,1130,2677,3807,0.4,Skenario 3 - Tambah Petugas,546
0.00457994624682462,0.009862873456211617,0.068759730150493,1215,2637,3852,0.4,Skenario 3 - Tambah Petugas,547
0.006679043109768475,0.009632461769984875,0.06819392647842301,1161,2590,3751,0.4,Skenario 3 - Tambah Petugas,548
0.005803718684093161,0.00836760814266713,0.057878633350331464,1196,2724,3920,0.4,Skenario 3 - Tambah Petugas,549
0.0042101637872479815,0.010263787085800532,0.0737516005121639,1120,2782,3902,0.4,Skenario 3 - Tambah Petugas,550
0.007152336773257442,0.011772571720630155,0.07971200822833634,1193,2694,3887,0.4,Skenario 3 - Tambah Petugas,551
0.006199858558881897,0.00925308700249731,0.061213991769547324,1116,2771,3887,0.4,Skenario 3 - Tambah Petugas,552
0.004215411590729705,0.00538444438416643,0.03221403221403221,1078,2585,3663,0.4,Skenario 3 - Tambah Petugas,553
0.005746019904982001,0.006334668663890305,0.049531459170013385,1148,2587,3735,0.4,Skenario 3 - Tambah Petugas,554
0.004886606845318401,0.010769788207325135,0.0779840848806366,1117,2650,3767,0.4,Skenario 3 - Tambah Petugas,555
0.003928633040239715,0.007300641879366382,0.0441408302679979,1157,2646,3803,0.4,Skenario 3 - Tambah Petugas,556
0.004883363774462226,0.008802333081666983,0.06047235920062289,1182,2670,3852,0.4,Skenario 3 - Tambah Petugas,557
0.006298875634040785,0.012109983861590482,0.10102827763496144,1172,2717,3889,0.4,Skenario 3 - Tambah Petugas,558
0.005189158110682746,0.008164000561153385,0.05386232264844982,1173,2632,3805,0.4,Skenario 3 - Tambah Petugas,559
0.00658688814492404,0.0076353748703393235,0.05430809399477807,1168,2662,3830,0.4,Skenario 3 - Tambah Petugas,560
0.006736984795062983,0.012909601451047642,0.09921052631578947,1166,2630,3796,0.4,Skenario 3 - Tambah Petugas,561
0.003389982131227058,0.006908325502785214,0.049201779638838,1137,2683,3820,0.4,Skenario 3 - Tambah Petugas,562
0.0071192140418390535,0.012277021145995416,0.09394250513347023,1178,2717,3895,0.4,Skenario 3 - Tambah Petugas,563
0.0035947321485166263,0.008460714921177944,0.06582411795681938,1125,2669,3794,0.4,Skenario 3 - Tambah Petugas,564
0.005854742061423902,0.008713353357725422,0.06023166023166023,1177,2708,3885,0.4,Skenario 3 - Tambah Petugas,565
0.00557018992271049,0.008938063163141496,0.06661581489956776,1126,2805,3931,0.4,Skenario 3 - Tambah Petugas,566
0.005630080836749194,0.00927059568219457,0.06822916666666666,1099,2739,3838,0.4,Skenario 3 - Tambah Petugas,567
0.0052961852837085325,0.010020228459344756,0.08224442736356649,1183,2718,3901,0.4,Skenario 3 - Tambah Petugas,568
0.005659540862365936,0.008420022520121948,0.057383320581484314,1173,2748,3921,0.4,Skenario 3 - Tambah Petugas,569
0.0036149829194438363,0.006847920648511172,0.04046692607003891,1112,2739,3851,0.4,Skenario 3 - Tambah Petugas,570
0.004399432538384566,0.00687908722229484,0.0432446264073695,1184,2723,3907,0.4,Skenario 3 - Tambah Petugas,571
0.004329951126193431,0.008958946160697978,0.059007832898172324,1160,2668,3828,0.4,Skenario 3 - Tambah Petugas,572
0.005442406491074256,0.007929521193050851,0.05681522022413344,1145,2691,3836,0.4,Skenario 3 - Tambah Petugas,573
0.00415864695121044,0.007321474334928715,0.051883065578087965,1120,2675,3795,0.4,Skenario 3 - Tambah Petugas,574
0.004367524512390467,0.007255372906542389,0.044940867279894874,1103,2702,3805,0.4,Skenario 3 - Tambah Petugas,575
0.00577574598882103,0.008778705122459587,0.06656346749226007,1145,2729,3874,0.4,Skenario 3 - Tambah Petugas,576
0.005448069301209508,0.008982843568972092,0.06914344685242518,1196,2680,3876,0.4,Skenario 3 - Tambah Petugas,577
0.007706804424614782,0.010638728288258436,0.0815078960774325,1181,2743,3924,0.4,Skenario 3 - Tambah Petugas,578
0.005449016203800835,0.007313349734589962,0.05253807106598985,1185,2754,3939,0.4,Skenario 3 - Tambah Petugas,579
0.004332495694995717,0.004947191469763628,0.0272,1106,2644,3750,0.4,Skenario 3 - Tambah Petugas,580
0.004472172911899584,0.008249633547003856,0.056850930049777315,1105,2711,3816,0.4,Skenario 3 - Tambah Petugas,581
0.003914462638802665,0.007404290113893034,0.04848966613672496,1186,2587,3773,0.4,Skenario 3 - Tambah Petugas,582
0.0048985023889446845,0.008643891614301914,0.05986006737496761,1144,2713,3857,0.4,Skenario 3 - Tambah Petugas,583
0.005347351169495234,0.008808109954103714,0.06013878180416345,1200,2691,3891,0.4,Skenario 3 - Tambah Petugas,584
0.00423883581554136,0.006201047278365297,0.05435924369747899,1170,2638,3808,0.4,Skenario 3 - Tambah Petugas,585
0.0039766259347034216,0.00656694023868786,0.04200107009095773,1028,2709,3737,0.4,Skenario 3 - Tambah Petugas,586
0.005437006236205263,0.008100648647522617,0.055892433430002636,1130,2662,3792,0.4,Skenario 3 - Tambah Petugas,587
0.006170928581644473,0.010008993560156417,0.06931464174454828,1192,2659,3851,0.4,Skenario 3 - Tambah Petugas,588
0.003759633679315097,0.008225310166523073,0.055,1123,2676,3799,0.4,Skenario 3 - Tambah Petugas,589
0.004693207023257729,0.006563329505901434,0.0423773987206823,1161,2590,3751,0.4,Skenario 3 - Tambah Petugas,590
0.004967907901968839,0.006997362006035229,0.04482225656877898,1158,2721,3879,0.4,Skenario 3 - Tambah Petugas,591
0.0038372988080321645,0.0066630460980435366,0.04482758620689655,1143,2627,3770,0.4,Skenario 3 - Tambah Petugas,592
0.005333039362222521,0.009016855539242126,0.08023379383634431,1126,2637,3763,0.4,Skenario 3 - Tambah Petugas,593
0.0048919640275898995,0.00744376594437358,0.06421052631578947,1182,2615,3797,0.4,Skenario 3 - Tambah Petugas,594
0.005219944021294706,0.008573347010658738,0.051241415742208134,1184,2601,3785,0.4,Skenario 3 - Tambah Petugas,595
0.006105563030450964,0.012951999322033336,0.09377401998462721,1224,2679,3903,0.4,Skenario 3 - Tambah Petugas,596
0.005130692381094867,0.008542765538652299,0.059400826446280995,1199,2672,3871,0.4,Skenario 3 - Tambah Petugas,597
0.006237892969965414,0.010184057206329443,0.07616834495223342,1186,2686,3872,0.4,Skenario 3 - Tambah Petugas,598
0.005264110442939718,0.006573854396782028,0.04908946951702296,1182,2604,3786,0.4,Skenario 3 - Tambah Petugas,599
0.004484205540708979,0.006672009983384745,0.04156800841883715,1162,2635,3797,0.4,Skenario 3 - Tambah Petugas,600
0.005516523268938208,0.01005174634942308,0.06901008012406307,1203,2665,3868,0.4,Skenario 3 - Tambah Petugas,601
0.006083501616670373,0.008310239898215983,0.06515506906437321,1119,2717,3836,0.4,Skenario 3 - Tambah Petugas,602
0.00591989451208257,0.01224268283847119,0.0980699008868023,1179,2655,3834,0.4,Skenario 3 - Tambah Petugas,603
0.004884863904018289,0.011895590872860887,0.09223429631592897,1115,2654,3769,0.4,Skenario 3 - Tambah Petugas,604
0.0031657586843242694,0.005676900816572519,0.033962264150943396,1149,2824,3973,0.4,Skenario 3 - Tambah Petugas,605
0.00541543378036814,0.0079905237093692,0.051181102362204724,1148,2661,3809,0.4,Skenario 3 - Tambah Petugas,606
0.006079573639918609,0.008212914542934978,0.05806451612903226,1126,2745,3871,0.4,Skenario 3 - Tambah Petugas,607
0.0054319710491120676,0.011451941097823298,0.09388480081197666,1173,2766,3939,0.4,Skenario 3 - Tambah Petugas,608
0.005386826993638092,0.007884428628895431,0.06628689798032107,1093,2767,3860,0.4,Skenario 3 - Tambah Petugas,609
0.0035598136083675016,0.00888117126095238,0.0615009482525061,1127,2564,3691,0.4,Skenario 3 - Tambah Petugas,610
0.005985521865117755,0.007218122377442996,0.05438373570520966,1170,2764,3934,0.4,Skenario 3 - Tambah Petugas,611
0.004643466412720033,0.007478791457280713,0.04655975168132437,1190,2676,3866,0.4,Skenario 3 - Tambah Petugas,612
0.0065091640063020765,0.010477502405391819,0.07545691906005222,1150,2679,3829,0.4,Skenario 3 - Tambah Petugas,613
0.005842060757015625,0.010702918500999095,0.07793856308707794,1179,2758,3937,0.4,Skenario 3 - Tambah Petugas,614
0.0035344025948035873,0.007097090219321925,0.04515474378488077,1226,2715,3941,0.4,Skenario 3 - Tambah Petugas,615
0.006431720261632971,0.009407257711489782,0.07094240837696335,1140,2676,3816,0.4,Skenario 3 - Tambah Petugas,616
0.004887646377568184,0.00739769676663007,0.05041124966834704,1113,2654,3767,0.4,Skenario 3 - Tambah Petugas,617
0.0048953074901848,0.008568550019746289,0.051106427818756586,1174,2621,3795,0.4,Skenario 3 - Tambah Petugas,618
0.005040777680210094,0.009875466561777886,0.07032854209445585,1209,2685,3894,0.4,Skenario 3 - Tambah Petugas,619
0.007070656401976564,0.014212996466714894,0.09868590569440866,1182,2696,3878,0.4,Skenario 3 - Tambah Petugas,620
0.0047409441042288065,0.00788756897619916,0.054844606946983544,1157,2671,3828,0.4,Skenario 3 - Tambah Petugas,621
0.00535012259668291,0.009196452185533591,0.0685882038964505,1114,2632,3746,0.4,Skenario 3 - Tambah Petugas,622
0.0048046917370247405,0.01416410264739084,0.10481804202972834,1210,2691,3901,0.4,Skenario 3 - Tambah Petugas,623
0.005966428326670866,0.007987950724231486,0.059862869198312234,1167,2625,3792,0.4,Skenario 3 - Tambah Petugas,624
0.007256351756634993,0.009083236215505594,0.07114308553157474,1115,2636,3751,0.4,Skenario 3 - Tambah Petugas,625
0.005282155867197527,0.007403379565907538,0.05554086220576567,1179,2600,3779,0.4,Skenario 3 - Tambah Petugas,626
0.006316007370511304,0.007720241701691666,0.05635272632402818,1161,2671,3832,0.4,Skenario 3 - Tambah Petugas,627
0.005131010026374101,0.00869339237722621,0.07063676205207528,1121,2758,3879,0.4,Skenario 3 - Tambah Petugas,628
0.00486375265343943,0.007685522657792607,0.04717948717948718,1205,2694,3899,0.4,Skenario 3 - Tambah Petugas,629
0.0042452580151208456,0.007120155319788098,0.045659676134855325,1155,2611,3766,0.4,Skenario 3 - Tambah Petugas,630
0.004656208654431655,0.009544839060652807,0.05633047210300429,1127,2601,3728,0.4,Skenario 3 - Tambah Petugas,631
0.005118402698761369,0.009188732795230132,0.0729030572249804,1129,2697,3826,0.4,Skenario 3 - Tambah Petugas,632
0.004874495142193524,0.0061191140137950096,0.041941440253231335,1095,2694,3789,0.4,Skenario 3 - Tambah Petugas,633
0.005281363539004021,0.008743821805463861,0.059627002889414235,1135,2669,3804,0.4,Skenario 3 - Tambah Petugas,634
0.0056042603020517645,0.009636333417179526,0.08175937904269082,1134,2729,3863,0.4,Skenario 3 - Tambah Petugas,635
0.005385787426520067,0.009459832343251788,0.06603288797533402,1185,2706,3891,0.4,Skenario 3 - Tambah Petugas,636
0.005669651419944438,0.011820820872410388,0.09009698825931597,1243,2671,3914,0.4,Skenario 3 - Tambah Petugas,637
0.004675469058130556,0.006329301455481533,0.04825806451612903,1191,2681,3872,0.4,Skenario 3 - Tambah Petugas,638
0.004243322374560899,0.005361561814742522,0.036935704514363885,1063,2591,3654,0.4,Skenario 3 - Tambah Petugas,639
0.0046798675090223,0.007999121414494161,0.046169989506820566,1176,2635,3811,0.4,Skenario 3 - Tambah Petugas,640
0.0027312601564308835,0.005737551114518712,0.03382663847780127,1123,2660,3783,0.4,Skenario 3 - Tambah Petugas,641
0.004157610313427604,0.006136018008852831,0.03813450141716052,1180,2699,3879,0.4,Skenario 3 - Tambah Petugas,642
0.004811079236165812,0.008634179204085083,0.0646921278254092,1148,2700,3848,0.4,Skenario 3 - Tambah Petugas,643
0.003484292995564577,0.009568546071329353,0.0603492552645095,1165,2725,3890,0.4,Skenario 3 - Tambah Petugas,644
0.0051619946986145165,0.01091799168781958,0.06944797761383872,1171,2758,3929,0.4,Skenario 3 - Tambah Petugas,645
0.004842799708804043,0.007044982519363437,0.047125841532884516,1170,2690,3860,0.4,Skenario 3 - Tambah Petugas,646
0.00604121694239152,0.010495884065145764,0.07873183619550858,1118,2665,3783,0.4,Skenario 3 - Tambah Petugas,647
0.004930992641835108,0.011242790166831659,0.07290867229470453,1208,2700,3908,0.4,Skenario 3 - Tambah Petugas,648
0.004036952653418071,0.007511538582272082,0.047924141465914914,1126,2776,3902,0.4,Skenario 3 - Tambah Petugas,649
0.006803758247645628,0.007814814337466915,0.05471599791558103,1176,2661,3837,0.4,Skenario 3 - Tambah Petugas,650
0.003330588103210186,0.005830926294456247,0.04052216480826761,1115,2559,3674,0.4,Skenario 3 - Tambah Petugas,651
0.004362284397791549,0.008190326705692032,0.060613876708795464,1137,2740,3877,0.4,Skenario 3 - Tambah Petugas,652
0.005016908309744313,0.009031862857122661,0.0660676532769556,1093,2690,3783,0.4,Skenario 3 - Tambah Petugas,653
0.004851636476434773,0.008162455018324856,0.05178663904712584,1215,2647,3862,0.4,Skenario 3 - Tambah Petugas,654
0.004522393316416899,0.009545012553587879,0.06762778505897772,1146,2666,3812,0.4,Skenario 3 - Tambah Petugas,655
0.004453639691827256,0.0049657947053951094,0.03530661003451022,1114,2650,3764,0.4,Skenario 3 - Tambah Petugas,656
0.005005691052154298,0.008175145642753805,0.058224543080939946,1165,2662,3827,0.4,Skenario 3 - Tambah Petugas,657
0.005028049728572952,0.008323275413126871,0.06258182770358732,1174,2642,3816,0.4,Skenario 3 - Tambah Petugas,658
0.003922684820536384,0.004841715227193915,0.03549829082303445,1182,2621,3803,0.4,Skenario 3 - Tambah Petugas,659
0.006603595960111148,0.008094494096949947,0.06808731808731809,1159,2688,3847,0.4,Skenario 3 - Tambah Petugas,660
0.006845887202066253,0.007876077347009566,0.04939884997386304,1120,2706,3826,0.4,Skenario 3 - Tambah Petugas,661
0.006038276614931712,0.013044265998168304,0.09720785935884178,1177,2689,3866,0.4,Skenario 3 - Tambah Petugas,662
0.006923620270051176,0.0092711573582782,0.05723651033787191,1218,2747,3965,0.4,Skenario 3 - Tambah Petugas,663
0.005330190605626406,0.010096438150505295,0.0720580611715915,1147,2709,3856,0.4,Skenario 3 - Tambah Petugas,664
0.004998313416223813,0.008531933244791585,0.0622568093385214,1137,2715,3852,0.4,Skenario 3 - Tambah Petugas,665
0.00509398285474826,0.01052467917584793,0.06265790803436079,1168,2787,3955,0.4,Skenario 3 - Tambah Petugas,666
0.005253401249712662,0.008573899582088207,0.05970535021969501,1171,2697,3868,0.4,Skenario 3 - Tambah Petugas,667
0.0051082672753613315,0.008702832783509246,0.06056018168054504,1204,2759,3963,0.4,Skenario 3 - Tambah Petugas,668
0.005406574548922195,0.009960765852413204,0.06735069718495133,1115,2683,3798,0.4,Skenario 3 - Tambah Petugas,669
0.003430346377414171,0.006636763430331197,0.04015748031496063,1150,2660,3810,0.4,Skenario 3 - Tambah Petugas,670
0.003734912783741956,0.005950351204796128,0.03592659601964332,1199,2666,3865,0.4,Skenario 3 - Tambah Petugas,671
0.003512525532431604,0.006913450015367217,0.04521276595744681,1126,2633,3759,0.4,Skenario 3 - Tambah Petugas,672
0.004765520840942096,0.007055894769550698,0.044642857142857144,1145,2662,3807,0.4,Skenario 3 - Tambah Petugas,673
0.003603559443220171,0.005857087429942814,0.037347560975609755,1189,2745,3934,0.4,Skenario 3 - Tambah Petugas,674
0.005641319235946192,0.010190057898981211,0.07661085743277524,1144,2795,3939,0.4,Skenario 3 - Tambah Petugas,675
0.00422086162055519,0.009187411946032639,0.0585480093676815,1147,2694,3841,0.4,Skenario 3 - Tambah Petugas,676
0.006457808356075623,0.010142383428677404,0.08256396729095225,1200,2589,3789,0.4,Skenario 3 - Tambah Petugas,677
0.005693394293899533,0.013940422414365114,0.10673575129533679,1175,2685,3860,0.4,Skenario 3 - Tambah Petugas,678
0.006153305997983931,0.009326836348319063,0.06788710907704043,1166,2766,3932,0.4,Skenario 3 - Tambah Petugas,679
0.004776431160985409,0.00886390138819155,0.060005217845030004,1174,2658,3832,0.4,Skenario 3 - Tambah Petugas,680
0.00547978898841469,0.010730680814554033,0.0749083289680461,1099,2717,3816,0.4,Skenario 3 - Tambah Petugas,681
0.0049349371202941274,0.009496053447995083,0.06940473095918898,1143,2704,3847,0.4,Skenario 3 - Tambah Petugas,682
0.0036938996203314165,0.0058407242558060285,0.038502673796791446,1123,2615,3738,0.4,Skenario 3 - Tambah Petugas,683
0.005250671831530648,0.009116085477957458,0.06670074111934578,1197,2716,3913,0.4,Skenario 3 - Tambah Petugas,684
0.004784450946265504,0.00858822745969819,0.06794110049082924,1157,2713,3870,0.4,Skenario 3 - Tambah Petugas,685
0.003862628266186588,0.0065746865847036194,0.040916109109624295,1166,2718,3884,0.4,Skenario 3 - Tambah Petugas,686
0.0056159962689262275,0.008637184385455153,0.06829524560021014,1140,2664,3804,0.4,Skenario 3 - Tambah Petugas,687
0.005922081458334523,0.011051114696962828,0.07910181168665475,1172,2744,3916,0.4,Skenario 3 - Tambah Petugas,688
0.003566480916570423,0.005535082579231153,0.028858541612986344,1161,2717,3878,0.4,Skenario 3 - Tambah Petugas,689
0.0056479908326095,0.0077860552840824555,0.05174611266887586,1139,2781,3920,0.4,Skenario 3 - Tambah Petugas,690
0.005276319620283018,0.0065883508836331,0.0443441317047265,1146,2619,3765,0.4,Skenario 3 - Tambah Petugas,691
0.004602856029240117,0.009850355738530176,0.07705912076806468,1166,2790,3956,0.4,Skenario 3 - Tambah Petugas,692
0.005496907418192895,0.007835115415856204,0.05006587615283267,1122,2672,3794,0.4,Skenario 3 - Tambah Petugas,693
0.006772672349236773,0.008961845367344248,0.06944811196197517,1156,2629,3785,0.4,Skenario 3 - Tambah Petugas,694
0.006100200711280751,0.010704509392923596,0.07832699619771863,1232,2713,3945,0.4,Skenario 3 - Tambah Petugas,695
0.004826223402098042,0.007952264711711256,0.047991653625456446,1139,2693,3832,0.4,Skenario 3 - Tambah Petugas,696
0.006898259618453555,0.007580127194174337,0.05874639391555206,1156,2655,3811,0.4,Skenario 3 - Tambah Petugas,697
0.005929036886646805,0.012904563381629333,0.09573633272299241,1191,2631,3822,0.4,Skenario 3 - Tambah Petugas,698
0.00596866146942165,0.010587782195362936,0.07080350039777247,1103,2666,3769,0.4,Skenario 3 - Tambah Petugas,699
0.0027842730680103624,0.0063551364948681785,0.038296732726298875,1153,2581,3734,0.4,Skenario 3 - Tambah Petugas,700
0.006095952703510404,0.012942543402518063,0.09385446130110568,1186,2701,3887,0.4,Skenario 3 - Tambah Petugas,701
0.005054597922337121,0.00703227197263704,0.05721128259712613,1120,2637,3757,0.4,Skenario 3 - Tambah Petugas,702
0.007112950406441836,0.009725945598015696,0.07574578469520103,1088,2764,3852,0.4,Skenario 3 - Tambah Petugas,703
0.0037696432947143354,0.007137734118833787,0.04293665518155314,1131,2640,3771,0.4,Skenario 3 - Tambah Petugas,704
0.0062875697170408345,0.013734849758019746,0.11122607346094154,1180,2686,3866,0.4,Skenario 3 - Tambah Petugas,705
0.0052516343520730225,0.008485329270245923,0.055311449987076766,1150,2718,3868,0.4,Skenario 3 - Tambah Petugas,706
0.003980999245984262,0.010292510323656405,0.0696479054227705,1158,2733,3891,0.4,Skenario 3 - Tambah Petugas,707
0.003910286598755387,0.011838154951398096,0.08382315359059545,1154,2758,3912,0.4,Skenario 3 - Tambah Petugas,708
0.005704436671018737,0.007961410073418477,0.05248190279214064,1149,2718,3867,0.4,Skenario 3 - Tambah Petugas,709
0.007015358673815866,0.013511187377009778,0.10416128198500904,1117,2750,3867,0.4,Skenario 3 - Tambah Petugas,710
0.00302029624209809,0.006832920966817082,0.04117800364868387,1150,2686,3836,0.4,Skenario 3 - Tambah Petugas,711
0.004334731658600603,0.006856165852211854,0.041407867494824016,1135,2728,3863,0.4,Skenario 3 - Tambah Petugas,712
0.005221824751010003,0.008405838893014444,0.06404072883172561,1160,2568,3728,0.4,Skenario 3 - Tambah Petugas,713
0.005439954146793527,0.011164024741519238,0.07698269181090157,1164,2705,3869,0.4,Skenario 3 - Tambah Petugas,714
0.0060305030859580016,0.00802672165101812,0.06881214024071167,1182,2638,3820,0.4,Skenario 3 - Tambah Petugas,715
0.005203952888491391,0.009178968620712087,0.06368421052631579,1179,2620,3799,0.4,Skenario 3 - Tambah Petugas,716
0.0028224695338877307,0.0075375054503180145,0.05003909304143862,1152,2685,3837,0.4,Skenario 3 - Tambah Petugas,717
0.0029873869093325796,0.005947603673776896,0.03666578739118966,1184,2607,3791,0.4,Skenario 3 - Tambah Petugas,718
0.005021537984587823,0.007571656446643414,0.06004250797024442,1078,2684,3762,0.4,Skenario 3 - Tambah Petugas,719
0.004747380201001715,0.008254440586831007,0.057308096740273394,1118,2685,3803,0.4,Skenario 3 - Tambah Petugas,720
0.0060415786150210555,0.00559719204451205,0.03552123552123552,1088,2795,3883,0.4,Skenario 3 - Tambah Petugas,721
0.00421360663593792,0.008500201243403666,0.05702647657841141,1183,2742,3925,0.4,Skenario 3 - Tambah Petugas,722
0.005179676300959415,0.00903782635084847,0.061208875286916604,1177,2744,3921,0.4,Skenario 3 - Tambah Petugas,723
0.004393256946363087,0.008170929634066468,0.04563233376792699,1160,2674,3834,0.4,Skenario 3 - Tambah Petugas,724
0.004781226463062508,0.008158277833583064,0.05417837975977511,1171,2739,3910,0.4,Skenario 3 - Tambah Petugas,725
0.00764769916388673,0.012010724810598186,0.0988253319713994,1134,2781,3915,0.4,Skenario 3 - Tambah Petugas,726
0.0038086103397903435,0.007392405689882322,0.04576719576719577,1178,2602,3780,0.4,Skenario 3 - Tambah Petugas,727
0.006263203286521006,0.00908827706651486,0.05890191897654584,1185,2565,3750,0.4,Skenario 3 - Tambah Petugas,728
0.004591827218028307,0.006894439251015177,0.03997853501475718,1144,2581,3725,0.4,Skenario 3 - Tambah Petugas,729
0.0030640244343530807,0.007186006289751496,0.03700807922856398,1154,2681,3835,0.4,Skenario 3 - Tambah Petugas,730
0.0049178918778196015,0.00867188658189271,0.05886889460154242,1194,2695,3889,0.4,Skenario 3 - Tambah Petugas,731
0.005884911234205142,0.011078278069339437,0.07877066115702479,1154,2718,3872,0.4,Skenario 3 - Tambah Petugas,732
0.0041804107174683545,0.008682271925137453,0.0686431623931624,1108,2635,3743,0.4,Skenario 3 - Tambah Petugas,733
0.006559414139509076,0.012089145963963082,0.09412690089145255,1154,2658,3812,0.4,Skenario 3 - Tambah Petugas,734
0.005365363286684659,0.006898044439520903,0.05010493179433368,1159,2652,3811,0.4,Skenario 3 - Tambah Petugas,735
0.005181273304895001,0.009629607647572619,0.066938152201578,1173,2755,3928,0.4,Skenario 3 - Tambah Petugas,736
0.005084333308406453,0.009605958799837982,0.06926293779404077,1112,2713,3825,0.4,Skenario 3 - Tambah Petugas,737
0.004352974296642763,0.007035557222108067,0.05025773195876289,1126,2751,3877,0.4,Skenario 3 - Tambah Petugas,738
0.005832723418414728,0.012535475483379698,0.0892811460731645,1176,2731,3907,0.4,Skenario 3 - Tambah Petugas,739
0.004732198856829284,0.008214467377020862,0.05577583928099392,1116,2665,3781,0.4,Skenario 3 - Tambah Petugas,740
0.005399601173007664,0.00873629537913363,0.06551009839461419,1170,2688,3858,0.4,Skenario 3 - Tambah Petugas,741
0.003441832556497396,0.007335183615763778,0.04735449735449736,1084,2694,3778,0.4,Skenario 3 - Tambah Petugas,742
0.004262760382600577,0.011251564933442126,0.07672301690507152,1154,2690,3844,0.4,Skenario 3 - Tambah Petugas,743
0.005174624544748142,0.010165703361153505,0.06693919264179868,1161,2751,3912,0.4,Skenario 3 - Tambah Petugas,744
0.005437148518914609,0.009370737924148772,0.06447402766901593,1159,2668,3827,0.4,Skenario 3 - Tambah Petugas,745
0.005084630793187846,0.011124200576374841,0.07426778242677824,1143,2680,3823,0.4,Skenario 3 - Tambah Petugas,746
0.004521230775659883,0.007700111219929969,0.05260443527591542,1131,2747,3878,0.4,Skenario 3 - Tambah Petugas,747
0.005306859562304288,0.007636590530835346,0.05620915032679739,1154,2670,3824,0.4,Skenario 3 - Tambah Petugas,748
0.004762418905373975,0.008879900946825312,0.05801248699271592,1156,2688,3844,0.4,Skenario 3 - Tambah Petugas,749
0.004224463703520806,0.0071509727056824485,0.053732133403917415,1133,2645,3778,0.4,Skenario 3 - Tambah Petugas,750
0.003892122441213901,0.00962241318306483,0.06546886537041595,1199,2862,4061,0.4,Skenario 3 - Tambah Petugas,751
0.0055947891465617195,0.013151160045536962,0.09919028340080972,1228,2723,3951,0.4,Skenario 3 - Tambah Petugas,752
0.008902055268538045,0.014081813873913957,0.11837048424289008,1184,2718,3902,0.4,Skenario 3 - Tambah Petugas,753
0.003869200659181066,0.004731898843713009,0.03084286094123903,1098,2659,3757,0.4,Skenario 3 - Tambah Petugas,754
0.004668748959670544,0.008298641182180468,0.05475285171102662,1218,2726,3944,0.4,Skenario 3 - Tambah Petugas,755
0.0060238625955110325,0.010209460903469582,0.07448741240591747,1120,2729,3849,0.4,Skenario 3 - Tambah Petugas,756
0.00394757442395178,0.007086933262969944,0.04083245521601686,1187,2605,3792,0.4,Skenario 3 - Tambah Petugas,757
0.004794128318500943,0.006425878548242599,0.04425486536923487,1149,2601,3750,0.4,Skenario 3 - Tambah Petugas,758
0.005666193398300667,0.01106783026710209,0.0728976828950794,1122,2717,3839,0.4,Skenario 3 - Tambah Petugas,759
0.004554430784344197,0.008094981828301396,0.05625481633701516,1160,2733,3893,0.4,Skenario 3 - Tambah Petugas,760
0.005221766538740163,0.00888256481759024,0.0588703261734288,1113,2657,3770,0.4,Skenario 3 - Tambah Petugas,761
0.005501054137463165,0.00835753499805006,0.05640203154236835,1128,2611,3739,0.4,Skenario 3 - Tambah Petugas,762
0.004750433969463004,0.006815764415347634,0.0436241610738255,1146,2727,3873,0.4,Skenario 3 - Tambah Petugas,763
0.005132054083693458,0.008049554858789734,0.05673027333677153,1102,2773,3875,0.4,Skenario 3 - Tambah Petugas,764
0.0071215721017999925,0.008893428506109708,0.07420956362686178,1128,2697,3825,0.4,Skenario 3 - Tambah Petugas,765
0.004792600511966626,0.00959514872917205,0.06664896441848114,1167,2596,3763,0.4,Skenario 3 - Tambah Petugas,766
0.00454510085251016,0.00790333634508449,0.05676297622091537,1160,2751,3911,0.4,Skenario 3 - Tambah Petugas,767
0.005513287590841099,0.0064196483390225175,0.04529981670594396,1144,2675,3819,0.4,Skenario 3 - Tambah Petugas,768
0.005115144170804941,0.008774659814908641,0.05723455469376839,1126,2611,3737,0.4,Skenario 3 - Tambah Petugas,769
0.004767788396562014,0.007988938149663288,0.05414685684099313,1113,2669,3782,0.4,Skenario 3 - Tambah Petugas,770
0.006479522982835539,0.011046849690922074,0.08391070053887606,1151,2742,3893,0.4,Skenario 3 - Tambah Petugas,771
0.007319527844061371,0.011015835763630102,0.07866323907455013,1178,2710,3888,0.4,Skenario 3 - Tambah Petugas,772
0.005062577470244083,0.007479634402070113,0.05267156242086604,1223,2725,3948,0.4,Skenario 3 - Tambah Petugas,773
0.0038405516682531626,0.007119461755959487,0.041905257678292555,1111,2731,3842,0.4,Skenario 3 - Tambah Petugas,774
0.005263332593905438,0.009333866614015765,0.06007702182284981,1184,2707,3891,0.4,Skenario 3 - Tambah Petugas,775
0.006121975378383513,0.01118613904389993,0.08320687910976227,1184,2769,3953,0.4,Skenario 3 - Tambah Petugas,776
0.004589107185467282,0.006893039397437345,0.04240189623386884,1111,2684,3795,0.4,Skenario 3 - Tambah Petugas,777
0.005775436722219101,0.012167980821603338,0.09167323351720515,1153,2653,3806,0.4,Skenario 3 - Tambah Petugas,778
0.0053090316320230915,0.011157367732407272,0.08210631395058647,1212,2791,4003,0.4,Skenario 3 - Tambah Petugas,779
0.005105007370098667,0.0074188714823831756,0.04822732012513034,1095,2740,3835,0.4,Skenario 3 - Tambah Petugas,780
0.005999221070268654,0.006357436513805848,0.042518837459634015,1113,2601,3714,0.4,Skenario 3 - Tambah Petugas,781
0.003785502399893681,0.006354602267929106,0.04385739933316235,1162,2736,3898,0.4,Skenario 3 - Tambah Petugas,782
0.004604308352940137,0.007161245354473937,0.049933949801849405,1084,2699,3783,0.4,Skenario 3 - Tambah Petugas,783
0.0062619234981906415,0.00837712787415464,0.07213541666666666,1120,2719,3839,0.4,Skenario 3 - Tambah Petugas,784
0.004171465548634434,0.006428971622904651,0.03962214641826292,1100,2709,3809,0.4,Skenario 3 - Tambah Petugas,785
0.005780061115653445,0.007215452090722315,0.051470588235294115,1187,2756,3943,0.4,Skenario 3 - Tambah Petugas,786
0.005266069612460854,0.00587127114310331,0.04185311924190577,1195,2603,3798,0.4,Skenario 3 - Tambah Petugas,787
0.006144681235113076,0.012713070641736676,0.09366250954441334,1168,2760,3928,0.4,Skenario 3 - Tambah Petugas,788
0.004311791892079065,0.006951918231078234,0.05385656292286874,1099,2594,3693,0.4,Skenario 3 - Tambah Petugas,789
0.006120598805992794,0.010231955383832012,0.08256880733944955,1158,2765,3923,0.4,Skenario 3 - Tambah Petugas,790
0.004894418640664563,0.009536985013413365,0.07616834495223342,1202,2670,3872,0.4,Skenario 3 - Tambah Petugas,791
0.0036673959932257407,0.007405675201979896,0.04667535853976532,1143,2692,3835,0.4,Skenario 3 - Tambah Petugas,792
0.0030363823519905836,0.005544020251005471,0.03644586326150572,1150,2606,3756,0.4,Skenario 3 - Tambah Petugas,793
0.004063166326188453,0.01017753562455187,0.07676348547717843,1169,2686,3855,0.4,Skenario 3 - Tambah Petugas,794
0.004493639033035452,0.008817638626109129,0.06337848198313314,1188,2721,3909,0.4,Skenario 3 - Tambah Petugas,795
0.005395189099545925,0.008845548087546501,0.06715661429295489,1198,2745,3943,0.4,Skenario 3 - Tambah Petugas,796
0.005399636764601016,0.00812896829535214,0.06101956745623069,1182,2700,3882,0.4,Skenario 3 - Tambah Petugas,797
0.004885238174761095,0.010776496478368135,0.07747562852744998,1118,2779,3897,0.4,Skenario 3 - Tambah Petugas,798
0.0033381608020997123,0.00652257642385452,0.03940252382178728,1157,2724,3881,0.4,Skenario 3 - Tambah Petugas,799
0.005997931767040265,0.008609638616685508,0.06642066420664207,1153,2641,3794,0.4,Skenario 3 - Tambah Petugas,800
0.004084405179480703,0.008406831178759957,0.06604264170566823,1134,2708,3842,0.4,Skenario 3 - Tambah Petugas,801
0.005440137721173746,0.010558359303752755,0.07714740190880169,1133,2637,3770,0.4,Skenario 3 - Tambah Petugas,802
0.005398139915655589,0.009155815545761697,0.060199789695057834,1146,2658,3804,0.4,Skenario 3 - Tambah Petugas,803
0.0037344300306407356,0.006321939847930602,0.042221084953940634,1164,2743,3907,0.4,Skenario 3 - Tambah Petugas,804
0.003109756831991089,0.004480618274072198,0.030982905982905984,1114,2629,3743,0.4,Skenario 3 - Tambah Petugas,805
0.00408551446527021,0.009468182970838002,0.059487179487179485,1207,2692,3899,0.4,Skenario 3 - Tambah Petugas,806
0.0054136913991134515,0.00785257371113014,0.052099533437014,1132,2725,3857,0.4,Skenario 3 - Tambah Petugas,807
0.005155622309030251,0.006967282426901331,0.049150797735460626,1136,2749,3885,0.4,Skenario 3 - Tambah Petugas,808
0.003717511408647894,0.005550756231014615,0.03218210361067504,1167,2651,3818,0.4,Skenario 3 - Tambah Petugas,809
0.005898382938187281,0.012025215566006837,0.09683281412253375,1161,2690,3851,0.4,Skenario 3 - Tambah Petugas,810
0.004096003195017042,0.00888819551571648,0.06423206423206423,1167,2691,3858,0.4,Skenario 3 - Tambah Petugas,811
0.0031633497007337473,0.006181874685938868,0.040471723398552664,1066,2664,3730,0.4,Skenario 3 - Tambah Petugas,812
0.005063567151213428,0.006504934382693748,0.04741046122133471,1176,2701,3877,0.4,Skenario 3 - Tambah Petugas,813
0.004268836726839347,0.005508507212734496,0.030318870883429168,1140,2685,3825,0.4,Skenario 3 - Tambah Petugas,814
0.006852344500312536,0.015061091946686733,0.11891337775499744,1166,2735,3901,0.4,Skenario 3 - Tambah Petugas,815
0.005108383126428851,0.009222311472231109,0.06925064599483204,1178,2691,3869,0.4,Skenario 3 - Tambah Petugas,816
0.0034473297451067314,0.007097366912718358,0.04416820946839461,1108,2673,3781,0.4,Skenario 3 - Tambah Petugas,817
0.0052830031824145675,0.007459627043890784,0.04927536231884058,1150,2643,3793,0.4,Skenario 3 - Tambah Petugas,818
0.006536071377997461,0.007556486089278527,0.06145107152078492,1174,2697,3871,0.4,Skenario 3 - Tambah Petugas,819
0.004710020595992368,0.007370906489091195,0.047160243407707914,1224,2717,3941,0.4,Skenario 3 - Tambah Petugas,820
0.005002896199933252,0.010309464460647256,0.07007186858316222,1218,2677,3895,0.4,Skenario 3 - Tambah Petugas,821
0.0032988506086405354,0.006316931348971114,0.04432576769025367,1123,2620,3743,0.4,Skenario 3 - Tambah Petugas,822
0.0058210969216354195,0.009311850613357589,0.06753585397653195,1118,2715,3833,0.4,Skenario 3 - Tambah Petugas,823
0.00746826243729261,0.008798785408266169,0.06596238082968307,1164,2715,3879,0.4,Skenario 3 - Tambah Petugas,824
0.005015922612859647,0.009207667751767882,0.0695201037613489,1182,2671,3853,0.4,Skenario 3 - Tambah Petugas,825
0.004537801792828862,0.007606115577491121,0.05683563748079877,1152,2750,3902,0.4,Skenario 3 - Tambah Petugas,826
0.0038528990522173606,0.007227973409819548,0.04895104895104895,1127,2734,3861,0.4,Skenario 3 - Tambah Petugas,827
0.007232501369883237,0.007969428455017467,0.05942102590147283,1209,2729,3938,0.4,Skenario 3 - Tambah Petugas,828
0.0032257593371355408,0.004671900573993691,0.028223718280683582,1183,2678,3861,0.4,Skenario 3 - Tambah Petugas,829
0.006223231545910334,0.009769866599584025,0.06661337596589395,1106,2646,3752,0.4,Skenario 3 - Tambah Petugas,830
0.00474913075175075,0.00686220254711513,0.04154983431047667,1183,2736,3919,0.4,Skenario 3 - Tambah Petugas,831
0.0026110981106635674,0.005462834636557649,0.03084286094123903,1108,2651,3759,0.4,Skenario 3 - Tambah Petugas,832
0.0040297688003721075,0.00877045694214771,0.057637632463168775,1140,2729,3869,0.4,Skenario 3 - Tambah Petugas,833
0.0038275685512858685,0.00771984879048885,0.055824624012235535,1193,2726,3919,0.4,Skenario 3 - Tambah Petugas,834
0.004695008805023131,0.007772294045140359,0.05448717948717949,1118,2624,3742,0.4,Skenario 3 - Tambah Petugas,835
0.005109855828293753,0.009206252491721202,0.055860088749673714,1166,2663,3829,0.4,Skenario 3 - Tambah Petugas,836
0.006498331666949994,0.016693543550436816,0.1260547174635643,1158,2752,3910,0.4,Skenario 3 - Tambah Petugas,837
0.004032875961189088,0.009142332010448955,0.07251707829742512,1149,2655,3804,0.4,Skenario 3 - Tambah Petugas,838
0.005082712058347897,0.01003967040815089,0.0688836104513064,1130,2658,3788,0.4,Skenario 3 - Tambah Petugas,839
0.0068139621235123815,0.006935921019118019,0.04870546013842605,1211,2687,3898,0.4,Skenario 3 - Tambah Petugas,840
0.005912639975842096,0.010470163920757522,0.07203389830508475,1163,2609,3772,0.4,Skenario 3 - Tambah Petugas,841
0.005681003373316411,0.010613586243372893,0.07170196478693544,1186,2730,3916,0.4,Skenario 3 - Tambah Petugas,842
0.004238289486787473,0.006257565527851817,0.0431413071557737,1154,2716,3870,0.4,Skenario 3 - Tambah Petugas,843
0.004998281824413854,0.009148883806291272,0.06116207951070336,1171,2750,3921,0.4,Skenario 3 - Tambah Petugas,844
0.00469147922775724,0.008866930587393608,0.05735140771637122,1152,2683,3835,0.4,Skenario 3 - Tambah Petugas,845
0.004086693556869902,0.0060510943727829,0.03506493506493506,1161,2689,3850,0.4,Skenario 3 - Tambah Petugas,846
0.006930187751129014,0.009726889185478923,0.0676730869338886,1173,2666,3839,0.4,Skenario 3 - Tambah Petugas,847
0.004246576254791599,0.009065261593725314,0.061329227610982806,1136,2760,3896,0.4,Skenario 3 - Tambah Petugas,848
0.004978157639880555,0.007189889548098549,0.04229447528416601,1172,2609,3781,0.4,Skenario 3 - Tambah Petugas,849
0.005565251134001267,0.007514008817089751,0.05065569555155567,1131,2754,3885,0.4,Skenario 3 - Tambah Petugas,850
0.00673751270651507,0.011145963267688548,0.0836317135549872,1191,2719,3910,0.4,Skenario 3 - Tambah Petugas,851
0.005234576160097775,0.008208133608943464,0.06170268159333507,1112,2727,3839,0.4,Skenario 3 - Tambah Petugas,852
0.0051135241514357645,0.006765568300914289,0.05161290322580645,1167,2706,3873,0.4,Skenario 3 - Tambah Petugas,853
0.0053756209382734175,0.008085694809619822,0.056860651361452214,1105,2640,3745,0.4,Skenario 3 - Tambah Petugas,854
0.008335380878206676,0.010489403115233118,0.07632195884344882,1195,2641,3836,0.4,Skenario 3 - Tambah Petugas,855
0.004501517997793119,0.008429436935713037,0.058475012879958786,1198,2683,3881,0.4,Skenario 3 - Tambah Petugas,856
0.005438673779054226,0.008249885584840227,0.057245080500894455,1146,2767,3913,0.4,Skenario 3 - Tambah Petugas,857
0.004828021305419925,0.007830795875983154,0.05507474429583006,1163,2648,3811,0.4,Skenario 3 - Tambah Petugas,858
0.006703539608855415,0.010950828149863189,0.07852729145211122,1185,2698,3883,0.4,Skenario 3 - Tambah Petugas,859
0.008813560589104817,0.010769739207848277,0.08108829021072286,1164,2584,3748,0.4,Skenario 3 - Tambah Petugas,860
0.004490384588319905,0.00571002791373303,0.042162441800310396,1124,2740,3864,0.4,Skenario 3 - Tambah Petugas,861
0.006611083087030063,0.00981365003811475,0.06760204081632654,1175,2743,3918,0.4,Skenario 3 - Tambah Petugas,862
0.006956123167715925,0.008661461405376093,0.059213884635017866,1153,2764,3917,0.4,Skenario 3 - Tambah Petugas,863
0.005450342758850497,0.009503607298969425,0.0679383328978312,1132,2694,3826,0.4,Skenario 3 - Tambah Petugas,864
0.0052413808718258835,0.008853992466839962,0.055915091897489,1175,2684,3859,0.4,Skenario 3 - Tambah Petugas,865
0.0048745157858654485,0.00849763736660444,0.05941913136157741,1118,2634,3752,0.4,Skenario 3 - Tambah Petugas,866
0.004642230882030776,0.006628272708735194,0.043274244004171014,1115,2718,3833,0.4,Skenario 3 - Tambah Petugas,867
0.005244387929025405,0.008230700627682821,0.05555555555555555,1150,2666,3816,0.4,Skenario 3 - Tambah Petugas,868
0.004540227102306311,0.008183272027703824,0.05989717223650386,1172,2714,3886,0.4,Skenario 3 - Tambah Petugas,869
0.0040588154782364785,0.006760415481550068,0.04457262716308338,1141,2673,3814,0.4,Skenario 3 - Tambah Petugas,870
0.007726455508178003,0.01501460527569495,0.11583803177857509,1156,2744,3900,0.4,Skenario 3 - Tambah Petugas,871
0.004892976237061553,0.010392325870305193,0.0728424386381631,1169,2620,3789,0.4,Skenario 3 - Tambah Petugas,872
0.00425559944399588,0.005106714513513835,0.029975695382122605,1095,2606,3701,0.4,Skenario 3 - Tambah Petugas,873
0.004228515785630099,0.0073896475186996415,0.05989445910290237,1093,2695,3788,0.4,Skenario 3 - Tambah Petugas,874
0.002797954843874991,0.007956458031946969,0.04608174954438948,1139,2702,3841,0.4,Skenario 3 - Tambah Petugas,875
0.003593909070112128,0.005246083665618214,0.03577064702788006,1125,2673,3798,0.4,Skenario 3 - Tambah Petugas,876
0.005131542132233781,0.009648657723457972,0.06891109942135717,1096,2704,3800,0.4,Skenario 3 - Tambah Petugas,877
0.0034251674506651482,0.005308731437958607,0.032532920216886134,1177,2695,3872,0.4,Skenario 3 - Tambah Petugas,878
0.0036949078716458274,0.006689787397156784,0.040625857809497665,1084,2557,3641,0.4,Skenario 3 - Tambah Petugas,879
0.004635018518333666,0.006593003346240631,0.039345128069712174,1147,2638,3785,0.4,Skenario 3 - Tambah Petugas,880
0.0038819285705016327,0.0069242003570014945,0.041276272474044064,1130,2818,3948,0.4,Skenario 3 - Tambah Petugas,881
0.004292736295595839,0.00914907542568061,0.06949023586101953,1144,2796,3940,0.4,Skenario 3 - Tambah Petugas,882
0.005106399466226632,0.009832205731897565,0.06828885400313972,1136,2684,3820,0.4,Skenario 3 - Tambah Petugas,883
0.004691480015977238,0.007134438152762361,0.053701772679874867,1134,2702,3836,0.4,Skenario 3 - Tambah Petugas,884
0.005297397192248858,0.009528671709152694,0.06513903192584963,1151,2730,3881,0.4,Skenario 3 - Tambah Petugas,885
0.004580439986769564,0.0062418665172808314,0.037846075692151385,1192,2744,3936,0.4,Skenario 3 - Tambah Petugas,886
0.005047890331760206,0.00962430103602636,0.07541753653444676,1157,2673,3830,0.4,Skenario 3 - Tambah Petugas,887
0.005878288564464367,0.006054604479203498,0.038053818972546886,1092,2585,3677,0.4,Skenario 3 - Tambah Petugas,888
0.004242918426564305,0.007349371871633995,0.04749679075738126,1146,2748,3894,0.4,Skenario 3 - Tambah Petugas,889
0.005161168510281208,0.006709038010956114,0.048717284270536405,1177,2681,3858,0.4,Skenario 3 - Tambah Petugas,890
0.004801329713496245,0.007171413822266403,0.04454170957775489,1160,2722,3882,0.4,Skenario 3 - Tambah Petugas,891
0.006446326784250477,0.011971065166060066,0.08738366080661841,1216,2652,3868,0.4,Skenario 3 - Tambah Petugas,892
0.004912635686939393,0.009147444573878623,0.06360332294911734,1125,2727,3852,0.4,Skenario 3 - Tambah Petugas,893
0.0035755568114674745,0.007554959750270104,0.045156208978734576,1113,2696,3809,0.4,Skenario 3 - Tambah Petugas,894
0.004616940975664506,0.007227655904075804,0.04463814051769678,1126,2658,3784,0.4,Skenario 3 - Tambah Petugas,895
0.0051627754234516545,0.0087747567482269,0.06413240237910525,1205,2660,3865,0.4,Skenario 3 - Tambah Petugas,896
0.005491780982726018,0.009781332543201932,0.06025369978858351,1196,2584,3780,0.4,Skenario 3 - Tambah Petugas,897
0.00391026866119296,0.008123912601407091,0.05454070981210856,1170,2661,3831,0.4,Skenario 3 - Tambah Petugas,898
0.006321266266899619,0.010238396800599282,0.08484221417485774,1214,2650,3864,0.4,Skenario 3 - Tambah Petugas,899
0.005266688513165426,0.011430281449223069,0.08311688311688312,1148,2702,3850,0.4,Skenario 3 - Tambah Petugas,900
0.004953311270844996,0.006906327125725379,0.04905268621853102,1136,2714,3850,0.4,Skenario 3 - Tambah Petugas,901
0.0060190155861703475,0.007209054470692466,0.05373288555928701,1166,2702,3868,0.4,Skenario 3 - Tambah Petugas,902
0.004657069724193681,0.006953098814905079,0.04503796805446452,1118,2700,3818,0.4,Skenario 3 - Tambah Petugas,903
0.005331450587710303,0.007806645905969541,0.05584826132771338,1175,2621,3796,0.4,Skenario 3 - Tambah Petugas,904
0.005193407228818271,0.010059828770596689,0.06479767257339328,1147,2634,3781,0.4,Skenario 3 - Tambah Petugas,905
0.004005239814286299,0.007509513316749891,0.05103120042305658,1105,2676,3781,0.4,Skenario 3 - Tambah Petugas,906
0.005585287047328033,0.011528371398025082,0.07939857557372725,1145,2644,3789,0.4,Skenario 3 - Tambah Petugas,907
0.0055710082744161275,0.00896331021240192,0.06888604353393085,1144,2759,3903,0.4,Skenario 3 - Tambah Petugas,908
0.0052232019477784905,0.010409592887958235,0.06798131811105346,1198,2656,3854,0.4,Skenario 3 - Tambah Petugas,909
0.006812924355044754,0.012542261641836791,0.10421052631578948,1161,2638,3799,0.4,Skenario 3 - Tambah Petugas,910
0.005675143867324301,0.01031520578182591,0.0812274368231047,1202,2674,3876,0.4,Skenario 3 - Tambah Petugas,911
0.00486677952278513,0.006387707261172448,0.04120525366984291,1114,2768,3882,0.4,Skenario 3 - Tambah Petugas,912
0.007097107740998254,0.011194040935853244,0.08283717318146518,1179,2680,3859,0.4,Skenario 3 - Tambah Petugas,913
0.003752591751923529,0.008690528526300855,0.05851344227727991,1112,2681,3793,0.4,Skenario 3 - Tambah Petugas,914
0.004273194948680241,0.009681255117348825,0.06414602346805737,1137,2698,3835,0.4,Skenario 3 - Tambah Petugas,915
0.006171086131091794,0.00920266684599658,0.06619009796134498,1137,2640,3777,0.4,Skenario 3 - Tambah Petugas,916
0.00614885570542593,0.011294677235958901,0.08385416666666666,1121,2719,3840,0.4,Skenario 3 - Tambah Petugas,917
0.007066783849401196,0.011695964491404082,0.09460536805740101,1078,2684,3762,0.4,Skenario 3 - Tambah Petugas,918
0.0048165742389451325,0.008705216823124149,0.056432824229873155,1212,2648,3860,0.4,Skenario 3 - Tambah Petugas,919
0.006195035892733727,0.008414055351660055,0.05679078489150817,1098,2631,3729,0.4,Skenario 3 - Tambah Petugas,920
0.006435160171909576,0.014665345325188737,0.10154815009183941,1136,2675,3811,0.4,Skenario 3 - Tambah Petugas,921
0.004568812375514647,0.009715312326861247,0.06317737245572297,1103,2679,3782,0.4,Skenario 3 - Tambah Petugas,922
0.006326461924637715,0.01135961031030156,0.08440031356153645,1168,2657,3825,0.4,Skenario 3 - Tambah Petugas,923
0.004823881792149919,0.009962035123628829,0.07345662933055483,1183,2655,3838,0.4,Skenario 3 - Tambah Petugas,924
0.004744713648224303,0.009378798854028543,0.06416837782340862,1142,2753,3895,0.4,Skenario 3 - Tambah Petugas,925
0.00622781529295578,0.009570575419955915,0.0737809548123564,1198,2718,3916,0.4,Skenario 3 - Tambah Petugas,926
0.0036259532408956835,0.008449519943716286,0.06124031007751938,1119,2750,3869,0.4,Skenario 3 - Tambah Petugas,927
0.006404793634527504,0.009249391118658457,0.06916276651066043,1176,2668,3844,0.4,Skenario 3 - Tambah Petugas,928
0.0039499557234529085,0.007128192856616064,0.044525929806181246,1170,2645,3815,0.4,Skenario 3 - Tambah Petugas,929
0.0057747237165422585,0.010481203411279918,0.07277486910994764,1158,2660,3818,0.4,Skenario 3 - Tambah Petugas,930
0.005534484220965926,0.008946592496045892,0.06832627118644068,1153,2620,3773,0.4,Skenario 3 - Tambah Petugas,931
0.006539719277448418,0.008905360154471015,0.06248379569613689,1169,2686,3855,0.4,Skenario 3 - Tambah Petugas,932
0.003634568811109703,0.007020046180912458,0.042366313614053214,1141,2729,3870,0.4,Skenario 3 - Tambah Petugas,933
0.004161463618414349,0.0064191146311229465,0.03666578739118966,1135,2655,3790,0.4,Skenario 3 - Tambah Petugas,934
0.004559625215087479,0.007068002786861851,0.04835390946502058,1174,2711,3885,0.4,Skenario 3 - Tambah Petugas,935
0.007116096448725292,0.010653586402474982,0.08394736842105263,1101,2698,3799,0.4,Skenario 3 - Tambah Petugas,936
0.006572504149102614,0.011502272681194678,0.08376421923474664,1166,2701,3867,0.4,Skenario 3 - Tambah Petugas,937
0.0042101712577630275,0.009569638079901575,0.07085775173148641,1050,2702,3752,0.4,Skenario 3 - Tambah Petugas,938
0.004156020763031904,0.007778071692364225,0.05118733509234828,1174,2614,3788,0.4,Skenario 3 - Tambah Petugas,939
0.004664210295102188,0.007099845275798248,0.049163179916317995,1162,2661,3823,0.4,Skenario 3 - Tambah Petugas,940
0.004388109080206656,0.0055046528755237035,0.041187483284300615,1182,2553,3735,0.4,Skenario 3 - Tambah Petugas,941
0.005218187860228635,0.007137103795257818,0.051742069682787314,1129,2716,3845,0.4,Skenario 3 - Tambah Petugas,942
0.0050493093330792405,0.009281043818844117,0.06788166930797676,1188,2595,3783,0.4,Skenario 3 - Tambah Petugas,943
0.004765507342074058,0.010361684355270568,0.07952755905511812,1152,2658,3810,0.4,Skenario 3 - Tambah Petugas,944
0.0047735466422736085,0.006474790103681752,0.03905233012236397,1155,2684,3839,0.4,Skenario 3 - Tambah Petugas,945
0.004598797588304121,0.006817658416918591,0.045633359559402044,1185,2626,3811,0.4,Skenario 3 - Tambah Petugas,946
0.004639586673056014,0.009240128357725776,0.05909558067831449,1145,2745,3890,0.4,Skenario 3 - Tambah Petugas,947
0.00615441325258065,0.009273995256227676,0.0694970937578974,1211,2745,3956,0.4,Skenario 3 - Tambah Petugas,948
0.004242498151235109,0.007868019219598055,0.0628896719978314,1065,2620,3685,0.4,Skenario 3 - Tambah Petugas,949
0.00440541281777897,0.008953242662214313,0.06610922393519729,1140,2687,3827,0.4,Skenario 3 - Tambah Petugas,950
0.005906253825199243,0.0121886297066985,0.09075087021382397,1145,2874,4019,0.4,Skenario 3 - Tambah Petugas,951
0.005774465861422544,0.010305732643496934,0.07088024564994883,1176,2729,3905,0.4,Skenario 3 - Tambah Petugas,952
0.0027027882734681286,0.007929378068609404,0.048177083333333336,1088,2748,3836,0.4,Skenario 3 - Tambah Petugas,953
0.007553868521751017,0.009532625869909711,0.07298136645962733,1151,2711,3862,0.4,Skenario 3 - Tambah Petugas,954
0.004607101022275599,0.007761063120573979,0.056812339331619534,1205,2683,3888,0.4,Skenario 3 - Tambah Petugas,955
0.004630447952800234,0.010614694370701741,0.07849740932642488,1170,2688,3858,0.4,Skenario 3 - Tambah Petugas,956
0.004063102604197163,0.0067579928100908,0.0405766150560598,1126,2617,3743,0.4,Skenario 3 - Tambah Petugas,957
0.005102342719541847,0.008542602057309577,0.06817003628823225,1154,2703,3857,0.4,Skenario 3 - Tambah Petugas,958
0.0067551044885938915,0.00825800915728354,0.058109504132231406,1180,2689,3869,0.4,Skenario 3 - Tambah Petugas,959
0.004975681488174157,0.008349513044980083,0.06037151702786378,1174,2702,3876,0.4,Skenario 3 - Tambah Petugas,960
0.00424198203826132,0.0062071491214913625,0.036110394635027084,1179,2695,3874,0.4,Skenario 3 - Tambah Petugas,961
0.004587123242329032,0.00887732683071781,0.06592554291623579,1145,2722,3867,0.4,Skenario 3 - Tambah Petugas,962
0.0053646320568512,0.009598252417266544,0.06235385814497272,1194,2655,3849,0.4,Skenario 3 - Tambah Petugas,963
0.00549708042292527,0.008509311700425815,0.0580577974485811,1139,2700,3839,0.4,Skenario 3 - Tambah Petugas,964
0.005845836359079623,0.013146331945299483,0.0855601233299075,1165,2725,3890,0.4,Skenario 3 - Tambah Petugas,965
0.00404804140710506,0.005960990351012009,0.03430079155672823,1110,2679,3789,0.4,Skenario 3 - Tambah Petugas,966
0.005457581632822595,0.00523708088195132,0.03721051262034868,1151,2690,3841,0.4,Skenario 3 - Tambah Petugas,967
0.005500649188201203,0.008502060626114194,0.0572875033306688,1101,2650,3751,0.4,Skenario 3 - Tambah Petugas,968
0.003524856567567811,0.007557476796722978,0.04645542427497315,1049,2673,3722,0.4,Skenario 3 - Tambah Petugas,969
0.005041144964530117,0.00871033573130994,0.06295715778474399,1148,2680,3828,0.4,Skenario 3 - Tambah Petugas,970
0.005622452286138633,0.009553198066143947,0.0670762928827445,1148,2755,3903,0.4,Skenario 3 - Tambah Petugas,971
0.004606732054989704,0.008475680472316149,0.06283941039565555,1170,2696,3866,0.4,Skenario 3 - Tambah Petugas,972
0.004971676968552753,0.00802066132425173,0.05317460317460317,1141,2636,3777,0.4,Skenario 3 - Tambah Petugas,973
0.0063494175619804765,0.009907155724907262,0.06797385620915032,1155,2669,3824,0.4,Skenario 3 - Tambah Petugas,974
0.007347724355834477,0.0076297164397291,0.05658381808566896,1145,2635,3780,0.4,Skenario 3 - Tambah Petugas,975
0.005245380512600127,0.006247680421350386,0.03824435318275154,1167,2726,3893,0.4,Skenario 3 - Tambah Petugas,976
0.005345338771405031,0.007634971104758095,0.061360718870346595,1158,2736,3894,0.4,Skenario 3 - Tambah Petugas,977
0.0030818977093998957,0.006503658559627958,0.040736896730669436,1098,2753,3851,0.4,Skenario 3 - Tambah Petugas,978
0.005398180482213314,0.0077867449341150596,0.050411522633744855,1116,2769,3885,0.4,Skenario 3 - Tambah Petugas,979
0.004533588893181,0.0061135744694912324,0.04054414510536143,1144,2601,3745,0.4,Skenario 3 - Tambah Petugas,980
0.005577471120487088,0.010114666023619668,0.07294911734164071,1169,2681,3850,0.4,Skenario 3 - Tambah Petugas,981
0.0038817727954574732,0.007161802478553595,0.04941785252263907,1168,2697,3865,0.4,Skenario 3 - Tambah Petugas,982
0.00540745389558452,0.010065063115465582,0.06953814218993254,1120,2733,3853,0.4,Skenario 3 - Tambah Petugas,983
0.00720608931413503,0.010946784517204721,0.07769488037046565,1199,2684,3883,0.4,Skenario 3 - Tambah Petugas,984
0.006285772293743891,0.010259405935258438,0.08087460484720758,1152,2643,3795,0.4,Skenario 3 - Tambah Petugas,985
0.004005178676186209,0.007001952603845761,0.04445593176531403,1176,2691,3867,0.4,Skenario 3 - Tambah Petugas,986
0.00443108473537122,0.007755229712456319,0.05844980940279543,1160,2775,3935,0.4,Skenario 3 - Tambah Petugas,987
0.00415919425353988,0.01169229892734663,0.07358037856571581,1161,2589,3750,0.4,Skenario 3 - Tambah Petugas,988
0.005047401050417857,0.009111559291844883,0.05876235049401976,1146,2699,3845,0.4,Skenario 3 - Tambah Petugas,989
0.004368044813286531,0.006802522704612519,0.051958650707290534,1096,2576,3672,0.4,Skenario 3 - Tambah Petugas,990
0.0039877535693019495,0.007807291739085559,0.05133577789418544,1108,2709,3817,0.4,Skenario 3 - Tambah Petugas,991
0.0039002324854828913,0.007552492292812809,0.050626304801670144,1148,2683,3831,0.4,Skenario 3 - Tambah Petugas,992
0.005783072644843467,0.007738044667688747,0.06340718105423988,1173,2753,3926,0.4,Skenario 3 - Tambah Petugas,993
0.005971155646763411,0.007970693245170805,0.0544464609800363,1135,2720,3855,0.4,Skenario 3 - Tambah Petugas,994
0.007403971736949587,0.013101889852793246,0.10967408173823073,1164,2702,3866,0.4,Skenario 3 - Tambah Petugas,995
0.00541535234469256,0.0066980053056221395,0.05060943296237414,1180,2593,3773,0.4,Skenario 3 - Tambah Petugas,996
0.004483610639451418,0.006380726504449358,0.0361260568793236,1210,2693,3903,0.4,Skenario 3 - Tambah Petugas,997
0.005205268901411319,0.007199727253739275,0.05341323606044815,1171,2664,3835,0.4,Skenario 3 - Tambah Petugas,998
0.005708757216558492,0.009156670221530619,0.06830672598796127,1093,2727,3820,0.4,Skenario 3 - Tambah Petugas,999
0.004779292971107746,0.008326199610829652,0.05389527458492976,1207,2707,3914,0.4,Skenario 3 - Tambah Petugas,1000
0.023244280309903154,0.04163758195953062,0.22189896852684474,2235,1545,3780,0.5333333333333333,Skenario 4 - Dominasi Express,1
0.028892511166721976,0.057460919996160806,0.3259469208966761,2329,1550,3879,0.5333333333333333,Skenario 4 - Dominasi Express,2
0.025718267439542405,0.05159244012699141,0.2787564766839378,2346,1511,3857,0.5333333333333333,Skenario 4 - Dominasi Express,3
0.03052515952271309,0.07754139060008228,0.3786659745652738,2343,1507,3850,0.5333333333333333,Skenario 4 - Dominasi Express,4
0.025228331593388685,0.04878026015524709,0.2549019607843137,2356,1466,3822,0.5333333333333333,Skenario 4 - Dominasi Express,5
0.029284700279351514,0.05370146885149339,0.2894945752844668,2281,1498,3779,0.5333333333333333,Skenario 4 - Dominasi Express,6
0.02414331494989167,0.04970309528554117,0.2634887375589314,2300,1517,3817,0.5333333333333333,Skenario 4 - Dominasi Express,7
0.024220024007445457,0.0491213876187458,0.26067592350013097,2318,1497,3815,0.5333333333333333,Skenario 4 - Dominasi Express,8
0.02675463648562705,0.0536258627015129,0.32908163265306123,2377,1543,3920,0.5333333333333333,Skenario 4 - Dominasi Express,9
0.023953255836721792,0.06326096986632283,0.33126293995859213,2353,1508,3861,0.5333333333333333,Skenario 4 - Dominasi Express,10
0.027029232983753093,0.055512159366012996,0.3332485372678708,2344,1585,3929,0.5333333333333333,Skenario 4 - Dominasi Express,11
0.031566613604577916,0.08205231973471641,0.4156441717791411,2385,1527,3912,0.5333333333333333,Skenario 4 - Dominasi Express,12
0.03206149565088858,0.0687603363314923,0.4088098918083462,2297,1582,3879,0.5333333333333333,Skenario 4 - Dominasi Express,13
0.021301676784700598,0.05211756868898528,0.28459881529348413,2261,1453,3714,0.5333333333333333,Skenario 4 - Dominasi Express,14
0.02923773347524165,0.05154134900604163,0.29336870026525197,2218,1552,3770,0.5333333333333333,Skenario 4 - Dominasi Express,15
0.027330573346427984,0.05663746706590064,0.3141333333333333,2274,1474,3748,0.5333333333333333,Skenario 4 - Dominasi Express,16
0.023305423550389053,0.05043641627941114,0.26041103299080587,2194,1504,3698,0.5333333333333333,Skenario 4 - Dominasi Express,17
0.024302773233821583,0.056760845765012675,0.30404869012966396,2274,1502,3776,0.5333333333333333,Skenario 4 - Dominasi Express,18
0.019572863143507396,0.04422098001270504,0.22210796915167094,2313,1574,3887,0.5333333333333333,Skenario 4 - Dominasi Express,19
0.02566516040458492,0.053054252996621594,0.28263690630677396,2377,1475,3852,0.5333333333333333,Skenario 4 - Dominasi Express,20
0.029088896158243144,0.06645355752923558,0.36103896103896105,2312,1535,3847,0.5333333333333333,Skenario 4 - Dominasi Express,21
0.025267559759132845,0.058663411037827955,0.3212232096184004,2278,1546,3824,0.5333333333333333,Skenario 4 - Dominasi Express,22
0.020417427017201287,0.03377397271589196,0.18553629469122426,2202,1490,3692,0.5333333333333333,Skenario 4 - Dominasi Express,23
0.032830009338963635,0.0798125733340298,0.4359771902540176,2304,1551,3855,0.5333333333333333,Skenario 4 - Dominasi Express,24
0.0288578528635226,0.06179916634873124,0.33240081383519837,2388,1542,3930,0.5333333333333333,Skenario 4 - Dominasi Express,25
0.024725265011537382,0.058319027652024895,0.3050131926121372,2272,1517,3789,0.5333333333333333,Skenario 4 - Dominasi Express,26
0.02233356539316012,0.04881090284637473,0.26322682032477734,2262,1553,3815,0.5333333333333333,Skenario 4 - Dominasi Express,27
0.030064628573332856,0.06960209260810367,0.3771141649048626,2278,1505,3783,0.5333333333333333,Skenario 4 - Dominasi Express,28
0.02605070552098802,0.051172231870432405,0.27900337399429015,2273,1577,3850,0.5333333333333333,Skenario 4 - Dominasi Express,29
0.030651794589880873,0.06750685506253724,0.35082730093071357,2397,1471,3868,0.5333333333333333,Skenario 4 - Dominasi Express,30
0.029345340798612504,0.07424535477060915,0.4038060479666319,2325,1509,3834,0.5333333333333333,Skenario 4 - Dominasi Express,31
0.022980528121625085,0.051820703199488186,0.2703433360367667,2224,1474,3698,0.5333333333333333,Skenario 4 - Dominasi Express,32
0.025540598582923436,0.05460764663936573,0.30164765525982257,2356,1588,3944,0.5333333333333333,Skenario 4 - Dominasi Express,33
0.021034615764074734,0.03809864892544668,0.2207962283918282,2253,1563,3816,0.5333333333333333,Skenario 4 - Dominasi Express,34
0.023102074641091104,0.03567119705123153,0.19989437549511488,2338,1449,3787,0.5333333333333333,Skenario 4 - Dominasi Express,35
0.023288361951137017,0.05522458858039462,0.2823622462430794,2303,1490,3793,0.5333333333333333,Skenario 4 - Dominasi Express,36
0.03090835003813077,0.060408444796124575,0.3543603920583061,2379,1598,3977,0.5333333333333333,Skenario 4 - Dominasi Express,37
0.026685479701814018,0.05350088896575892,0.2835078534031414,2284,1536,3820,0.5333333333333333,Skenario 4 - Dominasi Express,38
0.028279585004878607,0.07518561171855623,0.4013003901170351,2292,1550,3842,0.5333333333333333,Skenario 4 - Dominasi Express,39
0.0233941657268912,0.048082431884837115,0.26521060842433697,2268,1577,3845,0.5333333333333333,Skenario 4 - Dominasi Express,40
0.025605352292230592,0.04670826352941564,0.25420222394621156,2368,1496,3864,0.5333333333333333,Skenario 4 - Dominasi Express,41
0.022965884854863092,0.04631331503831813,0.24821758648006337,2287,1497,3784,0.5333333333333333,Skenario 4 - Dominasi Express,42
0.028303777423366865,0.06294572796864985,0.3473038589317659,2370,1543,3913,0.5333333333333333,Skenario 4 - Dominasi Express,43
0.021516491058356846,0.041039939863326706,0.22779626311748144,2297,1609,3906,0.5333333333333333,Skenario 4 - Dominasi Express,44
0.026410020761419073,0.048584490511695416,0.267913593256059,2243,1553,3796,0.5333333333333333,Skenario 4 - Dominasi Express,45
0.02867241982850817,0.07230658300039029,0.39937106918238996,2266,1547,3813,0.5333333333333333,Skenario 4 - Dominasi Express,46
0.0272625293963882,0.06699770334246541,0.35129479466387653,2236,1586,3822,0.5333333333333333,Skenario 4 - Dominasi Express,47
0.030011696976656788,0.0550756108798038,0.31241691039617125,2226,1533,3759,0.5333333333333333,Skenario 4 - Dominasi Express,48
0.025736245940680358,0.057392422956264004,0.3046480743691899,2201,1561,3762,0.5333333333333333,Skenario 4 - Dominasi Express,49
0.022483465553795073,0.05829310778854624,0.28948758584257794,2304,1480,3784,0.5333333333333333,Skenario 4 - Dominasi Express,50
0.028507379492124327,0.059670119454613306,0.3359830418653948,2265,1508,3773,0.5333333333333333,Skenario 4 - Dominasi Express,51
0.02641255984853399,0.059183902897271774,0.3050583657587549,2304,1551,3855,0.5333333333333333,Skenario 4 - Dominasi Express,52
0.02857750090281654,0.06804135927558917,0.361941251596424,2376,1538,3914,0.5333333333333333,Skenario 4 - Dominasi Express,53
0.01951717494140204,0.04186400688022765,0.20123922413793102,2249,1461,3710,0.5333333333333333,Skenario 4 - Dominasi Express,54
0.03134851314672639,0.0677312347611587,0.3826153453989294,2324,1596,3920,0.5333333333333333,Skenario 4 - Dominasi Express,55
0.026894455905018846,0.054079765312110034,0.28465412138881524,2287,1483,3770,0.5333333333333333,Skenario 4 - Dominasi Express,56
0.02628547414827058,0.052872051123982286,0.32205612378704435,2255,1557,3812,0.5333333333333333,Skenario 4 - Dominasi Express,57
0.03043846543701978,0.07211803942086847,0.38507078507078507,2265,1619,3884,0.5333333333333333,Skenario 4 - Dominasi Express,58
0.02263995873306906,0.049954390919663784,0.26480836236933797,2177,1552,3729,0.5333333333333333,Skenario 4 - Dominasi Express,59
0.02983495986886874,0.0623574571836324,0.35911602209944754,2244,1556,3800,0.5333333333333333,Skenario 4 - Dominasi Express,60
0.02991856436440666,0.07452870699491271,0.4149729868793414,2336,1549,3885,0.5333333333333333,Skenario 4 - Dominasi Express,61
0.028935706481808144,0.060578374953597434,0.3353246753246753,2340,1508,3848,0.5333333333333333,Skenario 4 - Dominasi Express,62
0.02056529617261291,0.03783828048278032,0.19101425881086898,2214,1502,3716,0.5333333333333333,Skenario 4 - Dominasi Express,63
0.02497896056646776,0.046141264178479274,0.25417101147028154,2286,1547,3833,0.5333333333333333,Skenario 4 - Dominasi Express,64
0.026029465258963345,0.06141345110841924,0.33753943217665616,2271,1533,3804,0.5333333333333333,Skenario 4 - Dominasi Express,65
0.026600137279802146,0.05744182357563606,0.2998716302952503,2318,1575,3893,0.5333333333333333,Skenario 4 - Dominasi Express,66
0.02485758869496736,0.052897093869559465,0.2874420998455996,2334,1552,3886,0.5333333333333333,Skenario 4 - Dominasi Express,67
0.025407872325965163,0.05048516066504383,0.28388613214938624,2270,1559,3829,0.5333333333333333,Skenario 4 - Dominasi Express,68
0.03370867546610672,0.07118051273557888,0.39611752360965374,2270,1539,3809,0.5333333333333333,Skenario 4 - Dominasi Express,69
0.033009607236770044,0.0701131834644011,0.3839080459770115,2335,1578,3913,0.5333333333333333,Skenario 4 - Dominasi Express,70
0.023093524780494142,0.04905776793681872,0.2815686274509804,2260,1562,3822,0.5333333333333333,Skenario 4 - Dominasi Express,71
0.023919151648983464,0.04485857722307796,0.23852242744063323,2262,1525,3787,0.5333333333333333,Skenario 4 - Dominasi Express,72
0.027037665123501673,0.05736850090742216,0.3105864037363778,2290,1564,3854,0.5333333333333333,Skenario 4 - Dominasi Express,73
0.020220895116978884,0.04819436849513032,0.25383615084525357,2301,1541,3842,0.5333333333333333,Skenario 4 - Dominasi Express,74
0.02807995842197431,0.0572632154555984,0.32286302780638515,2301,1582,3883,0.5333333333333333,Skenario 4 - Dominasi Express,75
0.02406472987373224,0.05080528708218631,0.2638888888888889,2320,1493,3813,0.5333333333333333,Skenario 4 - Dominasi Express,76
0.025346803769774485,0.05678774688626012,0.338780804150454,2223,1631,3854,0.5333333333333333,Skenario 4 - Dominasi Express,77
0.024238992874335653,0.04736867826805666,0.2520198071409956,2339,1496,3835,0.5333333333333333,Skenario 4 - Dominasi Express,78
0.025405260421510506,0.058651273981285085,0.31398416886543534,2214,1575,3789,0.5333333333333333,Skenario 4 - Dominasi Express,79
0.03125916137802241,0.07766944471860626,0.4263211382113821,2357,1576,3933,0.5333333333333333,Skenario 4 - Dominasi Express,80
0.025639430391267686,0.04499658136638769,0.26109936575052856,2271,1510,3781,0.5333333333333333,Skenario 4 - Dominasi Express,81
0.024650859167043467,0.04350315428823906,0.24544033350703492,2284,1551,3835,0.5333333333333333,Skenario 4 - Dominasi Express,82
0.024493629721936604,0.053626930748653524,0.29017038007863694,2313,1500,3813,0.5333333333333333,Skenario 4 - Dominasi Express,83
0.01916746583182789,0.039875420913859524,0.20011010184420588,2195,1435,3630,0.5333333333333333,Skenario 4 - Dominasi Express,84
0.031135664782563122,0.054593537811792825,0.3293619274556526,2230,1544,3774,0.5333333333333333,Skenario 4 - Dominasi Express,85
0.0302686415641663,0.057157711231027426,0.32599118942731276,2330,1529,3859,0.5333333333333333,Skenario 4 - Dominasi Express,86
0.027383847595679217,0.05012004251969109,0.29125196437925616,2290,1528,3818,0.5333333333333333,Skenario 4 - Dominasi Express,87
0.03522404528741115,0.07088632847375544,0.37325978460730236,2293,1511,3804,0.5333333333333333,Skenario 4 - Dominasi Express,88
0.02589756579823645,0.06256800262104441,0.35271417545665035,2254,1632,3886,0.5333333333333333,Skenario 4 - Dominasi Express,89
0.026762259081510652,0.05790980526114136,0.3090049881858756,2243,1566,3809,0.5333333333333333,Skenario 4 - Dominasi Express,90
0.019308512658174515,0.036750733351703306,0.18931909212283043,2223,1520,3743,0.5333333333333333,Skenario 4 - Dominasi Express,91
0.026018241909450728,0.06276881343886889,0.36030982905982906,2212,1529,3741,0.5333333333333333,Skenario 4 - Dominasi Express,92
0.028114156112103803,0.056659569753338114,0.31552291719422637,2442,1506,3948,0.5333333333333333,Skenario 4 - Dominasi Express,93
0.02724195154482186,0.054608156086964045,0.301217575436739,2275,1502,3777,0.5333333333333333,Skenario 4 - Dominasi Express,94
0.03125711574296948,0.0680749614165178,0.3663466397170288,2327,1631,3958,0.5333333333333333,Skenario 4 - Dominasi Express,95
0.0236773778904134,0.05604094136335026,0.2874732334047109,2236,1498,3734,0.5333333333333333,Skenario 4 - Dominasi Express,96
0.025086395946762628,0.04977211475803149,0.293888166449935,2310,1535,3845,0.5333333333333333,Skenario 4 - Dominasi Express,97
0.027325453420553373,0.06451740991544253,0.34055889266126926,2328,1501,3829,0.5333333333333333,Skenario 4 - Dominasi Express,98
0.02257689977234999,0.06000558776306681,0.2957897559667471,2256,1470,3726,0.5333333333333333,Skenario 4 - Dominasi Express,99
0.03452204021637658,0.07670783615103806,0.42868157286044717,2333,1557,3890,0.5333333333333333,Skenario 4 - Dominasi Express,100
0.02660327618429058,0.06061506487538908,0.3408508457201435,2307,1592,3899,0.5333333333333333,Skenario 4 - Dominasi Express,101
0.023597117460283864,0.045261563520807756,0.24080444562053455,2216,1560,3776,0.5333333333333333,Skenario 4 - Dominasi Express,102
0.028475139481542917,0.056959415805719386,0.3108179419525066,2293,1494,3787,0.5333333333333333,Skenario 4 - Dominasi Express,103
0.025660387635402494,0.06635321235862993,0.34032753326509724,2345,1562,3907,0.5333333333333333,Skenario 4 - Dominasi Express,104
0.023919904215398226,0.04746839023472286,0.2738188462542417,2289,1542,3831,0.5333333333333333,Skenario 4 - Dominasi Express,105
0.024472981181933178,0.051374330363958665,0.2674030310814282,2362,1529,3891,0.5333333333333333,Skenario 4 - Dominasi Express,106
0.025718232901112845,0.05182646456399333,0.2953421805880822,2305,1537,3842,0.5333333333333333,Skenario 4 - Dominasi Express,107
0.028076900161394004,0.043111569549475384,0.26680455015511895,2359,1509,3868,0.5333333333333333,Skenario 4 - Dominasi Express,108
0.02260017072472687,0.05564241581625845,0.27049828631689954,2225,1568,3793,0.5333333333333333,Skenario 4 - Dominasi Express,109
0.03207796764343193,0.0642055863695832,0.36147757255936674,2347,1442,3789,0.5333333333333333,Skenario 4 - Dominasi Express,110
0.025047054847124144,0.052328771254290515,0.28522786799371397,2314,1504,3818,0.5333333333333333,Skenario 4 - Dominasi Express,111
0.027423705128964367,0.05148664038607624,0.30289076490150935,2295,1614,3909,0.5333333333333333,Skenario 4 - Dominasi Express,112
0.02670051624669161,0.06877476903970177,0.3434343434343434,2322,1536,3858,0.5333333333333333,Skenario 4 - Dominasi Express,113
0.026811195617077205,0.05319359593094547,0.2796915167095116,2346,1541,3887,0.5333333333333333,Skenario 4 - Dominasi Express,114
0.029564240099430737,0.06497595958437645,0.3391888400929992,2329,1540,3869,0.5333333333333333,Skenario 4 - Dominasi Express,115
0.024194925145771422,0.05507359664444199,0.2767596281540505,2294,1468,3762,0.5333333333333333,Skenario 4 - Dominasi Express,116
0.02776288013112157,0.06195009923627497,0.3575476558475013,2340,1542,3882,0.5333333333333333,Skenario 4 - Dominasi Express,117
0.024907184956010464,0.055404912920403775,0.3244294605809129,2279,1577,3856,0.5333333333333333,Skenario 4 - Dominasi Express,118
0.02841067888624809,0.06309872686538778,0.34423320659062107,2384,1560,3944,0.5333333333333333,Skenario 4 - Dominasi Express,119
0.029574373134648203,0.07167043141130204,0.38420382165605094,2325,1597,3922,0.5333333333333333,Skenario 4 - Dominasi Express,120
0.02560131084755199,0.06309349901244311,0.354639175257732,2310,1568,3878,0.5333333333333333,Skenario 4 - Dominasi Express,121
0.02087230231731219,0.047933602887169774,0.2405163329820864,2318,1475,3793,0.5333333333333333,Skenario 4 - Dominasi Express,122
0.026379892708046214,0.06692266816938781,0.37416020671834627,2291,1578,3869,0.5333333333333333,Skenario 4 - Dominasi Express,123
0.022732815760329362,0.07024904968497457,0.3514838709677419,2260,1612,3872,0.5333333333333333,Skenario 4 - Dominasi Express,124
0.026983214164202077,0.06507206122713498,0.3449612403100775,2311,1556,3867,0.5333333333333333,Skenario 4 - Dominasi Express,125
0.026051772919120565,0.05082266218557519,0.27948990435706694,2279,1485,3764,0.5333333333333333,Skenario 4 - Dominasi Express,126
0.03079629852603288,0.06434325033214211,0.37094715343375034,2371,1546,3917,0.5333333333333333,Skenario 4 - Dominasi Express,127
0.02869061607164022,0.08254131239093183,0.4176020408163265,2338,1579,3917,0.5333333333333333,Skenario 4 - Dominasi Express,128
0.022732866970412324,0.058022336586193546,0.29571881606765327,2269,1512,3781,0.5333333333333333,Skenario 4 - Dominasi Express,129
0.030237346543353198,0.0636097953452873,0.36667504398089973,2394,1582,3976,0.5333333333333333,Skenario 4 - Dominasi Express,130
0.025028329983721998,0.05534480895577939,0.3061277705345502,2349,1485,3834,0.5333333333333333,Skenario 4 - Dominasi Express,131
0.02450010867239867,0.041026270911315096,0.23089171974522293,2214,1553,3767,0.5333333333333333,Skenario 4 - Dominasi Express,132
0.018997157275150865,0.040865172596317875,0.22146596858638742,2235,1582,3817,0.5333333333333333,Skenario 4 - Dominasi Express,133
0.0234756980182683,0.0570234554699158,0.28549019607843135,2235,1588,3823,0.5333333333333333,Skenario 4 - Dominasi Express,134
0.023667156556855456,0.058148428886143376,0.2923518663534325,2312,1516,3828,0.5333333333333333,Skenario 4 - Dominasi Express,135
0.024707719607697173,0.0394884457874394,0.21073196144829381,2323,1513,3836,0.5333333333333333,Skenario 4 - Dominasi Express,136
0.0250416386807662,0.05101503017442935,0.27728849746463835,2218,1527,3745,0.5333333333333333,Skenario 4 - Dominasi Express,137
0.033035095653278675,0.06675360647653356,0.3671695218614165,2321,1588,3909,0.5333333333333333,Skenario 4 - Dominasi Express,138
0.02596938704419466,0.07250076442514697,0.37923193532086913,2370,1585,3955,0.5333333333333333,Skenario 4 - Dominasi Express,139
0.031690939295102596,0.08181611031018883,0.4524967989756722,2321,1581,3902,0.5333333333333333,Skenario 4 - Dominasi Express,140
0.026155210004584685,0.06255814786427333,0.32541753653444677,2203,1629,3832,0.5333333333333333,Skenario 4 - Dominasi Express,141
0.026269635544558956,0.06073286416930407,0.3126460659568943,2303,1546,3849,0.5333333333333333,Skenario 4 - Dominasi Express,142
0.02979936012828392,0.08818792790664186,0.4563081009296149,2270,1495,3765,0.5333333333333333,Skenario 4 - Dominasi Express,143
0.028471113431170387,0.05933779696915647,0.3206006322444679,2224,1570,3794,0.5333333333333333,Skenario 4 - Dominasi Express,144
0.027440092741800683,0.04876263076071155,0.28563899868247694,2267,1527,3794,0.5333333333333333,Skenario 4 - Dominasi Express,145
0.03274821160875294,0.07563749590987831,0.4329501915708812,2365,1547,3912,0.5333333333333333,Skenario 4 - Dominasi Express,146
0.03268245772768942,0.0761907525759199,0.4154614777806995,2271,1531,3802,0.5333333333333333,Skenario 4 - Dominasi Express,147
0.026191872904053913,0.06617652270209012,0.35168598524762906,2288,1506,3794,0.5333333333333333,Skenario 4 - Dominasi Express,148
0.02720779547965714,0.049466461503999574,0.2792838874680307,2349,1558,3907,0.5333333333333333,Skenario 4 - Dominasi Express,149
0.022840634562236433,0.04641820015091616,0.23878247179218054,2291,1517,3808,0.5333333333333333,Skenario 4 - Dominasi Express,150
0.02588878722894854,0.05374182900142332,0.2802888472853704,2251,1488,3739,0.5333333333333333,Skenario 4 - Dominasi Express,151
0.02353745881413252,0.05385481933991115,0.28069725711356064,2329,1569,3898,0.5333333333333333,Skenario 4 - Dominasi Express,152
0.022266377241815814,0.0387444525078617,0.20263852242744063,2329,1460,3789,0.5333333333333333,Skenario 4 - Dominasi Express,153
0.022967410704502523,0.05006174661351256,0.2715460090161761,2203,1567,3770,0.5333333333333333,Skenario 4 - Dominasi Express,154
0.025353091633004497,0.05710038847778774,0.3130852948620602,2348,1603,3951,0.5333333333333333,Skenario 4 - Dominasi Express,155
0.024639812440686512,0.05018674283839005,0.2716049382716049,2224,1501,3725,0.5333333333333333,Skenario 4 - Dominasi Express,156
0.0257469516993983,0.056838293257852154,0.31521739130434784,2303,1559,3862,0.5333333333333333,Skenario 4 - Dominasi Express,157
0.030971426966274886,0.07130730870604629,0.3581046090108752,2315,1546,3861,0.5333333333333333,Skenario 4 - Dominasi Express,158
0.024215386436166664,0.05837381121811241,0.2737936550253266,2257,1492,3749,0.5333333333333333,Skenario 4 - Dominasi Express,159
0.024788778269470887,0.05216073337173538,0.2872642727977267,2346,1523,3869,0.5333333333333333,Skenario 4 - Dominasi Express,160
0.02716495708851046,0.05752020312236202,0.3107170393215112,2353,1535,3888,0.5333333333333333,Skenario 4 - Dominasi Express,161
0.0320531092187975,0.05832503250842291,0.34597916110072136,2250,1492,3742,0.5333333333333333,Skenario 4 - Dominasi Express,162
0.027258212905983587,0.055859962473437455,0.3026998961578401,2319,1530,3849,0.5333333333333333,Skenario 4 - Dominasi Express,163
0.027392818244061902,0.05983396508520906,0.3181935483870968,2285,1590,3875,0.5333333333333333,Skenario 4 - Dominasi Express,164
0.026547316807378245,0.05415801049045396,0.2894459102902375,2251,1536,3787,0.5333333333333333,Skenario 4 - Dominasi Express,165
0.02561341690059294,0.06130068048101531,0.32985658409387225,2309,1525,3834,0.5333333333333333,Skenario 4 - Dominasi Express,166
0.02609472637516402,0.050925949933549236,0.2657120127287192,2223,1546,3769,0.5333333333333333,Skenario 4 - Dominasi Express,167
0.021984823155257644,0.05475261101723909,0.285263987391647,2241,1563,3804,0.5333333333333333,Skenario 4 - Dominasi Express,168
0.02488034189542217,0.055642942973086425,0.29385504201680673,2318,1487,3805,0.5333333333333333,Skenario 4 - Dominasi Express,169
0.026082460511965593,0.06673237487194045,0.3570340274250889,2349,1588,3937,0.5333333333333333,Skenario 4 - Dominasi Express,170
0.03165671458539946,0.07110762157984356,0.39043410449701066,2314,1533,3847,0.5333333333333333,Skenario 4 - Dominasi Express,171
0.026300424766985766,0.08229504637801086,0.42073490813648295,2252,1558,3810,0.5333333333333333,Skenario 4 - Dominasi Express,172
0.028793049252352532,0.06382437475207359,0.3353200310961389,2345,1514,3859,0.5333333333333333,Skenario 4 - Dominasi Express,173
0.027656912027649097,0.05515233096213548,0.3342036553524804,2291,1537,3828,0.5333333333333333,Skenario 4 - Dominasi Express,174
0.02702575239598495,0.07390894327437873,0.36859890824018715,2329,1515,3844,0.5333333333333333,Skenario 4 - Dominasi Express,175
0.026799453572973565,0.0484410429602374,0.2749221183800623,2326,1525,3851,0.5333333333333333,Skenario 4 - Dominasi Express,176
0.02897081637511362,0.05725701690028509,0.3235972328977709,2336,1564,3900,0.5333333333333333,Skenario 4 - Dominasi Express,177
0.026529308406888635,0.06585866109251279,0.32416710735060816,2267,1512,3779,0.5333333333333333,Skenario 4 - Dominasi Express,178
0.02593713732898128,0.05250010635488703,0.28039317123642005,2284,1582,3866,0.5333333333333333,Skenario 4 - Dominasi Express,179
0.02215014792298189,0.04746550236918295,0.2481261307831481,2281,1585,3866,0.5333333333333333,Skenario 4 - Dominasi Express,180
0.0262559659790596,0.06203076641509513,0.32394730043916303,2300,1568,3868,0.5333333333333333,Skenario 4 - Dominasi Express,181
0.027155409974282098,0.06078920095108401,0.329417773237998,2334,1579,3913,0.5333333333333333,Skenario 4 - Dominasi Express,182
0.024593594465032502,0.05815904480791266,0.3019505851755527,2302,1542,3844,0.5333333333333333,Skenario 4 - Dominasi Express,183
0.025363050888173207,0.054638225189198884,0.3040663040663041,2334,1527,3861,0.5333333333333333,Skenario 4 - Dominasi Express,184
0.026558469949130484,0.059088003286960435,0.3113850996852046,2262,1547,3809,0.5333333333333333,Skenario 4 - Dominasi Express,185
0.02802751016577073,0.05825190833683382,0.32014575741801143,2347,1492,3839,0.5333333333333333,Skenario 4 - Dominasi Express,186
0.029189892846395418,0.06261707750979668,0.35111464968152867,2250,1518,3768,0.5333333333333333,Skenario 4 - Dominasi Express,187
0.024209028110210265,0.051818270019507916,0.2686527814394938,2239,1554,3793,0.5333333333333333,Skenario 4 - Dominasi Express,188
0.028267487241328725,0.06329554489178361,0.33437418683320325,2321,1521,3842,0.5333333333333333,Skenario 4 - Dominasi Express,189
0.024139962615378485,0.04785437709863235,0.2472746609944164,2251,1508,3759,0.5333333333333333,Skenario 4 - Dominasi Express,190
0.02928453861586751,0.05861514614519719,0.3445207220950928,2355,1576,3931,0.5333333333333333,Skenario 4 - Dominasi Express,191
0.022786377501790155,0.05004082830776281,0.27738693467336684,2374,1603,3977,0.5333333333333333,Skenario 4 - Dominasi Express,192
0.0289377599049747,0.06234436727632935,0.3554576095410941,2301,1553,3854,0.5333333333333333,Skenario 4 - Dominasi Express,193
0.019826494141270842,0.0442734973972396,0.2285485164394547,2235,1505,3740,0.5333333333333333,Skenario 4 - Dominasi Express,194
0.029578709736304335,0.07103657708435417,0.3677827577115739,2321,1469,3790,0.5333333333333333,Skenario 4 - Dominasi Express,195
0.03058081289030055,0.060923703169105226,0.3334187596104562,2381,1518,3899,0.5333333333333333,Skenario 4 - Dominasi Express,196
0.03031829058860358,0.06906949705066628,0.37770817019055075,2325,1504,3829,0.5333333333333333,Skenario 4 - Dominasi Express,197
0.023310163108729805,0.03924385888736382,0.20461783439490447,2281,1487,3768,0.5333333333333333,Skenario 4 - Dominasi Express,198
0.024570806992454314,0.044971856545202395,0.26947475260086273,2409,1531,3940,0.5333333333333333,Skenario 4 - Dominasi Express,199
0.025596061817381232,0.06747596874391279,0.34854014598540145,2360,1473,3833,0.5333333333333333,Skenario 4 - Dominasi Express,200
0.023660962893771963,0.049897603268691595,0.26186155042779363,2321,1535,3856,0.5333333333333333,Skenario 4 - Dominasi Express,201
0.025511087660257947,0.050840650122049226,0.27745965642894327,2355,1486,3841,0.5333333333333333,Skenario 4 - Dominasi Express,202
0.0293860703846051,0.06768373412785039,0.37632078027634785,2206,1484,3690,0.5333333333333333,Skenario 4 - Dominasi Express,203
0.023780401192584184,0.051340537461129876,0.2762128325508607,2302,1529,3831,0.5333333333333333,Skenario 4 - Dominasi Express,204
0.026343280766936997,0.05801318273996267,0.3212646608873024,2359,1560,3919,0.5333333333333333,Skenario 4 - Dominasi Express,205
0.026762123611074204,0.05248161256180241,0.27354497354497354,2265,1513,3778,0.5333333333333333,Skenario 4 - Dominasi Express,206
0.027080213900572192,0.061989825269596704,0.35307811691670976,2294,1571,3865,0.5333333333333333,Skenario 4 - Dominasi Express,207
0.02108320094183538,0.04326367394652654,0.23398760330578514,2313,1556,3869,0.5333333333333333,Skenario 4 - Dominasi Express,208
0.026927957115714163,0.06285691538255338,0.31466314398943196,2279,1503,3782,0.5333333333333333,Skenario 4 - Dominasi Express,209
0.027802139906743358,0.056983927074120796,0.33281693777433513,2319,1553,3872,0.5333333333333333,Skenario 4 - Dominasi Express,210
0.0288681858112131,0.05854877998043966,0.32842105263157895,2313,1484,3797,0.5333333333333333,Skenario 4 - Dominasi Express,211
0.03311448057492984,0.05236040010826592,0.3180878552971576,2324,1543,3867,0.5333333333333333,Skenario 4 - Dominasi Express,212
0.021604012456194477,0.050455192729222394,0.2624352331606218,2317,1540,3857,0.5333333333333333,Skenario 4 - Dominasi Express,213
0.02740818322390894,0.05011643030495977,0.2718421052631579,2328,1472,3800,0.5333333333333333,Skenario 4 - Dominasi Express,214
0.02328989733929089,0.06791256952417615,0.3295687885010267,2311,1582,3893,0.5333333333333333,Skenario 4 - Dominasi Express,215
0.0269694452133053,0.05667109070702526,0.3287671232876712,2387,1553,3940,0.5333333333333333,Skenario 4 - Dominasi Express,216
0.026805369064839605,0.05593275052047614,0.30413049197579584,2279,1522,3801,0.5333333333333333,Skenario 4 - Dominasi Express,217
0.02462432963105525,0.04879456872384634,0.26790945406125166,2274,1481,3755,0.5333333333333333,Skenario 4 - Dominasi Express,218
0.024235055987171537,0.043636537418750794,0.23599681444119988,2298,1467,3765,0.5333333333333333,Skenario 4 - Dominasi Express,219
0.022944368060769566,0.04683938518027786,0.24473342002600781,2304,1539,3843,0.5333333333333333,Skenario 4 - Dominasi Express,220
0.022495298197925447,0.0458314133926909,0.24489795918367346,2262,1511,3773,0.5333333333333333,Skenario 4 - Dominasi Express,221
0.02597786636356146,0.05267476687118939,0.2732970027247956,2176,1491,3667,0.5333333333333333,Skenario 4 - Dominasi Express,222
0.02333920620472218,0.044157003880070184,0.2338156892612338,2363,1573,3936,0.5333333333333333,Skenario 4 - Dominasi Express,223
0.028005253685012502,0.09324364365787853,0.4713795832234239,2223,1565,3788,0.5333333333333333,Skenario 4 - Dominasi Express,224
0.023941802595840445,0.04697662052890686,0.2713992824192722,2352,1547,3899,0.5333333333333333,Skenario 4 - Dominasi Express,225
0.028264093248985437,0.060668061605331065,0.3054350599642766,2317,1599,3916,0.5333333333333333,Skenario 4 - Dominasi Express,226
0.028848809766071893,0.049052650586414136,0.28662589736772137,2280,1479,3759,0.5333333333333333,Skenario 4 - Dominasi Express,227
0.02600576306653505,0.058723691440759895,0.3099476439790576,2328,1491,3819,0.5333333333333333,Skenario 4 - Dominasi Express,228
0.025335270315111853,0.05944060548987812,0.30706806282722515,2281,1536,3817,0.5333333333333333,Skenario 4 - Dominasi Express,229
0.026257270574499895,0.049458720912464824,0.28861682729877575,2345,1491,3836,0.5333333333333333,Skenario 4 - Dominasi Express,230
0.03248125092598156,0.06941649079527289,0.3709221679938351,2302,1588,3890,0.5333333333333333,Skenario 4 - Dominasi Express,231
0.029295793686166752,0.07032653426673623,0.3721467042831495,2343,1554,3897,0.5333333333333333,Skenario 4 - Dominasi Express,232
0.025921077365651427,0.05923929735477678,0.3007678051363516,2279,1495,3774,0.5333333333333333,Skenario 4 - Dominasi Express,233
0.027808591893885518,0.059581633252404585,0.348,2419,1579,3998,0.5333333333333333,Skenario 4 - Dominasi Express,234
0.02637574626743747,0.05217924433427727,0.28775669352742395,2278,1568,3846,0.5333333333333333,Skenario 4 - Dominasi Express,235
0.024484860797371073,0.05778716771534422,0.31884435190005206,2284,1555,3839,0.5333333333333333,Skenario 4 - Dominasi Express,236
0.028572888915732078,0.06952638454603481,0.37751108792068877,2253,1580,3833,0.5333333333333333,Skenario 4 - Dominasi Express,237
0.02557660866969135,0.0501832396957897,0.2725393955050375,2317,1553,3870,0.5333333333333333,Skenario 4 - Dominasi Express,238
0.029011054960819307,0.06947141496288779,0.37634133878385284,2320,1591,3911,0.5333333333333333,Skenario 4 - Dominasi Express,239
0.024811083426298543,0.04924793706363482,0.25844190374900294,2243,1516,3759,0.5333333333333333,Skenario 4 - Dominasi Express,240
0.024277275976953585,0.05482334482001039,0.29500914554481317,2302,1525,3827,0.5333333333333333,Skenario 4 - Dominasi Express,241
0.025592131841822758,0.07197316465538088,0.3494265137369965,2331,1417,3748,0.5333333333333333,Skenario 4 - Dominasi Express,242
0.02739177981539168,0.04837970618997102,0.26631578947368423,2272,1527,3799,0.5333333333333333,Skenario 4 - Dominasi Express,243
0.020850746237371386,0.04996378942595418,0.24887118193891103,2300,1465,3765,0.5333333333333333,Skenario 4 - Dominasi Express,244
0.027732105451711623,0.05799527299494155,0.3368526897938663,2368,1607,3975,0.5333333333333333,Skenario 4 - Dominasi Express,245
0.030477438324383384,0.06256523550552395,0.3323100537221796,2366,1543,3909,0.5333333333333333,Skenario 4 - Dominasi Express,246
0.0291342184898694,0.06435386294410543,0.34524734524734524,2260,1600,3860,0.5333333333333333,Skenario 4 - Dominasi Express,247
0.025185635835221435,0.05258577752138371,0.26325656132833425,2233,1500,3733,0.5333333333333333,Skenario 4 - Dominasi Express,248
0.021365857179181477,0.04765304457195157,0.23659305993690852,2284,1519,3803,0.5333333333333333,Skenario 4 - Dominasi Express,249
0.02492571261323025,0.047850562406063335,0.26001571091908876,2295,1523,3818,0.5333333333333333,Skenario 4 - Dominasi Express,250
0.033093090800524624,0.07650932689294591,0.4290639087775126,2289,1481,3770,0.5333333333333333,Skenario 4 - Dominasi Express,251
0.02998165306308702,0.06258703223032139,0.3568135245901639,2346,1555,3901,0.5333333333333333,Skenario 4 - Dominasi Express,252
0.02818324176536302,0.056333364667878805,0.3128818737270876,2302,1623,3925,0.5333333333333333,Skenario 4 - Dominasi Express,253
0.03151484350773006,0.07684803270738616,0.42305699481865283,2287,1573,3860,0.5333333333333333,Skenario 4 - Dominasi Express,254
0.027577397947222138,0.05888918864279535,0.32129032258064516,2357,1515,3872,0.5333333333333333,Skenario 4 - Dominasi Express,255
0.028567097164604663,0.06523027432494162,0.33603034134007587,2388,1566,3954,0.5333333333333333,Skenario 4 - Dominasi Express,256
0.029686390659441703,0.05833530893305372,0.3324682065922658,2368,1483,3851,0.5333333333333333,Skenario 4 - Dominasi Express,257
0.029514487075923686,0.05690098439203777,0.32723524864725584,2333,1548,3881,0.5333333333333333,Skenario 4 - Dominasi Express,258
0.027258604694819465,0.0598142483652943,0.3145139813581891,2250,1504,3754,0.5333333333333333,Skenario 4 - Dominasi Express,259
0.030411216838877105,0.06287228533879335,0.37509491268033407,2374,1575,3949,0.5333333333333333,Skenario 4 - Dominasi Express,260
0.023877893151458895,0.04767517913688837,0.2560562646522532,2289,1550,3839,0.5333333333333333,Skenario 4 - Dominasi Express,261
0.022974379466192775,0.038795316270776335,0.21544079290558163,2317,1515,3832,0.5333333333333333,Skenario 4 - Dominasi Express,262
0.023155975787977692,0.05028031247044881,0.27860948997716317,2395,1545,3940,0.5333333333333333,Skenario 4 - Dominasi Express,263
0.028237571764179358,0.060034059065477985,0.3454981353223229,2243,1509,3752,0.5333333333333333,Skenario 4 - Dominasi Express,264
0.026326405916511565,0.06011781950437017,0.32288317256162913,2262,1468,3730,0.5333333333333333,Skenario 4 - Dominasi Express,265
0.024589878961627905,0.06031807264900762,0.3172900863196443,2283,1540,3823,0.5333333333333333,Skenario 4 - Dominasi Express,266
0.024626784517546754,0.05953677857247469,0.3144802304268133,2250,1569,3819,0.5333333333333333,Skenario 4 - Dominasi Express,267
0.028849290574016886,0.06531971391375589,0.33527851458885943,2281,1488,3769,0.5333333333333333,Skenario 4 - Dominasi Express,268
0.02268384158590239,0.051767247434796514,0.26483164083377875,2254,1487,3741,0.5333333333333333,Skenario 4 - Dominasi Express,269
0.02135359532492698,0.044340370942324694,0.25645661157024796,2310,1560,3870,0.5333333333333333,Skenario 4 - Dominasi Express,270
0.028903839865916933,0.04703561152588385,0.2681757656458056,2235,1519,3754,0.5333333333333333,Skenario 4 - Dominasi Express,271
0.025806829520263974,0.04920658117244906,0.275044608717818,2333,1589,3922,0.5333333333333333,Skenario 4 - Dominasi Express,272
0.02949151044850718,0.06782898332004673,0.3781362007168459,2335,1569,3904,0.5333333333333333,Skenario 4 - Dominasi Express,273
0.03329734683759144,0.07487088651474663,0.4415212294868455,2310,1527,3837,0.5333333333333333,Skenario 4 - Dominasi Express,274
0.02172173204766329,0.05004213943993992,0.2566554665288188,2298,1571,3869,0.5333333333333333,Skenario 4 - Dominasi Express,275
0.02801850194896645,0.06474750198155452,0.363317464294663,2371,1619,3990,0.5333333333333333,Skenario 4 - Dominasi Express,276
0.024565647969480183,0.05373171618214122,0.28501164897747866,2355,1506,3861,0.5333333333333333,Skenario 4 - Dominasi Express,277
0.03487376294411445,0.08857794145939325,0.48660484286450284,2301,1580,3881,0.5333333333333333,Skenario 4 - Dominasi Express,278
0.025553799791466346,0.061579997384057776,0.3381893860561915,2256,1588,3844,0.5333333333333333,Skenario 4 - Dominasi Express,279
0.02203387286844503,0.040116978792160786,0.2128317443957743,2357,1522,3879,0.5333333333333333,Skenario 4 - Dominasi Express,280
0.02319683870597377,0.03700489497080554,0.22592399791775117,2272,1567,3839,0.5333333333333333,Skenario 4 - Dominasi Express,281
0.01928668970408824,0.038855368640718334,0.18848451928299836,2203,1477,3680,0.5333333333333333,Skenario 4 - Dominasi Express,282
0.022912104503172374,0.050136561610169106,0.2734395403499608,2336,1491,3827,0.5333333333333333,Skenario 4 - Dominasi Express,283
0.02225922052542339,0.04072513684642119,0.21516662293361322,2316,1493,3809,0.5333333333333333,Skenario 4 - Dominasi Express,284
0.02932825267160995,0.061175902818367205,0.3379772961816305,2273,1601,3874,0.5333333333333333,Skenario 4 - Dominasi Express,285
0.027704115518060998,0.05132978930084564,0.2809699525566684,2297,1496,3793,0.5333333333333333,Skenario 4 - Dominasi Express,286
0.0248176184525609,0.04022686953400096,0.23005070723245263,2258,1487,3745,0.5333333333333333,Skenario 4 - Dominasi Express,287
0.029895062587365906,0.06750653363014712,0.3694810224632068,2322,1548,3870,0.5333333333333333,Skenario 4 - Dominasi Express,288
0.021766694900824026,0.04246947078531128,0.21545547594677583,2311,1597,3908,0.5333333333333333,Skenario 4 - Dominasi Express,289
0.02621042605671113,0.05423934454482645,0.30045754956786985,2325,1607,3932,0.5333333333333333,Skenario 4 - Dominasi Express,290
0.02825808860276234,0.07853741830539936,0.39474355702985453,2339,1578,3917,0.5333333333333333,Skenario 4 - Dominasi Express,291
0.022332352152267025,0.04995813003355856,0.25964149918522544,2171,1510,3681,0.5333333333333333,Skenario 4 - Dominasi Express,292
0.02337647059961175,0.040701702661360785,0.23979193758127437,2278,1564,3842,0.5333333333333333,Skenario 4 - Dominasi Express,293
0.024463230127266054,0.04850171492191709,0.2588483888008452,2264,1519,3783,0.5333333333333333,Skenario 4 - Dominasi Express,294
0.021342926314748406,0.044823085429022656,0.21594165147173744,2298,1540,3838,0.5333333333333333,Skenario 4 - Dominasi Express,295
0.02724586586095297,0.05948699334650494,0.33747090768037236,2313,1553,3866,0.5333333333333333,Skenario 4 - Dominasi Express,296
0.022186757611228892,0.042986518391605805,0.22866894197952217,2302,1505,3807,0.5333333333333333,Skenario 4 - Dominasi Express,297
0.030830938364037615,0.06990618271463864,0.3862583633556356,2347,1536,3883,0.5333333333333333,Skenario 4 - Dominasi Express,298
0.029681041005104936,0.061699827650143146,0.34276891405043747,2371,1512,3883,0.5333333333333333,Skenario 4 - Dominasi Express,299
0.028116186728576617,0.05316449142563442,0.29444298130102714,2292,1502,3794,0.5333333333333333,Skenario 4 - Dominasi Express,300
0.02654899119984446,0.05828982886350884,0.3067677031617455,2275,1552,3827,0.5333333333333333,Skenario 4 - Dominasi Express,301
0.024025532911031218,0.054021046810754654,0.2941329856584094,2367,1466,3833,0.5333333333333333,Skenario 4 - Dominasi Express,302
0.022485757980153877,0.04527344006785387,0.26404642574518594,2278,1512,3790,0.5333333333333333,Skenario 4 - Dominasi Express,303
0.031281526961194704,0.055807331756113646,0.34609292502639916,2285,1500,3785,0.5333333333333333,Skenario 4 - Dominasi Express,304
0.02250564796445825,0.05225850054681783,0.2537656369670666,2354,1560,3914,0.5333333333333333,Skenario 4 - Dominasi Express,305
0.02920956875114803,0.07084667800619787,0.38192119495235644,2342,1540,3882,0.5333333333333333,Skenario 4 - Dominasi Express,306
0.03291209042651293,0.07533069558838933,0.38705518308406395,2325,1551,3876,0.5333333333333333,Skenario 4 - Dominasi Express,307
0.023103871561975898,0.051025516767037774,0.258498023715415,2239,1554,3793,0.5333333333333333,Skenario 4 - Dominasi Express,308
0.026908406890181185,0.0602347363225893,0.30858170606372043,2343,1548,3891,0.5333333333333333,Skenario 4 - Dominasi Express,309
0.027946537500341366,0.07173356520702086,0.36235233692860813,2318,1573,3891,0.5333333333333333,Skenario 4 - Dominasi Express,310
0.0278485043145362,0.057601788283045796,0.31333859510655093,2274,1524,3798,0.5333333333333333,Skenario 4 - Dominasi Express,311
0.028097740191941254,0.06624974923805073,0.3537554473211997,2368,1531,3899,0.5333333333333333,Skenario 4 - Dominasi Express,312
0.030897490741236922,0.07078992806426208,0.39912618864045235,2336,1553,3889,0.5333333333333333,Skenario 4 - Dominasi Express,313
0.026803478166764136,0.04458232075414095,0.2685402029664325,2292,1549,3841,0.5333333333333333,Skenario 4 - Dominasi Express,314
0.023626745731339473,0.052781408426789155,0.27312775330396477,2297,1561,3858,0.5333333333333333,Skenario 4 - Dominasi Express,315
0.022657265174436527,0.04360719365121145,0.2340036563071298,2237,1591,3828,0.5333333333333333,Skenario 4 - Dominasi Express,316
0.025636950830814246,0.05223426551242432,0.270026525198939,2254,1515,3769,0.5333333333333333,Skenario 4 - Dominasi Express,317
0.028019562884602826,0.06224318455020486,0.3287206266318538,2306,1524,3830,0.5333333333333333,Skenario 4 - Dominasi Express,318
0.030575456491111395,0.07259017383948324,0.38894821142552055,2273,1470,3743,0.5333333333333333,Skenario 4 - Dominasi Express,319
0.027078635802233856,0.07558896880398003,0.3967405143875732,2407,1520,3927,0.5333333333333333,Skenario 4 - Dominasi Express,320
0.03394534126418924,0.07392149743770268,0.4033915724563207,2340,1550,3890,0.5333333333333333,Skenario 4 - Dominasi Express,321
0.025901399175200568,0.05388860710351357,0.29036492517721185,2288,1521,3809,0.5333333333333333,Skenario 4 - Dominasi Express,322
0.02438807000119563,0.046042944601957,0.2528252299605782,2309,1496,3805,0.5333333333333333,Skenario 4 - Dominasi Express,323
0.02398985349573147,0.04938388737443534,0.2743480574773816,2245,1511,3756,0.5333333333333333,Skenario 4 - Dominasi Express,324
0.02545841052114273,0.055855935914344026,0.3200414293112377,2300,1561,3861,0.5333333333333333,Skenario 4 - Dominasi Express,325
0.02366046148220403,0.04100766977087103,0.22306910569105692,2387,1548,3935,0.5333333333333333,Skenario 4 - Dominasi Express,326
0.024871940383291817,0.05819788308909349,0.3083581282120638,2221,1476,3697,0.5333333333333333,Skenario 4 - Dominasi Express,327
0.02144733111257447,0.04207644827475039,0.21208158995815898,2286,1537,3823,0.5333333333333333,Skenario 4 - Dominasi Express,328
0.023580659101222753,0.05056111400850795,0.2868197059582151,2337,1540,3877,0.5333333333333333,Skenario 4 - Dominasi Express,329
0.033885171194076386,0.06994951719643315,0.4128933231005372,2305,1601,3906,0.5333333333333333,Skenario 4 - Dominasi Express,330
0.02746298812181132,0.06447918838844521,0.33127572016460904,2331,1555,3886,0.5333333333333333,Skenario 4 - Dominasi Express,331
0.023747811411685617,0.04675516487574776,0.2523483117542524,2400,1539,3939,0.5333333333333333,Skenario 4 - Dominasi Express,332
0.025951579900944568,0.05134040454190515,0.2893427598847866,2336,1483,3819,0.5333333333333333,Skenario 4 - Dominasi Express,333
0.028018917877852264,0.057399788978994205,0.29589114194236926,2266,1480,3746,0.5333333333333333,Skenario 4 - Dominasi Express,334
0.021696025053691812,0.040233613784845725,0.22354533152909337,2217,1475,3692,0.5333333333333333,Skenario 4 - Dominasi Express,335
0.02669254117253619,0.06670071746620435,0.37246225923997917,2250,1591,3841,0.5333333333333333,Skenario 4 - Dominasi Express,336
0.027219750030971993,0.05105899576976415,0.28804930332261525,2228,1503,3731,0.5333333333333333,Skenario 4 - Dominasi Express,337
0.028029748242051487,0.050695019652510304,0.29637305699481864,2332,1527,3859,0.5333333333333333,Skenario 4 - Dominasi Express,338
0.025962722931118502,0.05340515996116387,0.3038631060409645,2352,1502,3854,0.5333333333333333,Skenario 4 - Dominasi Express,339
0.030114010880759726,0.05732150937004788,0.3272399588053553,2345,1537,3882,0.5333333333333333,Skenario 4 - Dominasi Express,340
0.024783527929663256,0.07324865403657603,0.4040144107050952,2317,1568,3885,0.5333333333333333,Skenario 4 - Dominasi Express,341
0.027563778074176055,0.04816779134885292,0.27471083070452157,2281,1522,3803,0.5333333333333333,Skenario 4 - Dominasi Express,342
0.02744269584829037,0.05985938886296417,0.3244304791830322,2330,1488,3818,0.5333333333333333,Skenario 4 - Dominasi Express,343
0.02695906978708512,0.056144769959004436,0.30642201834862387,2255,1560,3815,0.5333333333333333,Skenario 4 - Dominasi Express,344
0.02702294682116149,0.05914771384143416,0.30184804928131415,2391,1502,3893,0.5333333333333333,Skenario 4 - Dominasi Express,345
0.026004483307961415,0.05990300351147757,0.31767394616556627,2389,1549,3938,0.5333333333333333,Skenario 4 - Dominasi Express,346
0.025708023637035622,0.056009184779946555,0.3157894736842105,2323,1550,3873,0.5333333333333333,Skenario 4 - Dominasi Express,347
0.024432780727242254,0.05736648077144505,0.30104166666666665,2304,1535,3839,0.5333333333333333,Skenario 4 - Dominasi Express,348
0.03216689147853228,0.0896554765683449,0.46088957055214724,2347,1565,3912,0.5333333333333333,Skenario 4 - Dominasi Express,349
0.034824696021309595,0.09406858216230826,0.5273359840954275,2451,1571,4022,0.5333333333333333,Skenario 4 - Dominasi Express,350
0.02852141406129515,0.06168645292878624,0.33597545384812066,2315,1595,3910,0.5333333333333333,Skenario 4 - Dominasi Express,351
0.028751163600767148,0.0651327645910487,0.3632862644415918,2304,1589,3893,0.5333333333333333,Skenario 4 - Dominasi Express,352
0.03207580719990067,0.06699368915320433,0.4042440318302387,2232,1538,3770,0.5333333333333333,Skenario 4 - Dominasi Express,353
0.026298677294264997,0.05349973293187287,0.2887125671871001,2325,1580,3905,0.5333333333333333,Skenario 4 - Dominasi Express,354
0.027088451890863452,0.06219006831495498,0.3364965375737369,2352,1545,3897,0.5333333333333333,Skenario 4 - Dominasi Express,355
0.02859964355521374,0.06247790859193347,0.34017904160084256,2229,1569,3798,0.5333333333333333,Skenario 4 - Dominasi Express,356
0.03070773743478821,0.0626800023130613,0.37535966518441016,2306,1515,3821,0.5333333333333333,Skenario 4 - Dominasi Express,357
0.030608424524078564,0.06277261053353159,0.358095736332723,2267,1555,3822,0.5333333333333333,Skenario 4 - Dominasi Express,358
0.02250252972555709,0.04849866840874075,0.27101564571731634,2239,1529,3768,0.5333333333333333,Skenario 4 - Dominasi Express,359
0.027213784974491954,0.06546928829138589,0.34423227831545905,2341,1480,3821,0.5333333333333333,Skenario 4 - Dominasi Express,360
0.02246921817477925,0.03680951309409794,0.2117237687366167,2244,1489,3733,0.5333333333333333,Skenario 4 - Dominasi Express,361
0.029896210834331843,0.0732607478149651,0.4447389345348529,2247,1523,3770,0.5333333333333333,Skenario 4 - Dominasi Express,362
0.02772368893500605,0.06386909310600002,0.3472041612483745,2337,1507,3844,0.5333333333333333,Skenario 4 - Dominasi Express,363
0.028614613233167004,0.06681516710684436,0.34509903504316913,2319,1616,3935,0.5333333333333333,Skenario 4 - Dominasi Express,364
0.027251898819583457,0.04983576219123383,0.28063135366506153,2257,1478,3735,0.5333333333333333,Skenario 4 - Dominasi Express,365
0.02653610017326096,0.05146412334071504,0.26697075395760667,2283,1441,3724,0.5333333333333333,Skenario 4 - Dominasi Express,366
0.023724464552822837,0.0622250718759343,0.3143603133159269,2313,1514,3827,0.5333333333333333,Skenario 4 - Dominasi Express,367
0.028874556724398502,0.05923080206607215,0.3293288064768869,2282,1546,3828,0.5333333333333333,Skenario 4 - Dominasi Express,368
0.028469898895825563,0.05364955639807878,0.31538657820872673,2338,1580,3918,0.5333333333333333,Skenario 4 - Dominasi Express,369
0.02828143503501775,0.06050266871415936,0.3174890209248256,2294,1576,3870,0.5333333333333333,Skenario 4 - Dominasi Express,370
0.024115307812489516,0.044507153826066154,0.239682132786465,2336,1565,3901,0.5333333333333333,Skenario 4 - Dominasi Express,371
0.02313598127028259,0.04411672719203879,0.2517814726840855,2249,1538,3787,0.5333333333333333,Skenario 4 - Dominasi Express,372
0.02049030530075834,0.03764135090507303,0.20199632256369845,2291,1515,3806,0.5333333333333333,Skenario 4 - Dominasi Express,373
0.029675741518387904,0.05593598691035866,0.3302516692347201,2369,1522,3891,0.5333333333333333,Skenario 4 - Dominasi Express,374
0.025532108192011904,0.06421842870010532,0.33588188768784605,2295,1496,3791,0.5333333333333333,Skenario 4 - Dominasi Express,375
0.028564388844103276,0.05996557520596521,0.3442622950819672,2357,1607,3964,0.5333333333333333,Skenario 4 - Dominasi Express,376
0.022402129591939702,0.05159537322099667,0.2503321817698645,2270,1490,3760,0.5333333333333333,Skenario 4 - Dominasi Express,377
0.024735650276622494,0.06224294803284508,0.3143830233167409,2269,1546,3815,0.5333333333333333,Skenario 4 - Dominasi Express,378
0.029298070065827814,0.05911328510090623,0.3481246698362388,2260,1523,3783,0.5333333333333333,Skenario 4 - Dominasi Express,379
0.027016576809944785,0.054728529855131304,0.30962566844919787,2190,1550,3740,0.5333333333333333,Skenario 4 - Dominasi Express,380
0.023775736818685632,0.047981363732188656,0.2706470278800631,2291,1510,3801,0.5333333333333333,Skenario 4 - Dominasi Express,381
0.027170725175394643,0.061645390512431585,0.34007782101167316,2318,1536,3854,0.5333333333333333,Skenario 4 - Dominasi Express,382
0.025837312582891497,0.05566596893890498,0.31590013140604467,2250,1553,3803,0.5333333333333333,Skenario 4 - Dominasi Express,383
0.02461340335122202,0.05730817857465421,0.29451137884872824,2303,1432,3735,0.5333333333333333,Skenario 4 - Dominasi Express,384
0.026618150594865653,0.05526201915769588,0.30743243243243246,2299,1549,3848,0.5333333333333333,Skenario 4 - Dominasi Express,385
0.02926907802848297,0.0604020055319898,0.32936302433972037,2330,1531,3861,0.5333333333333333,Skenario 4 - Dominasi Express,386
0.021991251986750757,0.04544552429041581,0.25077720207253884,2323,1534,3857,0.5333333333333333,Skenario 4 - Dominasi Express,387
0.02422322496556737,0.05873406430550455,0.3041196536342167,2311,1499,3810,0.5333333333333333,Skenario 4 - Dominasi Express,388
0.02207998260879232,0.04809032178091997,0.24941114891389687,2297,1523,3820,0.5333333333333333,Skenario 4 - Dominasi Express,389
0.019225277685775487,0.03882979616645128,0.20311284046692607,2320,1534,3854,0.5333333333333333,Skenario 4 - Dominasi Express,390
0.02901518869794371,0.05491444424019102,0.32053251408090117,2363,1541,3904,0.5333333333333333,Skenario 4 - Dominasi Express,391
0.024666891258673763,0.05382218632022937,0.268,2260,1487,3747,0.5333333333333333,Skenario 4 - Dominasi Express,392
0.0267067545865891,0.050092330982080005,0.30186721991701243,2299,1554,3853,0.5333333333333333,Skenario 4 - Dominasi Express,393
0.028286448181886435,0.06062498643578352,0.32222222222222224,2357,1511,3868,0.5333333333333333,Skenario 4 - Dominasi Express,394
0.02292775969624711,0.05198052413844095,0.2759548144163529,2219,1497,3716,0.5333333333333333,Skenario 4 - Dominasi Express,395
0.02685715740979663,0.049193125690432445,0.2783068783068783,2258,1521,3779,0.5333333333333333,Skenario 4 - Dominasi Express,396
0.026944390506145492,0.055629039947859636,0.2925887802367473,2341,1545,3886,0.5333333333333333,Skenario 4 - Dominasi Express,397
0.024239203928330535,0.053591210680057115,0.29484856329277764,2331,1530,3861,0.5333333333333333,Skenario 4 - Dominasi Express,398
0.024297254145181642,0.06772386607008993,0.3617677286742035,2266,1625,3891,0.5333333333333333,Skenario 4 - Dominasi Express,399
0.02512290231032122,0.05572243713952409,0.28628930817610065,2438,1534,3972,0.5333333333333333,Skenario 4 - Dominasi Express,400
0.02126395381517948,0.04511511068524729,0.23580901856763925,2264,1503,3767,0.5333333333333333,Skenario 4 - Dominasi Express,401
0.02768468657526943,0.055152605432529325,0.3139167105956774,2213,1581,3794,0.5333333333333333,Skenario 4 - Dominasi Express,402
0.021838016011692277,0.04745629973101003,0.24743083003952568,2263,1531,3794,0.5333333333333333,Skenario 4 - Dominasi Express,403
0.028736011344069293,0.07178899914988815,0.37531742001015744,2383,1554,3937,0.5333333333333333,Skenario 4 - Dominasi Express,404
0.022045689982515274,0.04799719530012231,0.25254104769351055,2288,1549,3837,0.5333333333333333,Skenario 4 - Dominasi Express,405
0.0257125009240666,0.04518466693420096,0.26272281064324465,2337,1531,3868,0.5333333333333333,Skenario 4 - Dominasi Express,406
0.027275510460845594,0.04474776291455674,0.2566761731915997,2266,1590,3856,0.5333333333333333,Skenario 4 - Dominasi Express,407
0.026109898140043906,0.06366615239807766,0.33706720977596744,2391,1534,3925,0.5333333333333333,Skenario 4 - Dominasi Express,408
0.022979000241752957,0.044114958575010396,0.24282328153805635,2291,1503,3794,0.5333333333333333,Skenario 4 - Dominasi Express,409
0.022800084234806593,0.054174673419351733,0.27908203640200474,2271,1519,3790,0.5333333333333333,Skenario 4 - Dominasi Express,410
0.026827022737372194,0.05933634811774539,0.3377847604084839,2267,1552,3819,0.5333333333333333,Skenario 4 - Dominasi Express,411
0.027309540270184094,0.06356850733790333,0.3363590519415028,2398,1567,3965,0.5333333333333333,Skenario 4 - Dominasi Express,412
0.028998592578334578,0.06133733262507533,0.3325569358178054,2335,1526,3861,0.5333333333333333,Skenario 4 - Dominasi Express,413
0.02647246525085884,0.052424774651898695,0.28530633437175495,2314,1537,3851,0.5333333333333333,Skenario 4 - Dominasi Express,414
0.022620310228710586,0.04270577325343932,0.2265193370165746,2230,1570,3800,0.5333333333333333,Skenario 4 - Dominasi Express,415
0.025655476524007428,0.05007844152500396,0.2710951526032316,2324,1575,3899,0.5333333333333333,Skenario 4 - Dominasi Express,416
0.022375371275775508,0.04304018866898501,0.2229044313934864,2236,1510,3746,0.5333333333333333,Skenario 4 - Dominasi Express,417
0.027549296864965222,0.058810860467518565,0.3293460925039872,2236,1525,3761,0.5333333333333333,Skenario 4 - Dominasi Express,418
0.03377958516559366,0.06482216764889001,0.3797501301405518,2328,1514,3842,0.5333333333333333,Skenario 4 - Dominasi Express,419
0.028409921096591257,0.06750797176271182,0.35933867217773185,2321,1548,3869,0.5333333333333333,Skenario 4 - Dominasi Express,420
0.028157818034881835,0.06790391731033102,0.33508541392904073,2289,1515,3804,0.5333333333333333,Skenario 4 - Dominasi Express,421
0.028966611938725243,0.07255409815539142,0.4025303382390911,2394,1479,3873,0.5333333333333333,Skenario 4 - Dominasi Express,422
0.022577405278172417,0.05321450141300889,0.2696985721840296,2253,1529,3782,0.5333333333333333,Skenario 4 - Dominasi Express,423
0.024900035999160863,0.06363123227838739,0.32525306339904103,2189,1563,3752,0.5333333333333333,Skenario 4 - Dominasi Express,424
0.025864504465596915,0.0511985131285894,0.2678810608090008,2246,1487,3733,0.5333333333333333,Skenario 4 - Dominasi Express,425
0.03301243872258944,0.06117432171904015,0.36978636826042727,2369,1563,3932,0.5333333333333333,Skenario 4 - Dominasi Express,426
0.03116192552991473,0.07601346934057279,0.39802546115874254,2397,1452,3849,0.5333333333333333,Skenario 4 - Dominasi Express,427
0.03006555509266217,0.07033536466442819,0.3745213173346949,2421,1495,3916,0.5333333333333333,Skenario 4 - Dominasi Express,428
0.025436927460991837,0.0680067231568879,0.3560468140442133,2337,1506,3843,0.5333333333333333,Skenario 4 - Dominasi Express,429
0.021606228245604063,0.053188534726990325,0.25731610862114423,2301,1489,3790,0.5333333333333333,Skenario 4 - Dominasi Express,430
0.023405961769206177,0.05749058632346947,0.294478527607362,2328,1584,3912,0.5333333333333333,Skenario 4 - Dominasi Express,431
0.03157936831937773,0.05763432362655312,0.33714430894308944,2323,1611,3934,0.5333333333333333,Skenario 4 - Dominasi Express,432
0.024092351600981016,0.05525330143504979,0.27211796246648795,2300,1430,3730,0.5333333333333333,Skenario 4 - Dominasi Express,433
0.021694865495358224,0.04837741916745246,0.2567249934708801,2264,1564,3828,0.5333333333333333,Skenario 4 - Dominasi Express,434
0.020510827091350627,0.04517012293766013,0.21747066492829203,2351,1483,3834,0.5333333333333333,Skenario 4 - Dominasi Express,435
0.024152010190718703,0.05258656133269819,0.2735626148595432,2280,1529,3809,0.5333333333333333,Skenario 4 - Dominasi Express,436
0.028803208052712262,0.060675373007253224,0.32857897517168516,2249,1535,3784,0.5333333333333333,Skenario 4 - Dominasi Express,437
0.027713842598546704,0.05676043818177493,0.2989073881373569,2329,1514,3843,0.5333333333333333,Skenario 4 - Dominasi Express,438
0.024975691721759303,0.0560945180314569,0.3011776497118517,2409,1580,3989,0.5333333333333333,Skenario 4 - Dominasi Express,439
0.03201984697120339,0.08310079245250362,0.4328824141519251,2276,1565,3841,0.5333333333333333,Skenario 4 - Dominasi Express,440
0.025346028148402484,0.059173712161203484,0.3053257497414685,2370,1497,3867,0.5333333333333333,Skenario 4 - Dominasi Express,441
0.02204167439090008,0.050606315753746106,0.2556449519854659,2313,1538,3851,0.5333333333333333,Skenario 4 - Dominasi Express,442
0.025792306093439365,0.0468474170694419,0.27771939043615346,2271,1535,3806,0.5333333333333333,Skenario 4 - Dominasi Express,443
0.03210074942450339,0.06786104111497744,0.3806935817805383,2359,1503,3862,0.5333333333333333,Skenario 4 - Dominasi Express,444
0.02595877018413975,0.06313607953898405,0.34259018946275627,2327,1524,3851,0.5333333333333333,Skenario 4 - Dominasi Express,445
0.026761692765507453,0.06803510314357489,0.37330905306971907,2319,1524,3843,0.5333333333333333,Skenario 4 - Dominasi Express,446
0.023236165073751612,0.0427873948433218,0.2407837071410157,2328,1549,3877,0.5333333333333333,Skenario 4 - Dominasi Express,447
0.02139544890933487,0.04962737273614835,0.27321237993596587,2241,1504,3745,0.5333333333333333,Skenario 4 - Dominasi Express,448
0.028027190268396625,0.05995993629396628,0.30336487907465826,2306,1497,3803,0.5333333333333333,Skenario 4 - Dominasi Express,449
0.024143723486429427,0.043560146256481067,0.23620823620823622,2334,1526,3860,0.5333333333333333,Skenario 4 - Dominasi Express,450
0.023516023572729878,0.049691096453624,0.2659294365455503,2275,1522,3797,0.5333333333333333,Skenario 4 - Dominasi Express,451
0.02833729726360182,0.054765206543848165,0.28197517539125744,2313,1391,3704,0.5333333333333333,Skenario 4 - Dominasi Express,452
0.02715984617206741,0.055728979004154286,0.31753431753431755,2320,1539,3859,0.5333333333333333,Skenario 4 - Dominasi Express,453
0.028334058996768767,0.050887202790994075,0.27210526315789474,2253,1544,3797,0.5333333333333333,Skenario 4 - Dominasi Express,454
0.027244395518392264,0.06464528841096788,0.3299584631360332,2346,1503,3849,0.5333333333333333,Skenario 4 - Dominasi Express,455
0.02841866968764144,0.051845774153092716,0.28296335918694837,2215,1523,3738,0.5333333333333333,Skenario 4 - Dominasi Express,456
0.03426910539357687,0.063154969583089,0.3918007265179035,2266,1587,3853,0.5333333333333333,Skenario 4 - Dominasi Express,457
0.027933904792332546,0.05747833811573935,0.32785602503912364,2348,1486,3834,0.5333333333333333,Skenario 4 - Dominasi Express,458
0.026151213618274185,0.07004410358802952,0.3440724893027939,2468,1505,3973,0.5333333333333333,Skenario 4 - Dominasi Express,459
0.028750145278936174,0.05622378890011256,0.3086816720257235,2296,1433,3729,0.5333333333333333,Skenario 4 - Dominasi Express,460
0.027019594842792944,0.060656244113918935,0.3105961989065348,2303,1535,3838,0.5333333333333333,Skenario 4 - Dominasi Express,461
0.025226294578647026,0.05086368300806728,0.27292340884573896,2250,1457,3707,0.5333333333333333,Skenario 4 - Dominasi Express,462
0.025544689466872224,0.057021305029809885,0.3185452669589889,2303,1571,3874,0.5333333333333333,Skenario 4 - Dominasi Express,463
0.0271735373024797,0.05937141926286561,0.32011479259066006,2274,1558,3832,0.5333333333333333,Skenario 4 - Dominasi Express,464
0.02719060519102339,0.06779192414522309,0.32748231595493843,2309,1505,3814,0.5333333333333333,Skenario 4 - Dominasi Express,465
0.0248320855185218,0.05346199192243178,0.2938911704312115,2323,1573,3896,0.5333333333333333,Skenario 4 - Dominasi Express,466
0.027302562465723185,0.05429733456021476,0.29533542976939203,2293,1521,3814,0.5333333333333333,Skenario 4 - Dominasi Express,467
0.02534603632528333,0.053343797487849315,0.28061224489795916,2372,1547,3919,0.5333333333333333,Skenario 4 - Dominasi Express,468
0.029200603542382162,0.046848955007496314,0.25914477073673364,2333,1546,3879,0.5333333333333333,Skenario 4 - Dominasi Express,469
0.03785827542811008,0.08363129402550169,0.48323170731707316,2353,1581,3934,0.5333333333333333,Skenario 4 - Dominasi Express,470
0.026369816984925375,0.06318869818093324,0.3374057707304393,2358,1487,3845,0.5333333333333333,Skenario 4 - Dominasi Express,471
0.02604045064013499,0.05639745627517373,0.3077527501309586,2334,1481,3815,0.5333333333333333,Skenario 4 - Dominasi Express,472
0.03127459969470992,0.07000690120785541,0.38787096774193547,2332,1541,3873,0.5333333333333333,Skenario 4 - Dominasi Express,473
0.02733078356539213,0.050506943123738615,0.2827836925473903,2325,1523,3848,0.5333333333333333,Skenario 4 - Dominasi Express,474
0.023078242564473887,0.048931885914387,0.25630573248407645,2373,1551,3924,0.5333333333333333,Skenario 4 - Dominasi Express,475
0.031025435141116296,0.06616216073952008,0.347360167276529,2359,1466,3825,0.5333333333333333,Skenario 4 - Dominasi Express,476
0.02890468780646026,0.05426794902218486,0.297004132231405,2359,1512,3871,0.5333333333333333,Skenario 4 - Dominasi Express,477
0.030166217331155928,0.059324439842598914,0.3380718531920393,2347,1522,3869,0.5333333333333333,Skenario 4 - Dominasi Express,478
0.03240139600510227,0.06015308978503054,0.3664772727272727,2274,1595,3869,0.5333333333333333,Skenario 4 - Dominasi Express,479
0.02958732831765197,0.06524826892512534,0.35455010224948874,2383,1528,3911,0.5333333333333333,Skenario 4 - Dominasi Express,480
0.024985093546006316,0.04173086881654036,0.24278972207656005,2305,1508,3813,0.5333333333333333,Skenario 4 - Dominasi Express,481
0.029318891554923773,0.060917183569003816,0.32334549244398125,2316,1522,3838,0.5333333333333333,Skenario 4 - Dominasi Express,482
0.026314093688618995,0.06610630255827786,0.33644133644133645,2334,1525,3859,0.5333333333333333,Skenario 4 - Dominasi Express,483
0.0275426558039144,0.06737867970204221,0.38198675496688744,2200,1575,3775,0.5333333333333333,Skenario 4 - Dominasi Express,484
0.025626806861818587,0.05803179131029219,0.33976637887252414,2347,1591,3938,0.5333333333333333,Skenario 4 - Dominasi Express,485
0.025330031772110937,0.06172252275787091,0.31901209158734245,2407,1480,3887,0.5333333333333333,Skenario 4 - Dominasi Express,486
0.028575086160450704,0.06610251106011356,0.3671319462733737,2284,1510,3794,0.5333333333333333,Skenario 4 - Dominasi Express,487
0.021295628786442273,0.046695269789478855,0.2340756084930088,2344,1518,3862,0.5333333333333333,Skenario 4 - Dominasi Express,488
0.026993814595366147,0.05928114174480977,0.33084908171413363,2227,1528,3755,0.5333333333333333,Skenario 4 - Dominasi Express,489
0.027917405179789048,0.05484266094079974,0.2979529946929492,2390,1564,3954,0.5333333333333333,Skenario 4 - Dominasi Express,490
0.027906769770201893,0.07302522952395973,0.38344283837056503,2299,1504,3803,0.5333333333333333,Skenario 4 - Dominasi Express,491
0.029381576285648723,0.06557794838097046,0.3720626631853786,2243,1586,3829,0.5333333333333333,Skenario 4 - Dominasi Express,492
0.023572707032441492,0.0435449816374185,0.23201024327784892,2338,1564,3902,0.5333333333333333,Skenario 4 - Dominasi Express,493
0.02673409599246751,0.06693937550347383,0.34213197969543147,2394,1545,3939,0.5333333333333333,Skenario 4 - Dominasi Express,494
0.02887519978324322,0.07102826294262363,0.39730290456431533,2349,1507,3856,0.5333333333333333,Skenario 4 - Dominasi Express,495
0.026702742471342435,0.052580920664806394,0.2994246861924686,2298,1524,3822,0.5333333333333333,Skenario 4 - Dominasi Express,496
0.023127242505468517,0.05157483313301868,0.27934392619169657,2319,1583,3902,0.5333333333333333,Skenario 4 - Dominasi Express,497
0.02992080996104954,0.0639765970300802,0.3449702611843807,2326,1539,3865,0.5333333333333333,Skenario 4 - Dominasi Express,498
0.030048909570056757,0.06607822563825408,0.3523168521874191,2301,1560,3861,0.5333333333333333,Skenario 4 - Dominasi Express,499
0.025444493615876074,0.05309699114085825,0.2865482233502538,2374,1564,3938,0.5333333333333333,Skenario 4 - Dominasi Express,500
0.02546198073672541,0.05175397175088712,0.27314814814814814,2301,1584,3885,0.5333333333333333,Skenario 4 - Dominasi Express,501
0.031119567449867852,0.06608717782738041,0.348607133558969,2336,1504,3840,0.5333333333333333,Skenario 4 - Dominasi Express,502
0.0307675676345321,0.054271525262484355,0.2954190525767829,2289,1553,3842,0.5333333333333333,Skenario 4 - Dominasi Express,503
0.031728634227023586,0.06507502201836073,0.38284839203675347,2317,1598,3915,0.5333333333333333,Skenario 4 - Dominasi Express,504
0.030888088121853167,0.06768388200268484,0.3724993669283363,2378,1568,3946,0.5333333333333333,Skenario 4 - Dominasi Express,505
0.027392873175878758,0.04594145986583865,0.2698988851438942,2323,1531,3854,0.5333333333333333,Skenario 4 - Dominasi Express,506
0.025080176402729717,0.046118540006589936,0.2560146443514644,2263,1560,3823,0.5333333333333333,Skenario 4 - Dominasi Express,507
0.02469785939433531,0.04854598488354528,0.2886289445048966,2190,1483,3673,0.5333333333333333,Skenario 4 - Dominasi Express,508
0.02953073551746499,0.07842908331416995,0.40736896730669436,2308,1545,3853,0.5333333333333333,Skenario 4 - Dominasi Express,509
0.024776337415350555,0.05296610840061185,0.2885766328389279,2282,1559,3841,0.5333333333333333,Skenario 4 - Dominasi Express,510
0.027236694952859505,0.06546285408112526,0.3460847240051348,2366,1528,3894,0.5333333333333333,Skenario 4 - Dominasi Express,511
0.02299694438428178,0.052092033427433716,0.26341844710786866,2281,1554,3835,0.5333333333333333,Skenario 4 - Dominasi Express,512
0.025199858369704252,0.057367750113846254,0.30539549502357255,2261,1554,3815,0.5333333333333333,Skenario 4 - Dominasi Express,513
0.028086702581654247,0.05460414870709451,0.31134229890890636,2353,1588,3941,0.5333333333333333,Skenario 4 - Dominasi Express,514
0.025425887634857668,0.061546504531434926,0.3169840855726585,2318,1515,3833,0.5333333333333333,Skenario 4 - Dominasi Express,515
0.02806436910308576,0.06414121174157564,0.3426315789473684,2267,1531,3798,0.5333333333333333,Skenario 4 - Dominasi Express,516
0.022910788202902096,0.03757008872158976,0.20470774927267918,2306,1475,3781,0.5333333333333333,Skenario 4 - Dominasi Express,517
0.027134704996348975,0.06016240320426157,0.3290474940960378,2277,1532,3809,0.5333333333333333,Skenario 4 - Dominasi Express,518
0.026420633363547608,0.053708600882110116,0.28185127405096205,2345,1501,3846,0.5333333333333333,Skenario 4 - Dominasi Express,519
0.023989841251346074,0.05545221870792708,0.278853601859024,2314,1559,3873,0.5333333333333333,Skenario 4 - Dominasi Express,520
0.02913523316804183,0.07094143011323,0.3855050115651503,2343,1546,3889,0.5333333333333333,Skenario 4 - Dominasi Express,521
0.024247888474890004,0.04464033746384548,0.26004228329809725,2324,1459,3783,0.5333333333333333,Skenario 4 - Dominasi Express,522
0.0243447797044173,0.057877229024228954,0.28957430537853684,2379,1543,3922,0.5333333333333333,Skenario 4 - Dominasi Express,523
0.026416425201322934,0.055605411409441544,0.2990170719089498,2322,1542,3864,0.5333333333333333,Skenario 4 - Dominasi Express,524
0.02189483068500341,0.056134246612384774,0.27835325365205843,2288,1476,3764,0.5333333333333333,Skenario 4 - Dominasi Express,525
0.02626120196506052,0.058791191037256475,0.3293172690763052,2349,1633,3982,0.5333333333333333,Skenario 4 - Dominasi Express,526
0.020751170336944125,0.0416696712701237,0.2243839169909209,2315,1539,3854,0.5333333333333333,Skenario 4 - Dominasi Express,527
0.02953140311558874,0.07523634129555618,0.4364384971693258,2328,1557,3885,0.5333333333333333,Skenario 4 - Dominasi Express,528
0.03187009626891967,0.07208537707312782,0.3900856475473657,2233,1620,3853,0.5333333333333333,Skenario 4 - Dominasi Express,529
0.023236234901202406,0.05508999735001054,0.30116648992576883,2250,1519,3769,0.5333333333333333,Skenario 4 - Dominasi Express,530
0.024425010189398362,0.06164041516604365,0.30757575757575756,2370,1590,3960,0.5333333333333333,Skenario 4 - Dominasi Express,531
0.024859161834756154,0.051950818263105596,0.2766393442622951,2389,1512,3901,0.5333333333333333,Skenario 4 - Dominasi Express,532
0.026972635712157734,0.07130253163633618,0.36047120418848166,2314,1506,3820,0.5333333333333333,Skenario 4 - Dominasi Express,533
0.029418176640654235,0.058348189967814205,0.32807330109442606,2361,1565,3926,0.5333333333333333,Skenario 4 - Dominasi Express,534
0.02556148290051883,0.05319539297670598,0.29836651352730986,2330,1587,3917,0.5333333333333333,Skenario 4 - Dominasi Express,535
0.026235818685179654,0.07354176425141679,0.36342532886252255,2327,1550,3877,0.5333333333333333,Skenario 4 - Dominasi Express,536
0.033006372501353236,0.0848601458459783,0.48404255319148937,2369,1579,3948,0.5333333333333333,Skenario 4 - Dominasi Express,537
0.027952888364006546,0.05894305691368085,0.29667840966280823,2409,1562,3971,0.5333333333333333,Skenario 4 - Dominasi Express,538
0.029044900016990085,0.05661861295651034,0.3176745393200104,2310,1540,3850,0.5333333333333333,Skenario 4 - Dominasi Express,539
0.03317553327198246,0.08159794490091778,0.44818913480885314,2392,1582,3974,0.5333333333333333,Skenario 4 - Dominasi Express,540
0.021585131311867647,0.04512235059973644,0.24854023863924854,2324,1613,3937,0.5333333333333333,Skenario 4 - Dominasi Express,541
0.02305585916631163,0.04821783676383588,0.24734524734524735,2275,1586,3861,0.5333333333333333,Skenario 4 - Dominasi Express,542
0.02889960888922448,0.06412033365782,0.35981186307812907,2295,1530,3825,0.5333333333333333,Skenario 4 - Dominasi Express,543
0.031354711140415076,0.053512391640414644,0.3065094823167606,2398,1501,3899,0.5333333333333333,Skenario 4 - Dominasi Express,544
0.025625903008599012,0.05352523455876362,0.29527665317139,2213,1489,3702,0.5333333333333333,Skenario 4 - Dominasi Express,545
0.031269429772143593,0.06033650315561836,0.36955948298601954,2211,1577,3788,0.5333333333333333,Skenario 4 - Dominasi Express,546
0.026630355934721576,0.05996735126482436,0.34615384615384615,2390,1481,3871,0.5333333333333333,Skenario 4 - Dominasi Express,547
0.029481197414987205,0.06653616689376073,0.35013262599469497,2301,1467,3768,0.5333333333333333,Skenario 4 - Dominasi Express,548
0.030150122221379548,0.07240051632518456,0.41713127217435375,2375,1568,3943,0.5333333333333333,Skenario 4 - Dominasi Express,549
0.024494738484547918,0.04824498597773643,0.2597301504929943,2268,1584,3852,0.5333333333333333,Skenario 4 - Dominasi Express,550
0.03179045812890029,0.06421611281050475,0.3502708279597627,2378,1496,3874,0.5333333333333333,Skenario 4 - Dominasi Express,551
0.030972860052492848,0.05937135204669368,0.33255873999483604,2299,1571,3870,0.5333333333333333,Skenario 4 - Dominasi Express,552
0.02490407162899006,0.06199585819795084,0.3177771783113029,2193,1513,3706,0.5333333333333333,Skenario 4 - Dominasi Express,553
0.021866984189281756,0.053446197388354794,0.282017075773746,2294,1451,3745,0.5333333333333333,Skenario 4 - Dominasi Express,554
0.026961668923741588,0.0466520816073181,0.27188574451203384,2244,1535,3779,0.5333333333333333,Skenario 4 - Dominasi Express,555
0.02204157197730786,0.05834239249436224,0.2772775423728814,2312,1463,3775,0.5333333333333333,Skenario 4 - Dominasi Express,556
0.02580255128504093,0.05444629111404987,0.28720083246618106,2300,1542,3842,0.5333333333333333,Skenario 4 - Dominasi Express,557
0.026393009918256445,0.05258893466580831,0.27558649136375357,2356,1522,3878,0.5333333333333333,Skenario 4 - Dominasi Express,558
0.02679611743274673,0.04708645670232585,0.27522935779816515,2276,1539,3815,0.5333333333333333,Skenario 4 - Dominasi Express,559
0.028157727875068827,0.06264456722101697,0.33828125,2287,1551,3838,0.5333333333333333,Skenario 4 - Dominasi Express,560
0.023573109826036647,0.042154696588891635,0.22087506589351608,2273,1518,3791,0.5333333333333333,Skenario 4 - Dominasi Express,561
0.020383455369092356,0.033448845674684355,0.1724137931034483,2260,1509,3769,0.5333333333333333,Skenario 4 - Dominasi Express,562
0.02827129942997202,0.0592494102027509,0.3152454780361757,2347,1521,3868,0.5333333333333333,Skenario 4 - Dominasi Express,563
0.024316519346541794,0.04330489896787581,0.22880463401790416,2326,1469,3795,0.5333333333333333,Skenario 4 - Dominasi Express,564
0.032617209296963795,0.07221174799041634,0.4119592875318066,2376,1553,3929,0.5333333333333333,Skenario 4 - Dominasi Express,565
0.03200808612998688,0.06817331744867439,0.3918987341772152,2312,1635,3947,0.5333333333333333,Skenario 4 - Dominasi Express,566
0.026270689747509915,0.062083641769121005,0.34535547483134404,2276,1577,3853,0.5333333333333333,Skenario 4 - Dominasi Express,567
0.023739558517162678,0.05327493153371888,0.28367134685387413,2277,1567,3844,0.5333333333333333,Skenario 4 - Dominasi Express,568
0.02587628666721947,0.0551981394010435,0.2997448979591837,2374,1546,3920,0.5333333333333333,Skenario 4 - Dominasi Express,569
0.02190311111790956,0.043927974603868714,0.23742871954380507,2317,1541,3858,0.5333333333333333,Skenario 4 - Dominasi Express,570
0.026604480026796922,0.06089790180051736,0.3433138797259579,2363,1577,3940,0.5333333333333333,Skenario 4 - Dominasi Express,571
0.026947125955313726,0.07288349022474493,0.377720207253886,2350,1509,3859,0.5333333333333333,Skenario 4 - Dominasi Express,572
0.025797709075661868,0.05133868099449013,0.2756544502617801,2328,1489,3817,0.5333333333333333,Skenario 4 - Dominasi Express,573
0.02401017496576201,0.06593861385510191,0.3241772479917077,2316,1542,3858,0.5333333333333333,Skenario 4 - Dominasi Express,574
0.023316946889642656,0.045054061261605674,0.24551687763713081,2302,1488,3790,0.5333333333333333,Skenario 4 - Dominasi Express,575
0.029947484881877155,0.07966345087410176,0.42984922054689495,2296,1614,3910,0.5333333333333333,Skenario 4 - Dominasi Express,576
0.021924200414502975,0.04182685726428851,0.22245485475006543,2337,1484,3821,0.5333333333333333,Skenario 4 - Dominasi Express,577
0.03491604269072887,0.0814622086022435,0.46433072851020923,2368,1596,3964,0.5333333333333333,Skenario 4 - Dominasi Express,578
0.026287484797863025,0.04645575341441904,0.261136712749616,2352,1554,3906,0.5333333333333333,Skenario 4 - Dominasi Express,579
0.020965053699861996,0.05378669359918446,0.26133050622846543,2265,1507,3772,0.5333333333333333,Skenario 4 - Dominasi Express,580
0.024404298954537725,0.04310196471237861,0.23099184425151276,2233,1568,3801,0.5333333333333333,Skenario 4 - Dominasi Express,581
0.02378893642057701,0.06354515945947964,0.3229797315082917,2270,1527,3797,0.5333333333333333,Skenario 4 - Dominasi Express,582
0.023102812029832963,0.052041783638188344,0.26359399274987055,2306,1553,3859,0.5333333333333333,Skenario 4 - Dominasi Express,583
0.028526683231507963,0.056386691196860864,0.2863765130054082,2367,1513,3880,0.5333333333333333,Skenario 4 - Dominasi Express,584
0.026826336827186506,0.06475955495011045,0.35498960498960497,2308,1540,3848,0.5333333333333333,Skenario 4 - Dominasi Express,585
0.03213988021829753,0.05411861113151798,0.32576557550158397,2191,1596,3787,0.5333333333333333,Skenario 4 - Dominasi Express,586
0.02867081320179217,0.06291352246647583,0.3488249273831529,2259,1526,3785,0.5333333333333333,Skenario 4 - Dominasi Express,587
0.02914670673577885,0.08753959580912894,0.42941630239136025,2368,1520,3888,0.5333333333333333,Skenario 4 - Dominasi Express,588
0.02409856829292932,0.04578151580827011,0.2546846133544471,2307,1481,3788,0.5333333333333333,Skenario 4 - Dominasi Express,589
0.022341250944037425,0.04231653963252076,0.23006465517241378,2256,1454,3710,0.5333333333333333,Skenario 4 - Dominasi Express,590
0.027449270405518564,0.05889913272485554,0.3123412899949213,2354,1582,3936,0.5333333333333333,Skenario 4 - Dominasi Express,591
0.027460950529531243,0.06827602880863037,0.35900783289817234,2342,1485,3827,0.5333333333333333,Skenario 4 - Dominasi Express,592
0.017704810455028547,0.041587351860025365,0.19348812383239924,2263,1484,3747,0.5333333333333333,Skenario 4 - Dominasi Express,593
0.02120778489997599,0.03972413781917917,0.22157894736842104,2326,1473,3799,0.5333333333333333,Skenario 4 - Dominasi Express,594
0.03055836080851989,0.056576430307829474,0.29405576012624934,2296,1505,3801,0.5333333333333333,Skenario 4 - Dominasi Express,595
0.024924865500077786,0.05173317160907103,0.2661122661122661,2355,1492,3847,0.5333333333333333,Skenario 4 - Dominasi Express,596
0.02770675219264475,0.06928246179588571,0.37444357161560615,2313,1503,3816,0.5333333333333333,Skenario 4 - Dominasi Express,597
0.028856204710563303,0.06466005094736225,0.3356716030137698,2314,1532,3846,0.5333333333333333,Skenario 4 - Dominasi Express,598
0.028642240600866536,0.06052282138069169,0.3451443569553806,2305,1503,3808,0.5333333333333333,Skenario 4 - Dominasi Express,599
0.02857065029812332,0.05602850506848789,0.31118608876200365,2283,1570,3853,0.5333333333333333,Skenario 4 - Dominasi Express,600
0.024426597693010497,0.050688583008301986,0.26508844953173777,2355,1489,3844,0.5333333333333333,Skenario 4 - Dominasi Express,601
0.021083149851296046,0.05378802573590113,0.28894142369319675,2297,1510,3807,0.5333333333333333,Skenario 4 - Dominasi Express,602
0.024943894896977476,0.04661159250466719,0.25158227848101267,2336,1456,3792,0.5333333333333333,Skenario 4 - Dominasi Express,603
0.027111559042696753,0.053771588355117944,0.31901519119958094,2258,1560,3818,0.5333333333333333,Skenario 4 - Dominasi Express,604
0.024662820103950895,0.047311588391676256,0.2603295310519645,2348,1597,3945,0.5333333333333333,Skenario 4 - Dominasi Express,605
0.029773553104249586,0.08118025323106236,0.4125947217141364,2304,1523,3827,0.5333333333333333,Skenario 4 - Dominasi Express,606
0.022878410816957132,0.05108084518184605,0.28086979031840537,2270,1590,3860,0.5333333333333333,Skenario 4 - Dominasi Express,607
0.03185329857495873,0.052429159893128095,0.3172905525846702,2278,1648,3926,0.5333333333333333,Skenario 4 - Dominasi Express,608
0.024985396456202943,0.04808143725443938,0.25508607198748046,2269,1562,3831,0.5333333333333333,Skenario 4 - Dominasi Express,609
0.02397594752693095,0.05248937479457425,0.2750677506775068,2195,1494,3689,0.5333333333333333,Skenario 4 - Dominasi Express,610
0.023209857671061804,0.06398886596013903,0.3311987704918033,2336,1567,3903,0.5333333333333333,Skenario 4 - Dominasi Express,611
0.022965119222107797,0.04487418444779477,0.23158438873093823,2324,1543,3867,0.5333333333333333,Skenario 4 - Dominasi Express,612
0.030838705772834776,0.06839893898703413,0.39213657527159856,2311,1554,3865,0.5333333333333333,Skenario 4 - Dominasi Express,613
0.02979091641281537,0.06825114097108241,0.37251908396946565,2349,1579,3928,0.5333333333333333,Skenario 4 - Dominasi Express,614
0.028677690716147734,0.06759698172775958,0.3607803394983532,2439,1505,3944,0.5333333333333333,Skenario 4 - Dominasi Express,615
0.019782499064312026,0.04849009933371609,0.2452581664910432,2239,1555,3794,0.5333333333333333,Skenario 4 - Dominasi Express,616
0.027501089015163155,0.04736414869616086,0.2659375833555615,2240,1509,3749,0.5333333333333333,Skenario 4 - Dominasi Express,617
0.0228759514919878,0.04694317884823475,0.2663316582914573,2278,1500,3778,0.5333333333333333,Skenario 4 - Dominasi Express,618
0.02359128335749867,0.043334165667959744,0.2460420451596159,2336,1516,3852,0.5333333333333333,Skenario 4 - Dominasi Express,619
0.02414110366986161,0.05867094602145384,0.2948819941660037,2215,1554,3769,0.5333333333333333,Skenario 4 - Dominasi Express,620
0.027910372489733198,0.06099222092871456,0.3443864229765013,2265,1563,3828,0.5333333333333333,Skenario 4 - Dominasi Express,621
0.026646331053201095,0.0727520961719131,0.3717263495456975,2256,1483,3739,0.5333333333333333,Skenario 4 - Dominasi Express,622
0.027378735350272868,0.06288191765126527,0.3304865424430642,2355,1508,3863,0.5333333333333333,Skenario 4 - Dominasi Express,623
0.025349997138153623,0.043416123495157756,0.22204387372926698,2253,1484,3737,0.5333333333333333,Skenario 4 - Dominasi Express,624
0.026604954537212698,0.047599999540530465,0.27710843373493976,2207,1527,3734,0.5333333333333333,Skenario 4 - Dominasi Express,625
0.024460968895494626,0.05871255273912574,0.30486852382192137,2308,1532,3840,0.5333333333333333,Skenario 4 - Dominasi Express,626
0.02738536758496417,0.05645125129054913,0.2938871473354232,2318,1508,3826,0.5333333333333333,Skenario 4 - Dominasi Express,627
0.023320910253732306,0.06988500828249028,0.3459654550141789,2318,1560,3878,0.5333333333333333,Skenario 4 - Dominasi Express,628
0.02829895405137991,0.06838768656771575,0.36594663278271916,2371,1563,3934,0.5333333333333333,Skenario 4 - Dominasi Express,629
0.021659474677576156,0.049381035289734775,0.2529100529100529,2266,1512,3778,0.5333333333333333,Skenario 4 - Dominasi Express,630
0.02872904117221643,0.060541609769886234,0.313815434430653,2271,1434,3705,0.5333333333333333,Skenario 4 - Dominasi Express,631
0.02676419850562123,0.052271964212622014,0.30219206680584554,2265,1566,3831,0.5333333333333333,Skenario 4 - Dominasi Express,632
0.02315834653843643,0.05015679946211424,0.2587615283267457,2239,1555,3794,0.5333333333333333,Skenario 4 - Dominasi Express,633
0.025256846825843227,0.05549064816035695,0.2833421191354771,2207,1587,3794,0.5333333333333333,Skenario 4 - Dominasi Express,634
0.025687551027184816,0.055440092201398096,0.31156569630212433,2281,1531,3812,0.5333333333333333,Skenario 4 - Dominasi Express,635
0.028875224165493332,0.054726309987032144,0.3200620475698035,2322,1545,3867,0.5333333333333333,Skenario 4 - Dominasi Express,636
0.029826925754036632,0.0747821772776137,0.3938165230613279,2472,1472,3944,0.5333333333333333,Skenario 4 - Dominasi Express,637
0.030124408748268078,0.06561642137825734,0.37089322381930184,2362,1532,3894,0.5333333333333333,Skenario 4 - Dominasi Express,638
0.026764997465133302,0.05731182558467838,0.33081489476524556,2159,1545,3704,0.5333333333333333,Skenario 4 - Dominasi Express,639
0.0266401914381425,0.05438683045761032,0.2872423689016436,2320,1510,3830,0.5333333333333333,Skenario 4 - Dominasi Express,640
0.025186848269639683,0.04812504496244778,0.2792413066385669,2234,1561,3795,0.5333333333333333,Skenario 4 - Dominasi Express,641
0.02817665200035675,0.06075827735734163,0.33358954650269024,2359,1541,3900,0.5333333333333333,Skenario 4 - Dominasi Express,642
0.025254692873416012,0.05217760278692123,0.27282157676348545,2304,1550,3854,0.5333333333333333,Skenario 4 - Dominasi Express,643
0.027680669498215328,0.050828678470849424,0.27676240208877284,2343,1485,3828,0.5333333333333333,Skenario 4 - Dominasi Express,644
0.025349868384003386,0.05498451980798215,0.2864102564102564,2328,1570,3898,0.5333333333333333,Skenario 4 - Dominasi Express,645
0.023567121201248056,0.05120312347720202,0.2825470482083011,2329,1550,3879,0.5333333333333333,Skenario 4 - Dominasi Express,646
0.02433439548210721,0.050023638785982205,0.2588360350783949,2244,1516,3760,0.5333333333333333,Skenario 4 - Dominasi Express,647
0.028399011645520587,0.06845937214816974,0.36534017971758664,2332,1562,3894,0.5333333333333333,Skenario 4 - Dominasi Express,648
0.0289213579315037,0.054716168619088255,0.3140368852459016,2366,1537,3903,0.5333333333333333,Skenario 4 - Dominasi Express,649
0.029595482271918373,0.06967273931330525,0.4062419396440547,2341,1536,3877,0.5333333333333333,Skenario 4 - Dominasi Express,650
0.018966200404635647,0.04230906651818414,0.2206598161168199,2207,1488,3695,0.5333333333333333,Skenario 4 - Dominasi Express,651
0.019841260704882232,0.043324607648785506,0.2052910052910053,2309,1468,3777,0.5333333333333333,Skenario 4 - Dominasi Express,652
0.022024432710143805,0.046135402587162457,0.2476215644820296,2232,1551,3783,0.5333333333333333,Skenario 4 - Dominasi Express,653
0.025359637378942326,0.05377082913098165,0.3235445646573931,2297,1582,3879,0.5333333333333333,Skenario 4 - Dominasi Express,654
0.019520163980848354,0.04723604405537223,0.225635593220339,2252,1522,3774,0.5333333333333333,Skenario 4 - Dominasi Express,655
0.027344391941597036,0.05659958349062689,0.3113504992117709,2254,1549,3803,0.5333333333333333,Skenario 4 - Dominasi Express,656
0.028552884623576302,0.05855983953408007,0.29747330033862984,2297,1539,3836,0.5333333333333333,Skenario 4 - Dominasi Express,657
0.025990615623488977,0.05340131166939025,0.3008895866038723,2283,1537,3820,0.5333333333333333,Skenario 4 - Dominasi Express,658
0.024557921373774678,0.057364949333532346,0.31957424714434063,2330,1519,3849,0.5333333333333333,Skenario 4 - Dominasi Express,659
0.030160603982865637,0.06962947101935106,0.35963777490297544,2283,1581,3864,0.5333333333333333,Skenario 4 - Dominasi Express,660
0.028803752075648816,0.06518738074608404,0.3562920766442258,2306,1555,3861,0.5333333333333333,Skenario 4 - Dominasi Express,661
0.030101719024393014,0.08931341596872089,0.47524497163486334,2371,1506,3877,0.5333333333333333,Skenario 4 - Dominasi Express,662
0.028619979616104393,0.06579030999999294,0.34900864260294867,2398,1533,3931,0.5333333333333333,Skenario 4 - Dominasi Express,663
0.026147390724461074,0.06329273543687308,0.3298808907301916,2320,1540,3860,0.5333333333333333,Skenario 4 - Dominasi Express,664
0.025545963884273628,0.06196733606933781,0.33568075117370894,2280,1554,3834,0.5333333333333333,Skenario 4 - Dominasi Express,665
0.025362390036407043,0.053970774115817306,0.3111681643132221,2306,1588,3894,0.5333333333333333,Skenario 4 - Dominasi Express,666
0.02832813894335561,0.06206172310479818,0.35650396115512395,2352,1561,3913,0.5333333333333333,Skenario 4 - Dominasi Express,667
0.02951525994429074,0.08934552236877005,0.4726027397260274,2406,1535,3941,0.5333333333333333,Skenario 4 - Dominasi Express,668
0.025241067230519627,0.050383437372346324,0.30665610142630745,2223,1562,3785,0.5333333333333333,Skenario 4 - Dominasi Express,669
0.029338250109428938,0.0505376289000618,0.30388324211623663,2328,1508,3836,0.5333333333333333,Skenario 4 - Dominasi Express,670
0.023782868790662937,0.048142988557358844,0.26976744186046514,2313,1554,3867,0.5333333333333333,Skenario 4 - Dominasi Express,671
0.024207537246611836,0.056448677890278,0.2897245762711864,2255,1518,3773,0.5333333333333333,Skenario 4 - Dominasi Express,672
0.03115217384416276,0.04923954095279479,0.3053814002089864,2296,1529,3825,0.5333333333333333,Skenario 4 - Dominasi Express,673
0.02384276589612927,0.046189653696089676,0.26009197751660706,2391,1523,3914,0.5333333333333333,Skenario 4 - Dominasi Express,674
0.0248896936804792,0.05225115143443699,0.28875064800414724,2307,1549,3856,0.5333333333333333,Skenario 4 - Dominasi Express,675
0.024691902735699156,0.059878626470201764,0.31274638633377133,2338,1466,3804,0.5333333333333333,Skenario 4 - Dominasi Express,676
0.030318653608337735,0.05187358670671133,0.3129610115911486,2313,1481,3794,0.5333333333333333,Skenario 4 - Dominasi Express,677
0.029794301726760345,0.06266826445252206,0.3277997364953887,2326,1468,3794,0.5333333333333333,Skenario 4 - Dominasi Express,678
0.03301094547107211,0.057537914467593904,0.31992781644753804,2330,1546,3876,0.5333333333333333,Skenario 4 - Dominasi Express,679
0.025260251496095853,0.050091780569519725,0.2906764168190128,2316,1512,3828,0.5333333333333333,Skenario 4 - Dominasi Express,680
0.028110023721387305,0.060940366565883065,0.33036882029819514,2218,1603,3821,0.5333333333333333,Skenario 4 - Dominasi Express,681
0.02751413386180303,0.06107609673033622,0.35195822454308096,2275,1555,3830,0.5333333333333333,Skenario 4 - Dominasi Express,682
0.027900568353373525,0.044431133246543665,0.26331360946745563,2245,1471,3716,0.5333333333333333,Skenario 4 - Dominasi Express,683
0.02564624207736002,0.05265593918964246,0.28969572999232934,2377,1531,3908,0.5333333333333333,Skenario 4 - Dominasi Express,684
0.024867976403363596,0.03980347510584083,0.24258064516129033,2304,1568,3872,0.5333333333333333,Skenario 4 - Dominasi Express,685
0.024679389515560774,0.04522204287223357,0.2520725388601036,2297,1560,3857,0.5333333333333333,Skenario 4 - Dominasi Express,686
0.021417810518024105,0.047356235330207753,0.2535847052575677,2297,1468,3765,0.5333333333333333,Skenario 4 - Dominasi Express,687
0.023024858364499835,0.04517735593662205,0.24404145077720207,2337,1521,3858,0.5333333333333333,Skenario 4 - Dominasi Express,688
0.02382263951983493,0.048504334349083855,0.2531678303594518,2333,1531,3864,0.5333333333333333,Skenario 4 - Dominasi Express,689
0.03401398927129794,0.07054916269737672,0.4230769230769231,2329,1620,3949,0.5333333333333333,Skenario 4 - Dominasi Express,690
0.022932556604336133,0.05796388892002525,0.31079289313179526,2259,1510,3769,0.5333333333333333,Skenario 4 - Dominasi Express,691
0.029742609978226593,0.054402414487410004,0.32265446224256294,2314,1619,3933,0.5333333333333333,Skenario 4 - Dominasi Express,692
0.026534758588732926,0.06414739206832269,0.3456533055700156,2267,1572,3839,0.5333333333333333,Skenario 4 - Dominasi Express,693
0.03260264828880094,0.06965229774037857,0.37905759162303665,2331,1489,3820,0.5333333333333333,Skenario 4 - Dominasi Express,694
0.033465759845411,0.0778025837961221,0.4216624685138539,2406,1561,3967,0.5333333333333333,Skenario 4 - Dominasi Express,695
0.024002396139466062,0.06377769170963771,0.3374837872892348,2285,1567,3852,0.5333333333333333,Skenario 4 - Dominasi Express,696
0.02151407644613573,0.040483074282855615,0.21311047270827893,2301,1527,3828,0.5333333333333333,Skenario 4 - Dominasi Express,697
0.030466195821532635,0.0664501438289333,0.3890202258996585,2287,1520,3807,0.5333333333333333,Skenario 4 - Dominasi Express,698
0.027148839592499602,0.06626360034721852,0.3603579889444591,2208,1588,3796,0.5333333333333333,Skenario 4 - Dominasi Express,699
0.025629536547276722,0.0506820026627578,0.26657824933687,2276,1493,3769,0.5333333333333333,Skenario 4 - Dominasi Express,700
0.026355281178395872,0.0573928523001525,0.3181818181818182,2300,1526,3826,0.5333333333333333,Skenario 4 - Dominasi Express,701
0.03290251913181694,0.08749412465320384,0.4458666666666667,2268,1482,3750,0.5333333333333333,Skenario 4 - Dominasi Express,702
0.024410454284966722,0.04896938731122633,0.2271533613445378,2307,1499,3806,0.5333333333333333,Skenario 4 - Dominasi Express,703
0.02124482658712787,0.040369061674245366,0.21168658698539178,2241,1523,3764,0.5333333333333333,Skenario 4 - Dominasi Express,704
0.02998636264561733,0.08176501058268444,0.4092084842214175,2366,1500,3866,0.5333333333333333,Skenario 4 - Dominasi Express,705
0.032098042919694994,0.07418042207472722,0.4097028194056388,2368,1566,3934,0.5333333333333333,Skenario 4 - Dominasi Express,706
0.026708782819597245,0.055802519381650637,0.3243865030674847,2345,1567,3912,0.5333333333333333,Skenario 4 - Dominasi Express,707
0.025999996174827306,0.055173810346323855,0.31305903398926654,2382,1529,3911,0.5333333333333333,Skenario 4 - Dominasi Express,708
0.02669914356827744,0.04983940374463504,0.28389610389610387,2288,1559,3847,0.5333333333333333,Skenario 4 - Dominasi Express,709
0.024403142844609902,0.06834447126467326,0.3169469598965071,2261,1604,3865,0.5333333333333333,Skenario 4 - Dominasi Express,710
0.02893005133323788,0.05426916172205593,0.30795395081109367,2355,1466,3821,0.5333333333333333,Skenario 4 - Dominasi Express,711
0.026117580191214233,0.045469515903593695,0.2672570982026569,2252,1585,3837,0.5333333333333333,Skenario 4 - Dominasi Express,712
0.02510742618247228,0.07005358241840204,0.3579088471849866,2237,1490,3727,0.5333333333333333,Skenario 4 - Dominasi Express,713
0.023738246283439596,0.056207202331288404,0.27682291666666664,2327,1513,3840,0.5333333333333333,Skenario 4 - Dominasi Express,714
0.028259928066854567,0.06809244591316048,0.3695708712613784,2312,1532,3844,0.5333333333333333,Skenario 4 - Dominasi Express,715
0.025731871116790962,0.04610752261038163,0.2863564251718667,2269,1512,3781,0.5333333333333333,Skenario 4 - Dominasi Express,716
0.02580169891081214,0.05335461481307047,0.3010948905109489,2281,1552,3833,0.5333333333333333,Skenario 4 - Dominasi Express,717
0.02040007896113463,0.04131452663810584,0.1973368841544607,2322,1431,3753,0.5333333333333333,Skenario 4 - Dominasi Express,718
0.025191952021701935,0.04909537469029406,0.2687599787120809,2199,1557,3756,0.5333333333333333,Skenario 4 - Dominasi Express,719
0.02448608779676541,0.04439673410839137,0.25477200424178154,2234,1537,3771,0.5333333333333333,Skenario 4 - Dominasi Express,720
0.027062971269315457,0.061146183771728486,0.3427835051546392,2302,1577,3879,0.5333333333333333,Skenario 4 - Dominasi Express,721
0.02552483840041004,0.0603068279545809,0.3133265513733469,2376,1556,3932,0.5333333333333333,Skenario 4 - Dominasi Express,722
0.027261946319744615,0.06396156098320303,0.3567787971457696,2409,1512,3921,0.5333333333333333,Skenario 4 - Dominasi Express,723
0.02720720058588857,0.06351740594989423,0.3503102378490176,2316,1549,3865,0.5333333333333333,Skenario 4 - Dominasi Express,724
0.027011258185383438,0.05156901938082961,0.2851681957186544,2363,1558,3921,0.5333333333333333,Skenario 4 - Dominasi Express,725
0.032800915925969544,0.06615287130063124,0.38290816326530613,2309,1610,3919,0.5333333333333333,Skenario 4 - Dominasi Express,726
0.02379691339840258,0.051794238803318356,0.27184466019417475,2316,1494,3810,0.5333333333333333,Skenario 4 - Dominasi Express,727
0.030359797272610282,0.05948494183989939,0.3237891356703238,2286,1451,3737,0.5333333333333333,Skenario 4 - Dominasi Express,728
0.02130707520216544,0.05232996612864603,0.2619175147295126,2239,1494,3733,0.5333333333333333,Skenario 4 - Dominasi Express,729
0.02161066878338388,0.047598648109056056,0.2481520591341077,2267,1519,3786,0.5333333333333333,Skenario 4 - Dominasi Express,730
0.027866147178708736,0.054639064264810494,0.3079896907216495,2336,1543,3879,0.5333333333333333,Skenario 4 - Dominasi Express,731
0.0312683227922823,0.06822198283092756,0.3609118852459016,2332,1569,3901,0.5333333333333333,Skenario 4 - Dominasi Express,732
0.02439181782189132,0.04650093810577327,0.25542168674698795,2222,1511,3733,0.5333333333333333,Skenario 4 - Dominasi Express,733
0.025410229478621812,0.06829842093550123,0.3569560669456067,2325,1498,3823,0.5333333333333333,Skenario 4 - Dominasi Express,734
0.02855745242136588,0.054557579818876704,0.3173305196518069,2255,1535,3790,0.5333333333333333,Skenario 4 - Dominasi Express,735
0.023024784118501233,0.04941208753047854,0.2590885816692268,2355,1550,3905,0.5333333333333333,Skenario 4 - Dominasi Express,736
0.026984051420951453,0.05783198965376437,0.3280229825019587,2308,1520,3828,0.5333333333333333,Skenario 4 - Dominasi Express,737
0.029218993733725867,0.0677444074542761,0.36358987471234977,2319,1592,3911,0.5333333333333333,Skenario 4 - Dominasi Express,738
0.027439423539343803,0.06831054917538072,0.35384615384615387,2393,1506,3899,0.5333333333333333,Skenario 4 - Dominasi Express,739
0.028696142465327857,0.061352368400739564,0.34593474883480063,2306,1555,3861,0.5333333333333333,Skenario 4 - Dominasi Express,740
0.02583008061442882,0.04980659326996509,0.27709903821159343,2331,1513,3844,0.5333333333333333,Skenario 4 - Dominasi Express,741
0.02461434551713738,0.05059248348722917,0.2517947354427014,2237,1523,3760,0.5333333333333333,Skenario 4 - Dominasi Express,742
0.02791183905948797,0.04074108967866921,0.24791231732776617,2295,1536,3831,0.5333333333333333,Skenario 4 - Dominasi Express,743
0.025616325956074843,0.05004685123548894,0.27081192189105857,2299,1591,3890,0.5333333333333333,Skenario 4 - Dominasi Express,744
0.03310438038191306,0.06879239341681614,0.4102496714848883,2281,1523,3804,0.5333333333333333,Skenario 4 - Dominasi Express,745
0.03198283844737545,0.0876262064587594,0.4579755399427531,2307,1535,3842,0.5333333333333333,Skenario 4 - Dominasi Express,746
0.027618211714853135,0.06046675231653993,0.31884803291334535,2270,1616,3886,0.5333333333333333,Skenario 4 - Dominasi Express,747
0.026079432288246843,0.06530122308327364,0.3389348500517063,2324,1541,3865,0.5333333333333333,Skenario 4 - Dominasi Express,748
0.025732585699910843,0.05800406446249452,0.2962097611630322,2302,1548,3850,0.5333333333333333,Skenario 4 - Dominasi Express,749
0.02494881405543391,0.05662280565214183,0.31056227009984233,2233,1572,3805,0.5333333333333333,Skenario 4 - Dominasi Express,750
0.02699747132997805,0.059447327399840065,0.33533985452721343,2404,1583,3987,0.5333333333333333,Skenario 4 - Dominasi Express,751
0.028798675200445968,0.07190595289658651,0.3674089068825911,2375,1577,3952,0.5333333333333333,Skenario 4 - Dominasi Express,752
0.027904994331687562,0.07058748066855257,0.3861945085963562,2309,1587,3896,0.5333333333333333,Skenario 4 - Dominasi Express,753
0.025664813565753855,0.054536012567620556,0.29947368421052634,2271,1529,3800,0.5333333333333333,Skenario 4 - Dominasi Express,754
0.029585735617055464,0.06339806996880379,0.33670629901340754,2389,1561,3950,0.5333333333333333,Skenario 4 - Dominasi Express,755
0.034277687167908966,0.0670432920808663,0.37807085596069306,2305,1560,3865,0.5333333333333333,Skenario 4 - Dominasi Express,756
0.024210210745907405,0.055344358029100045,0.2863540569020021,2316,1478,3794,0.5333333333333333,Skenario 4 - Dominasi Express,757
0.02127485258320575,0.03992312030223653,0.21706666666666666,2277,1473,3750,0.5333333333333333,Skenario 4 - Dominasi Express,758
0.03012129674446384,0.05447942395543846,0.32123411978221417,2276,1580,3856,0.5333333333333333,Skenario 4 - Dominasi Express,759
0.027221798215776284,0.05425266255812745,0.2823102823102823,2317,1541,3858,0.5333333333333333,Skenario 4 - Dominasi Express,760
0.02916731881602561,0.06713963629651032,0.3521164021164021,2279,1498,3777,0.5333333333333333,Skenario 4 - Dominasi Express,761
0.02291858844874756,0.045647318793417505,0.2371299013070152,2198,1549,3747,0.5333333333333333,Skenario 4 - Dominasi Express,762
0.030628356071116896,0.06558380912199162,0.3804600672008271,2293,1576,3869,0.5333333333333333,Skenario 4 - Dominasi Express,763
0.026841010858243978,0.05006410226300299,0.2704254763769251,2289,1541,3830,0.5333333333333333,Skenario 4 - Dominasi Express,764
0.030833660920913154,0.08061319208216551,0.4382284382284382,2297,1563,3860,0.5333333333333333,Skenario 4 - Dominasi Express,765
0.032144178867327025,0.07452476596033432,0.4049434656849855,2295,1508,3803,0.5333333333333333,Skenario 4 - Dominasi Express,766
0.027308849681758292,0.05268764487301612,0.28688524590163933,2320,1584,3904,0.5333333333333333,Skenario 4 - Dominasi Express,767
0.028396975635744257,0.07560118961062678,0.3598142893990199,2389,1486,3875,0.5333333333333333,Skenario 4 - Dominasi Express,768
0.025701240890917187,0.05084443192951873,0.26630872483221474,2310,1413,3723,0.5333333333333333,Skenario 4 - Dominasi Express,769
0.026232577560276797,0.05461327426194695,0.2924849437025399,2282,1534,3816,0.5333333333333333,Skenario 4 - Dominasi Express,770
0.026770930095319355,0.049079186521544214,0.2575954297585043,2350,1499,3849,0.5333333333333333,Skenario 4 - Dominasi Express,771
0.028930131481714826,0.056863488665010495,0.3081095041322314,2307,1562,3869,0.5333333333333333,Skenario 4 - Dominasi Express,772
0.029103151650328573,0.08592010267299775,0.4265151515151515,2438,1520,3958,0.5333333333333333,Skenario 4 - Dominasi Express,773
0.029224908650774012,0.06561372898525317,0.37132542547705005,2360,1518,3878,0.5333333333333333,Skenario 4 - Dominasi Express,774
0.031080052868963044,0.085580725212755,0.430126582278481,2400,1548,3948,0.5333333333333333,Skenario 4 - Dominasi Express,775
0.025892798554155386,0.05058471161321594,0.26596019643318686,2378,1491,3869,0.5333333333333333,Skenario 4 - Dominasi Express,776
0.02580187250202016,0.06136735943663175,0.31914337947244714,2307,1521,3828,0.5333333333333333,Skenario 4 - Dominasi Express,777
0.02763969139921716,0.05879284308692672,0.3169051404345522,2269,1505,3774,0.5333333333333333,Skenario 4 - Dominasi Express,778
0.027050058713509247,0.061181215407022094,0.33584526500879175,2455,1523,3978,0.5333333333333333,Skenario 4 - Dominasi Express,779
0.02799282795683728,0.06310250852407973,0.3386926726410121,2254,1537,3791,0.5333333333333333,Skenario 4 - Dominasi Express,780
0.02990472460535266,0.049649169327439964,0.28371843095110155,2215,1504,3719,0.5333333333333333,Skenario 4 - Dominasi Express,781
0.025640755781622185,0.0453468324350594,0.2719095348239527,2314,1575,3889,0.5333333333333333,Skenario 4 - Dominasi Express,782
0.021567439544566046,0.045642881185931704,0.25369198312236285,2242,1550,3792,0.5333333333333333,Skenario 4 - Dominasi Express,783
0.026949980890144273,0.05617369763379601,0.3095424836601307,2269,1553,3822,0.5333333333333333,Skenario 4 - Dominasi Express,784
0.02664948376228692,0.0481733993544191,0.2671451355661882,2239,1523,3762,0.5333333333333333,Skenario 4 - Dominasi Express,785
0.02613846109289405,0.06614197596212822,0.3329113924050633,2385,1562,3947,0.5333333333333333,Skenario 4 - Dominasi Express,786
0.027650322712604557,0.05878748903488701,0.337099316868103,2305,1500,3805,0.5333333333333333,Skenario 4 - Dominasi Express,787
0.025149281327419098,0.051345373116544954,0.2618369987063389,2336,1527,3863,0.5333333333333333,Skenario 4 - Dominasi Express,788
0.021545129497917512,0.05105719334199969,0.26294388723231227,2211,1475,3686,0.5333333333333333,Skenario 4 - Dominasi Express,789
0.022188698564500488,0.042130662406349384,0.227880658436214,2303,1583,3886,0.5333333333333333,Skenario 4 - Dominasi Express,790
0.0224086931776375,0.04820984829589641,0.24921711899791232,2361,1470,3831,0.5333333333333333,Skenario 4 - Dominasi Express,791
0.025532149161698745,0.05711519845617865,0.30225915346663207,2287,1564,3851,0.5333333333333333,Skenario 4 - Dominasi Express,792
0.02364276895415628,0.057203641448953756,0.307975783100816,2305,1493,3798,0.5333333333333333,Skenario 4 - Dominasi Express,793
0.025859100542636924,0.062111868799431584,0.33298097251585623,2284,1498,3782,0.5333333333333333,Skenario 4 - Dominasi Express,794
0.02309073602580406,0.04399562725061699,0.24219150025601638,2287,1617,3904,0.5333333333333333,Skenario 4 - Dominasi Express,795
0.032820281178151486,0.06893569052982804,0.3608717688798784,2449,1496,3945,0.5333333333333333,Skenario 4 - Dominasi Express,796
0.028051510958118767,0.06661389024580869,0.36888201957753736,2313,1566,3879,0.5333333333333333,Skenario 4 - Dominasi Express,797
0.03068560132362434,0.06640021198682616,0.37557721908671116,2363,1534,3897,0.5333333333333333,Skenario 4 - Dominasi Express,798
0.02753580100687505,0.05760653863882054,0.3258081067213956,2360,1536,3896,0.5333333333333333,Skenario 4 - Dominasi Express,799
0.024533769417190533,0.05032601074809631,0.2750869681562751,2252,1483,3735,0.5333333333333333,Skenario 4 - Dominasi Express,800
0.023867245855368185,0.050003861363621234,0.25026014568158167,2322,1519,3841,0.5333333333333333,Skenario 4 - Dominasi Express,801
0.03194925938701318,0.05450538473327257,0.3212297906175457,2260,1510,3770,0.5333333333333333,Skenario 4 - Dominasi Express,802
0.024990493452002466,0.054882610992961565,0.27711164401811883,2289,1461,3750,0.5333333333333333,Skenario 4 - Dominasi Express,803
0.02808090951326803,0.07008391503639994,0.37547795054804994,2392,1528,3920,0.5333333333333333,Skenario 4 - Dominasi Express,804
0.018402522779334733,0.041354326171734256,0.2149309245483528,2279,1483,3762,0.5333333333333333,Skenario 4 - Dominasi Express,805
0.02687659273758887,0.07949567297460071,0.4093211752786221,2380,1568,3948,0.5333333333333333,Skenario 4 - Dominasi Express,806
0.028447791685152136,0.07923089244713104,0.4032012195121951,2355,1581,3936,0.5333333333333333,Skenario 4 - Dominasi Express,807
0.028613933458101218,0.06538101159138429,0.34831460674157305,2368,1546,3914,0.5333333333333333,Skenario 4 - Dominasi Express,808
0.025634893895849116,0.05358427346588861,0.2886221294363257,2340,1491,3831,0.5333333333333333,Skenario 4 - Dominasi Express,809
0.02396210446221409,0.04126949375883736,0.20664010624169987,2304,1459,3763,0.5333333333333333,Skenario 4 - Dominasi Express,810
0.02541267491718054,0.05004134723599825,0.27951617144359714,2312,1488,3800,0.5333333333333333,Skenario 4 - Dominasi Express,811
0.0174682560079036,0.03686655285740577,0.18996222342147867,2167,1537,3704,0.5333333333333333,Skenario 4 - Dominasi Express,812
0.027147907194524798,0.05401612897641305,0.3099460292983809,2302,1589,3891,0.5333333333333333,Skenario 4 - Dominasi Express,813
0.023887907679766267,0.047239676613394455,0.24404294317884262,2306,1512,3818,0.5333333333333333,Skenario 4 - Dominasi Express,814
0.03653080248333197,0.09400385854996363,0.520358514724712,2298,1606,3904,0.5333333333333333,Skenario 4 - Dominasi Express,815
0.025707146097041562,0.05233445290509945,0.2883022774327122,2403,1458,3861,0.5333333333333333,Skenario 4 - Dominasi Express,816
0.020296464808349384,0.051003298835773016,0.2341048151104017,2264,1495,3759,0.5333333333333333,Skenario 4 - Dominasi Express,817
0.029934134910304364,0.057333216465363816,0.3134289439374185,2292,1540,3832,0.5333333333333333,Skenario 4 - Dominasi Express,818
0.02856059855930965,0.07852214577773635,0.4424304314526423,2376,1538,3914,0.5333333333333333,Skenario 4 - Dominasi Express,819
0.02895744880121751,0.05339343837340981,0.28684546615581097,2439,1474,3913,0.5333333333333333,Skenario 4 - Dominasi Express,820
0.02071431654131308,0.05135946046683557,0.2624935600206079,2363,1517,3880,0.5333333333333333,Skenario 4 - Dominasi Express,821
0.02716405069138022,0.043635749517687714,0.2565263718700053,2236,1516,3752,0.5333333333333333,Skenario 4 - Dominasi Express,822
0.027157068476125118,0.05455196287110536,0.30199057097957044,2285,1531,3816,0.5333333333333333,Skenario 4 - Dominasi Express,823
0.026533546986539727,0.05534335513781258,0.31462409886714726,2330,1552,3882,0.5333333333333333,Skenario 4 - Dominasi Express,824
0.03049246720235154,0.0744585483745998,0.4158597225857105,2307,1514,3821,0.5333333333333333,Skenario 4 - Dominasi Express,825
0.022670021828235073,0.047427031394479,0.2667525773195876,2285,1594,3879,0.5333333333333333,Skenario 4 - Dominasi Express,826
0.0255014636481328,0.061308518870129995,0.3305613305613306,2261,1584,3845,0.5333333333333333,Skenario 4 - Dominasi Express,827
0.028545385186624826,0.06253607948803559,0.3441919191919192,2436,1524,3960,0.5333333333333333,Skenario 4 - Dominasi Express,828
0.023692550802225456,0.047897874336838585,0.2679500520291363,2342,1501,3843,0.5333333333333333,Skenario 4 - Dominasi Express,829
0.028013393345082495,0.05983367044941463,0.33837579617834396,2218,1550,3768,0.5333333333333333,Skenario 4 - Dominasi Express,830
0.02461290458127007,0.05304485280465496,0.299770583736936,2329,1593,3922,0.5333333333333333,Skenario 4 - Dominasi Express,831
0.024849013673542635,0.05560609847015744,0.29835281615302867,2257,1506,3763,0.5333333333333333,Skenario 4 - Dominasi Express,832
0.026968053329153946,0.0617212116407384,0.3154517453798768,2346,1548,3894,0.5333333333333333,Skenario 4 - Dominasi Express,833
0.025522477230161617,0.04414352473763906,0.24666324435318276,2375,1520,3895,0.5333333333333333,Skenario 4 - Dominasi Express,834
0.023830490074363046,0.04797327447852679,0.2593388873958613,2204,1514,3718,0.5333333333333333,Skenario 4 - Dominasi Express,835
0.02687212206972939,0.05849227407924177,0.287682119205298,2318,1457,3775,0.5333333333333333,Skenario 4 - Dominasi Express,836
0.03691800161794292,0.08686641171819476,0.504973221117062,2370,1550,3920,0.5333333333333333,Skenario 4 - Dominasi Express,837
0.02553085714657114,0.05641553503833935,0.3150326797385621,2289,1535,3824,0.5333333333333333,Skenario 4 - Dominasi Express,838
0.025139697768682155,0.045814011439100105,0.2592297476759628,2290,1474,3764,0.5333333333333333,Skenario 4 - Dominasi Express,839
0.02684352052953614,0.05791216618212238,0.31881086622245003,2362,1539,3901,0.5333333333333333,Skenario 4 - Dominasi Express,840
0.02358338393953624,0.06535174726118605,0.33630874245208714,2275,1531,3806,0.5333333333333333,Skenario 4 - Dominasi Express,841
0.022830047805274357,0.04863030568895116,0.24446181912952827,2277,1558,3835,0.5333333333333333,Skenario 4 - Dominasi Express,842
0.02327778250844027,0.04642491074772698,0.2529335071707953,2318,1517,3835,0.5333333333333333,Skenario 4 - Dominasi Express,843
0.030255421636086834,0.061886428702985476,0.3504338948443083,2358,1559,3917,0.5333333333333333,Skenario 4 - Dominasi Express,844
0.028137120759536432,0.06630561287641402,0.3521380731581659,2353,1529,3882,0.5333333333333333,Skenario 4 - Dominasi Express,845
0.024356868041002625,0.048035957059843905,0.24740932642487046,2333,1526,3859,0.5333333333333333,Skenario 4 - Dominasi Express,846
0.028658650256231884,0.07005373393774982,0.3889751552795031,2273,1588,3861,0.5333333333333333,Skenario 4 - Dominasi Express,847
0.02837528853742621,0.05233847398199907,0.3013520540821633,2298,1545,3843,0.5333333333333333,Skenario 4 - Dominasi Express,848
0.027406307992007238,0.08107745407621218,0.4024102698454283,2305,1509,3814,0.5333333333333333,Skenario 4 - Dominasi Express,849
0.021947162541182855,0.042399185268106036,0.2441046903342835,2243,1614,3857,0.5333333333333333,Skenario 4 - Dominasi Express,850
0.024967155082920005,0.05513011926892065,0.2850877192982456,2285,1588,3873,0.5333333333333333,Skenario 4 - Dominasi Express,851
0.027514782616026287,0.06800494056171427,0.36577708006279436,2304,1517,3821,0.5333333333333333,Skenario 4 - Dominasi Express,852
0.0237279513688107,0.05239151041023749,0.29178397747632456,2363,1542,3905,0.5333333333333333,Skenario 4 - Dominasi Express,853
0.029514325755539642,0.07580822570252059,0.3829563387690689,2245,1556,3801,0.5333333333333333,Skenario 4 - Dominasi Express,854
0.032821573153366715,0.08064680792787753,0.4287531806615776,2372,1558,3930,0.5333333333333333,Skenario 4 - Dominasi Express,855
0.03150041934331551,0.07389833086058084,0.4098527171152869,2406,1530,3936,0.5333333333333333,Skenario 4 - Dominasi Express,856
0.029667472496462694,0.05708567558639914,0.3183902190524707,2342,1581,3923,0.5333333333333333,Skenario 4 - Dominasi Express,857
0.027834655434594888,0.04633833620254821,0.26647183846971306,2324,1439,3763,0.5333333333333333,Skenario 4 - Dominasi Express,858
0.025732113727088668,0.052200322940759554,0.2792887029288703,2288,1535,3823,0.5333333333333333,Skenario 4 - Dominasi Express,859
0.03255665105772837,0.08057128590591209,0.38265988761038267,2274,1463,3737,0.5333333333333333,Skenario 4 - Dominasi Express,860
0.02695012356164143,0.056293173458610894,0.3139624582154796,2272,1615,3887,0.5333333333333333,Skenario 4 - Dominasi Express,861
0.026879155224676193,0.06019145694712359,0.3061955965181772,2320,1584,3904,0.5333333333333333,Skenario 4 - Dominasi Express,862
0.02914261298142662,0.05916856368855353,0.32422171602126043,2389,1559,3948,0.5333333333333333,Skenario 4 - Dominasi Express,863
0.02414357355240553,0.04978543690685587,0.2716991057338243,2250,1549,3799,0.5333333333333333,Skenario 4 - Dominasi Express,864
0.022133482020264453,0.04614349849298457,0.23105263157894737,2240,1560,3800,0.5333333333333333,Skenario 4 - Dominasi Express,865
0.02168368401506527,0.06165559141348768,0.29236056040179753,2216,1564,3780,0.5333333333333333,Skenario 4 - Dominasi Express,866
0.01974723757677229,0.04902938206409217,0.23587350959046138,2310,1545,3855,0.5333333333333333,Skenario 4 - Dominasi Express,867
0.027640029089588302,0.07439282755929903,0.36327713382507903,2255,1540,3795,0.5333333333333333,Skenario 4 - Dominasi Express,868
0.02555144355782668,0.04555102420399838,0.258148631029987,2315,1519,3834,0.5333333333333333,Skenario 4 - Dominasi Express,869
0.026411332624793577,0.05711447778750089,0.33220779220779223,2284,1566,3850,0.5333333333333333,Skenario 4 - Dominasi Express,870
0.02858461939618389,0.07255789098643002,0.38803287108371853,2298,1593,3891,0.5333333333333333,Skenario 4 - Dominasi Express,871
0.028186309864951447,0.059566888906860384,0.3163184342766464,2273,1507,3780,0.5333333333333333,Skenario 4 - Dominasi Express,872
0.02648469269689886,0.06893401195505315,0.3455123113582208,2287,1488,3775,0.5333333333333333,Skenario 4 - Dominasi Express,873
0.02560413830351597,0.06157886151902044,0.3222425988996594,2279,1536,3815,0.5333333333333333,Skenario 4 - Dominasi Express,874
0.024675050933168085,0.05258781060954511,0.2736266597240302,2330,1509,3839,0.5333333333333333,Skenario 4 - Dominasi Express,875
0.02370939400845906,0.0537253992106488,0.28040361125862984,2302,1461,3763,0.5333333333333333,Skenario 4 - Dominasi Express,876
0.027233475993818573,0.07863835157624759,0.4162077104642014,2269,1541,3810,0.5333333333333333,Skenario 4 - Dominasi Express,877
0.02438349989418877,0.049733126627549265,0.262615859938208,2341,1543,3884,0.5333333333333333,Skenario 4 - Dominasi Express,878
0.021916328885582235,0.04605561856053523,0.236358650945983,2173,1473,3646,0.5333333333333333,Skenario 4 - Dominasi Express,879
0.02537103009412892,0.07260625208386952,0.37063119457485655,2306,1526,3832,0.5333333333333333,Skenario 4 - Dominasi Express,880
0.03292892920529391,0.06935732193707383,0.39366286438529785,2353,1591,3944,0.5333333333333333,Skenario 4 - Dominasi Express,881
0.028654434413717463,0.06928021802940051,0.388481939883809,2371,1588,3959,0.5333333333333333,Skenario 4 - Dominasi Express,882
0.025823376287554826,0.06656043931285814,0.36167412476967625,2261,1535,3796,0.5333333333333333,Skenario 4 - Dominasi Express,883
0.024648743809213537,0.049615591605119386,0.2708496732026144,2269,1553,3822,0.5333333333333333,Skenario 4 - Dominasi Express,884
0.030703767290593972,0.05973840693219216,0.35262483994878363,2384,1519,3903,0.5333333333333333,Skenario 4 - Dominasi Express,885
0.02489976057331491,0.056064906808025075,0.31762917933130697,2382,1564,3946,0.5333333333333333,Skenario 4 - Dominasi Express,886
0.024253026896064116,0.043593448467939076,0.2521030494216614,2273,1529,3802,0.5333333333333333,Skenario 4 - Dominasi Express,887
0.02212213280819688,0.05171138668241636,0.2543741588156124,2266,1448,3714,0.5333333333333333,Skenario 4 - Dominasi Express,888
0.029895687694682715,0.05843942536777457,0.3330765279917822,2302,1592,3894,0.5333333333333333,Skenario 4 - Dominasi Express,889
0.026013888493141176,0.05700748316871662,0.3148581837106427,2332,1511,3843,0.5333333333333333,Skenario 4 - Dominasi Express,890
0.02920803756565829,0.0615390820160127,0.3374644978053189,2350,1520,3870,0.5333333333333333,Skenario 4 - Dominasi Express,891
0.02274477518676833,0.05080938248284204,0.26754270696452037,2296,1506,3802,0.5333333333333333,Skenario 4 - Dominasi Express,892
0.025044120882540034,0.036343660456994734,0.2030712205454064,2290,1485,3775,0.5333333333333333,Skenario 4 - Dominasi Express,893
0.025853782754180987,0.06240098090569877,0.32948280388553425,2286,1521,3807,0.5333333333333333,Skenario 4 - Dominasi Express,894
0.026718558250033848,0.05017417420122452,0.27255985267034993,2219,1580,3799,0.5333333333333333,Skenario 4 - Dominasi Express,895
0.029137947592108113,0.0660626760865695,0.368298969072165,2365,1514,3879,0.5333333333333333,Skenario 4 - Dominasi Express,896
0.026738848902773723,0.06487499283603405,0.34437434279705575,2294,1508,3802,0.5333333333333333,Skenario 4 - Dominasi Express,897
0.024187443737443495,0.052075878863177244,0.2676794133053955,2358,1459,3817,0.5333333333333333,Skenario 4 - Dominasi Express,898
0.029363189147981687,0.060234349500113374,0.3441642838575513,2349,1496,3845,0.5333333333333333,Skenario 4 - Dominasi Express,899
0.028113565756323042,0.08459363708862554,0.4568877551020408,2321,1596,3917,0.5333333333333333,Skenario 4 - Dominasi Express,900
0.028368268204047493,0.06137446579539531,0.33540372670807456,2393,1470,3863,0.5333333333333333,Skenario 4 - Dominasi Express,901
0.025940104130919676,0.04950436885737655,0.28745148771021994,2337,1527,3864,0.5333333333333333,Skenario 4 - Dominasi Express,902
0.022020483101505475,0.046883292710580025,0.23777315296566076,2256,1586,3842,0.5333333333333333,Skenario 4 - Dominasi Express,903
0.022847315886281534,0.04850044662654634,0.24761904761904763,2302,1476,3778,0.5333333333333333,Skenario 4 - Dominasi Express,904
0.03131787812648219,0.05586792321273142,0.3345695364238411,2221,1551,3772,0.5333333333333333,Skenario 4 - Dominasi Express,905
0.02587786215158019,0.05059565004829684,0.30253431890179516,2247,1541,3788,0.5333333333333333,Skenario 4 - Dominasi Express,906
0.027096291844764434,0.06005876452409014,0.31812151764393737,2211,1557,3768,0.5333333333333333,Skenario 4 - Dominasi Express,907
0.021255389179527275,0.03851895203516517,0.21371280724450195,2291,1571,3862,0.5333333333333333,Skenario 4 - Dominasi Express,908
0.02664334869470875,0.06312530171497871,0.315966822187662,2360,1496,3856,0.5333333333333333,Skenario 4 - Dominasi Express,909
0.02682864653394298,0.0555839180807985,0.3061923583662714,2312,1481,3793,0.5333333333333333,Skenario 4 - Dominasi Express,910
0.022535084629429585,0.04735399246229146,0.24675661650233524,2319,1534,3853,0.5333333333333333,Skenario 4 - Dominasi Express,911
0.030551092141441718,0.06254461955111502,0.34886714727085477,2287,1595,3882,0.5333333333333333,Skenario 4 - Dominasi Express,912
0.028704166553911257,0.05571461459781648,0.31339401820546164,2340,1503,3843,0.5333333333333333,Skenario 4 - Dominasi Express,913
0.028372219987696113,0.07619675488027297,0.404994850669413,2261,1623,3884,0.5333333333333333,Skenario 4 - Dominasi Express,914
0.025741127309482893,0.0424231232158141,0.24730900498818587,2248,1560,3808,0.5333333333333333,Skenario 4 - Dominasi Express,915
0.02809407929089314,0.05593710321351129,0.3143008194554586,2245,1536,3781,0.5333333333333333,Skenario 4 - Dominasi Express,916
0.031853783115898454,0.06472993940527737,0.3497536945812808,2277,1579,3856,0.5333333333333333,Skenario 4 - Dominasi Express,917
0.024309823692848224,0.04752798458485165,0.2485845241304934,2232,1477,3709,0.5333333333333333,Skenario 4 - Dominasi Express,918
0.02591408870350941,0.056403788174836704,0.32402379105249546,2291,1575,3866,0.5333333333333333,Skenario 4 - Dominasi Express,919
0.029242152367119138,0.06455639172767381,0.3346709470304976,2244,1491,3735,0.5333333333333333,Skenario 4 - Dominasi Express,920
0.02738384979679983,0.07545848905337715,0.3980809128630705,2284,1569,3853,0.5333333333333333,Skenario 4 - Dominasi Express,921
0.028579016147789616,0.08962512744737212,0.46295814920717443,2286,1560,3846,0.5333333333333333,Skenario 4 - Dominasi Express,922
0.029783627224589444,0.06046924986298778,0.3442494105318313,2301,1515,3816,0.5333333333333333,Skenario 4 - Dominasi Express,923
0.027347207458763373,0.04972140370396776,0.28995014431907634,2306,1503,3809,0.5333333333333333,Skenario 4 - Dominasi Express,924
0.026836011352696768,0.06655339442020805,0.32162092844319057,2362,1536,3898,0.5333333333333333,Skenario 4 - Dominasi Express,925
0.030264467933736737,0.07310553923401171,0.41568727644353604,2348,1563,3911,0.5333333333333333,Skenario 4 - Dominasi Express,926
0.024100075285662034,0.05660521764885007,0.309989701338826,2294,1588,3882,0.5333333333333333,Skenario 4 - Dominasi Express,927
0.03117941649299272,0.06445575287937663,0.36106056667533143,2326,1521,3847,0.5333333333333333,Skenario 4 - Dominasi Express,928
0.025782340092821075,0.05669412641768646,0.28411458333333334,2356,1484,3840,0.5333333333333333,Skenario 4 - Dominasi Express,929
0.021779250498256422,0.042583466457806994,0.20590540893650378,2300,1524,3824,0.5333333333333333,Skenario 4 - Dominasi Express,930
0.024685829601181236,0.049580811486114366,0.27956705385427666,2303,1483,3786,0.5333333333333333,Skenario 4 - Dominasi Express,931
0.02970615155624784,0.06018602001957366,0.3392299687825182,2325,1519,3844,0.5333333333333333,Skenario 4 - Dominasi Express,932
0.02293018638917328,0.05068567065909629,0.24241645244215937,2348,1541,3889,0.5333333333333333,Skenario 4 - Dominasi Express,933
0.025070097170875202,0.05351693447568949,0.288912299183566,2298,1497,3795,0.5333333333333333,Skenario 4 - Dominasi Express,934
0.02498486079841244,0.05051263749297794,0.2672169202992004,2312,1564,3876,0.5333333333333333,Skenario 4 - Dominasi Express,935
0.025453549928636764,0.05733110346092989,0.3006827731092437,2294,1514,3808,0.5333333333333333,Skenario 4 - Dominasi Express,936
0.021339541220253368,0.04188758843155714,0.20383001049317942,2279,1532,3811,0.5333333333333333,Skenario 4 - Dominasi Express,937
0.028867082232060724,0.05496518710761618,0.30818278427205104,2232,1530,3762,0.5333333333333333,Skenario 4 - Dominasi Express,938
0.024919346910040375,0.05178409588484793,0.2587430975545622,2319,1482,3801,0.5333333333333333,Skenario 4 - Dominasi Express,939
0.02095013112199065,0.042361284759375964,0.22137605042016806,2309,1497,3806,0.5333333333333333,Skenario 4 - Dominasi Express,940
0.028549612872221505,0.058135258322418774,0.3084235542645894,2316,1469,3785,0.5333333333333333,Skenario 4 - Dominasi Express,941
0.024992598400421666,0.053974884739238616,0.29194805194805196,2272,1577,3849,0.5333333333333333,Skenario 4 - Dominasi Express,942
0.02291141606834481,0.044513098368406584,0.23738170347003154,2288,1514,3802,0.5333333333333333,Skenario 4 - Dominasi Express,943
0.03102697356742001,0.06610723911988486,0.36516999740461975,2332,1520,3852,0.5333333333333333,Skenario 4 - Dominasi Express,944
0.024371645221282486,0.04962811984195184,0.2754491017964072,2345,1495,3840,0.5333333333333333,Skenario 4 - Dominasi Express,945
0.030175607020210004,0.06821824841436937,0.38760093774420423,2307,1531,3838,0.5333333333333333,Skenario 4 - Dominasi Express,946
0.02721478434727101,0.06624662761039221,0.35130970724191063,2304,1588,3892,0.5333333333333333,Skenario 4 - Dominasi Express,947
0.02806515117367995,0.06691495133441706,0.34596916856204196,2418,1538,3956,0.5333333333333333,Skenario 4 - Dominasi Express,948
0.02427673351613299,0.04515415484303046,0.2586299892125135,2221,1484,3705,0.5333333333333333,Skenario 4 - Dominasi Express,949
0.02803851351819072,0.06412923146380053,0.34101623886851756,2281,1534,3815,0.5333333333333333,Skenario 4 - Dominasi Express,950
0.030074551973631698,0.08159782611640869,0.42247191011235957,2423,1580,4003,0.5333333333333333,Skenario 4 - Dominasi Express,951
0.030716749274377897,0.09133762883556373,0.48476312419974393,2317,1587,3904,0.5333333333333333,Skenario 4 - Dominasi Express,952
0.02046735721709331,0.04950491931176268,0.23133737800052756,2256,1533,3789,0.5333333333333333,Skenario 4 - Dominasi Express,953
0.021960712050910346,0.0429809767314274,0.22462259239979177,2277,1562,3839,0.5333333333333333,Skenario 4 - Dominasi Express,954
0.027007840032711266,0.06353529641117919,0.3354624425140521,2393,1521,3914,0.5333333333333333,Skenario 4 - Dominasi Express,955
0.025747736002652757,0.04315993532519247,0.247834077185613,2328,1480,3808,0.5333333333333333,Skenario 4 - Dominasi Express,956
0.03007652937127584,0.056208631468172995,0.3524217286593524,2242,1492,3734,0.5333333333333333,Skenario 4 - Dominasi Express,957
0.022097406052877286,0.042345475100272555,0.21372446306967,2339,1477,3816,0.5333333333333333,Skenario 4 - Dominasi Express,958
0.03234105592562989,0.067365502091628,0.36349453978159124,2323,1523,3846,0.5333333333333333,Skenario 4 - Dominasi Express,959
0.024972636665498156,0.06268156391060038,0.33957905544147843,2334,1559,3893,0.5333333333333333,Skenario 4 - Dominasi Express,960
0.025156028773652885,0.04828425855466221,0.25225689966468917,2372,1504,3876,0.5333333333333333,Skenario 4 - Dominasi Express,961
0.025907825007498605,0.06107809034763185,0.3294301327088212,2299,1543,3842,0.5333333333333333,Skenario 4 - Dominasi Express,962
0.03239853402026786,0.10269380288121961,0.5374870734229577,2342,1526,3868,0.5333333333333333,Skenario 4 - Dominasi Express,963
0.025536165020537124,0.05451565796588223,0.31901209158734245,2327,1557,3884,0.5333333333333333,Skenario 4 - Dominasi Express,964
0.03005369780607253,0.07199107256203079,0.37541870651893844,2305,1575,3880,0.5333333333333333,Skenario 4 - Dominasi Express,965
0.02672018265531895,0.08852619461904902,0.4378898128898129,2271,1577,3848,0.5333333333333333,Skenario 4 - Dominasi Express,966
0.02770213622193334,0.06537438364523532,0.34743991640543365,2304,1522,3826,0.5333333333333333,Skenario 4 - Dominasi Express,967
0.035111398995704576,0.07022607148122359,0.39237490071485304,2256,1520,3776,0.5333333333333333,Skenario 4 - Dominasi Express,968
0.030613944418848585,0.08439687128816847,0.4436150359904026,2246,1504,3750,0.5333333333333333,Skenario 4 - Dominasi Express,969
0.022441206960807276,0.0496325738646094,0.26242440178806203,2255,1547,3802,0.5333333333333333,Skenario 4 - Dominasi Express,970
0.02886985846827619,0.06516426547278803,0.3650141279219111,2340,1552,3892,0.5333333333333333,Skenario 4 - Dominasi Express,971
0.01859678889408704,0.03150271901175664,0.1776092074287209,2278,1545,3823,0.5333333333333333,Skenario 4 - Dominasi Express,972
0.026213254521920144,0.05557692793713838,0.29,2270,1528,3798,0.5333333333333333,Skenario 4 - Dominasi Express,973
0.02444355947312657,0.058682219813561205,0.30255607720396455,2281,1552,3833,0.5333333333333333,Skenario 4 - Dominasi Express,974
0.02547785299520669,0.049527988321755374,0.2784843667196608,2228,1545,3773,0.5333333333333333,Skenario 4 - Dominasi Express,975
0.025791959921898876,0.058224937262689326,0.34299516908212563,2344,1586,3930,0.5333333333333333,Skenario 4 - Dominasi Express,976
0.030630184857181362,0.08270706691495362,0.4392286221771124,2353,1588,3941,0.5333333333333333,Skenario 4 - Dominasi Express,977
0.02014843446254019,0.04466863015409127,0.2453473132372215,2238,1575,3813,0.5333333333333333,Skenario 4 - Dominasi Express,978
0.030964313908628135,0.07242711201632737,0.3882532418001526,2321,1611,3932,0.5333333333333333,Skenario 4 - Dominasi Express,979
0.026457907918010625,0.0631918150964834,0.3171056131949987,2229,1529,3758,0.5333333333333333,Skenario 4 - Dominasi Express,980
0.025316296999320673,0.049246267231935745,0.2892626131953428,2346,1517,3863,0.5333333333333333,Skenario 4 - Dominasi Express,981
0.024937078969745452,0.046082595122636065,0.2476017630282603,2294,1562,3856,0.5333333333333333,Skenario 4 - Dominasi Express,982
0.027413808646391678,0.06538689312733853,0.3303757828810021,2283,1548,3831,0.5333333333333333,Skenario 4 - Dominasi Express,983
0.027410555838354018,0.05242190294342155,0.27789203084832903,2368,1519,3887,0.5333333333333333,Skenario 4 - Dominasi Express,984
0.02387063370775325,0.0493268797357752,0.26242071881606766,2268,1513,3781,0.5333333333333333,Skenario 4 - Dominasi Express,985
0.028269071029149412,0.06303498333732017,0.331774486879709,2354,1495,3849,0.5333333333333333,Skenario 4 - Dominasi Express,986
0.027686041957331816,0.055508736939123456,0.30579784504874297,2348,1549,3897,0.5333333333333333,Skenario 4 - Dominasi Express,987
0.025220510514911847,0.0584260983055007,0.2930943595150237,2269,1522,3791,0.5333333333333333,Skenario 4 - Dominasi Express,988
0.0268651487781383,0.05505927161226654,0.32184503757450117,2312,1546,3858,0.5333333333333333,Skenario 4 - Dominasi Express,989
0.025981306493023614,0.05713474113700578,0.30204410973641743,2210,1507,3717,0.5333333333333333,Skenario 4 - Dominasi Express,990
0.026762793847947147,0.05907502295239208,0.3141874007411329,2301,1477,3778,0.5333333333333333,Skenario 4 - Dominasi Express,991
0.02613087717098443,0.0575459384275308,0.3323013415892673,2319,1557,3876,0.5333333333333333,Skenario 4 - Dominasi Express,992
0.028302636761414382,0.06271570785888637,0.343264897346019,2381,1612,3993,0.5333333333333333,Skenario 4 - Dominasi Express,993
0.027728136667856704,0.0658016134889626,0.361439588688946,2313,1576,3889,0.5333333333333333,Skenario 4 - Dominasi Express,994
0.02997404273821334,0.06389426687676315,0.36139256949857107,2290,1557,3847,0.5333333333333333,Skenario 4 - Dominasi Express,995
0.02831455297982161,0.056438398688825074,0.3022828653896615,2291,1519,3810,0.5333333333333333,Skenario 4 - Dominasi Express,996
0.030026553162052966,0.06750421164864849,0.3838487094301048,2391,1522,3913,0.5333333333333333,Skenario 4 - Dominasi Express,997
0.0255219004232826,0.04447289034313704,0.2568591586098772,2299,1527,3826,0.5333333333333333,Skenario 4 - Dominasi Express,998
0.03067741319019288,0.06902338719890781,0.37727509100364015,2315,1530,3845,0.5333333333333333,Skenario 4 - Dominasi Express,999
0.027419764003731688,0.05371056993756916,0.3077511473737889,2388,1531,3919,0.5333333333333333,Skenario 4 - Dominasi Express,1000
